rapid_accelerations,hard_brakes,sharp_turns,night_hours_driving,driver_safety_rating
5,8,3,1.2,36.6
11,1,9,2.2,24.9
7,14,4,1.1,10.0
9,4,6,3.3,29.8
4,9,8,3.8,17.9
7,6,0,4.7,41.0
1,14,0,6.1,28.9
10,13,5,0.8,10.0
7,9,5,7.0,10.0
6,14,3,5.6,10.0
6,9,7,0.9,20.3
9,3,4,3.0,37.9
8,6,2,3.0,37.0
9,10,4,5.6,10.0
8,12,9,1.2,10.0
1,14,9,0.5,10.6
2,0,9,0.2,65.5
2,7,5,6.9,34.6
8,9,5,5.0,10.0
9,3,0,0.2,54.5
10,2,7,7.5,16.6
3,2,1,0.9,78.6
10,9,0,6.0,13.8
4,11,1,6.8,22.0
10,7,6,5.2,10.0
11,14,2,0.6,10.0
10,12,2,4.5,10.0
1,14,8,3.6,10.0
6,10,9,6.1,10.0
0,13,6,2.2,22.5
2,2,8,5.6,49.8
4,1,6,1.6,59.8
8,7,0,5.7,26.3
4,6,3,2.1,49.1
5,11,3,7.9,10.0
7,11,5,7.4,10.0
4,11,8,4.1,10.0
6,3,6,5.6,36.0
8,5,2,6.5,27.0
5,9,7,5.5,10.7
11,7,5,6.5,10.0
3,7,5,2.5,38.6
8,1,5,1.0,48.3
2,2,5,1.0,65.0
2,7,6,5.2,36.7
10,10,8,3.8,10.0
11,12,5,6.5,10.0
9,8,7,0.5,13.6
1,2,8,4.4,57.5
10,1,4,1.3,44.6
5,4,9,5.6,23.5
10,2,4,2.6,35.7
10,7,7,1.9,12.4
1,12,4,0.1,39.0
10,5,2,4.1,26.4
1,13,4,4.8,20.6
2,9,4,5.6,31.5
2,11,2,7.9,25.0
1,4,2,4.5,62.6
1,3,0,5.2,72.7
5,14,5,4.7,10.0
7,0,2,5.5,57.2
9,10,6,7.4,10.0
9,1,2,7.7,42.5
3,4,6,4.6,44.3
11,3,0,4.7,39.9
3,13,9,6.6,10.0
10,1,5,0.1,44.8
5,4,2,1.5,55.4
4,3,7,1.4,52.6
3,0,0,0.6,86.2
10,3,9,2.9,15.4
4,5,6,6.0,32.0
8,0,1,4.8,53.9
4,11,8,2.1,11.8
6,14,7,7.1,10.0
0,3,4,2.5,70.8
2,10,7,4.2,20.1
5,14,2,0.3,22.3
5,7,9,6.7,10.0
10,1,1,7.8,35.2
0,8,2,7.1,43.2
11,9,0,3.3,21.1
1,5,4,1.3,62.0
3,7,1,2.4,50.7
2,14,5,7.3,10.0
7,10,5,7.8,10.0
4,11,7,0.5,22.7
4,8,0,1.1,55.3
11,13,5,6.6,10.0
5,2,6,1.4,57.4
5,10,1,3.1,29.3
10,8,0,0.3,33.8
10,5,8,1.7,16.2
3,11,0,1.4,39.4
9,7,3,6.5,15.1
10,6,9,0.5,14.5
1,14,6,4.8,12.0
9,0,9,4.7,29.2
3,5,6,7.6,34.3
5,12,1,0.8,29.8
11,2,9,5.1,13.5
6,4,1,6.1,45.6
3,1,2,0.1,83.4
8,13,3,5.2,10.0
7,2,5,0.9,49.1
6,7,8,5.0,16.3
11,13,2,2.3,10.0
6,5,6,0.9,39.8
0,11,5,3.6,35.4
8,10,7,5.0,10.0
6,4,5,2.5,45.2
8,11,1,4.2,14.1
8,2,8,3.0,31.1
7,5,4,7.5,19.1
6,8,8,4.8,10.0
1,1,0,2.6,83.6
11,4,6,1.7,26.7
5,10,6,4.6,12.4
9,7,7,7.8,10.0
6,5,7,3.8,29.4
10,4,2,7.3,27.7
0,7,1,4.2,57.5
0,1,2,6.4,77.6
1,4,6,4.7,51.4
3,0,2,4.7,70.7
8,9,5,3.4,11.9
6,8,1,5.5,29.7
7,7,5,4.0,23.0
2,3,5,6.8,50.6
6,13,2,7.4,10.0
7,0,3,3.9,62.0
3,12,9,2.1,11.5
1,12,4,3.6,25.9
11,1,7,5.6,22.6
8,3,8,4.0,23.5
3,6,6,3.2,40.3
7,14,4,0.2,10.0
0,6,1,1.5,69.7
11,8,6,6.7,10.0
11,12,8,6.1,10.0
9,4,6,0.7,31.8
1,10,6,0.8,33.7
4,2,0,7.5,56.7
7,9,6,6.4,10.0
5,9,5,3.2,23.7
5,14,8,7.8,10.0
3,2,8,7.8,34.8
9,12,3,8.0,10.0
9,3,3,3.0,36.7
2,11,7,4.3,16.6
10,13,2,5.2,10.0
8,1,3,6.5,45.4
0,1,9,1.6,63.8
3,13,8,2.6,10.0
9,14,1,2.9,10.0
10,2,6,6.7,21.9
4,2,9,3.8,42.3
8,3,0,4.6,50.3
4,0,6,6.3,53.3
4,6,2,5.1,45.4
5,4,3,7.3,41.1
4,0,2,1.2,82.0
0,4,3,3.8,70.1
6,3,7,3.1,38.0
0,7,4,6.5,39.6
0,6,0,3.9,65.9
0,8,9,7.4,22.2
7,1,2,2.2,57.5
3,9,9,2.0,21.2
10,11,9,4.7,10.0
10,7,3,0.4,29.7
4,7,1,5.3,41.8
4,11,4,6.1,15.9
1,0,4,2.1,79.5
1,9,6,2.9,36.4
10,9,8,5.3,10.0
2,5,4,4.5,50.3
3,8,8,5.0,20.6
5,14,3,4.5,10.0
6,13,2,4.0,11.6
11,9,1,0.2,22.1
2,8,6,3.0,35.3
2,14,9,4.8,10.0
10,0,2,6.4,40.9
6,3,9,6.9,20.6
0,6,3,2.9,58.3
0,14,3,5.6,15.4
3,10,4,0.7,35.5
0,3,9,2.9,55.8
7,7,7,1.3,19.7
10,8,8,3.8,10.0
9,8,9,5.1,10.0
5,13,6,7.5,10.0
5,1,7,6.8,37.4
4,14,6,1.3,10.0
8,1,4,6.1,43.6
8,6,5,4.6,23.2
2,3,7,6.6,42.1
10,7,6,3.8,10.0
2,11,0,1.6,44.7
6,7,9,0.6,22.1
2,10,2,2.1,43.2
5,12,6,1.6,10.1
7,10,4,4.9,10.0
4,8,9,5.2,12.7
8,14,5,3.5,10.0
4,11,8,3.6,10.0
0,11,2,6.9,32.9
6,10,2,1.2,30.2
11,2,1,0.9,51.5
9,1,1,0.6,61.2
10,6,4,3.8,19.1
9,13,8,6.2,10.0
8,2,4,5.4,38.7
4,0,5,0.7,70.3
7,9,4,4.0,17.1
0,13,1,0.3,46.0
8,6,6,1.0,26.6
10,9,6,1.7,10.0
0,9,6,3.4,39.0
10,10,7,2.9,10.0
10,4,5,5.4,21.9
4,4,8,6.1,30.4
3,11,2,7.3,19.7
9,5,3,4.9,27.4
2,3,3,2.1,67.9
10,7,2,4.1,20.8
7,7,9,5.1,10.0
6,3,6,1.5,44.6
7,13,7,3.3,10.0
10,0,3,2.6,50.4
6,12,1,5.2,15.1
1,7,4,0.7,52.9
9,5,3,6.6,22.4
8,3,1,0.8,55.5
4,10,8,6.7,10.0
1,2,4,1.1,76.4
3,0,1,6.2,66.5
1,14,5,6.9,10.0
6,4,5,4.6,37.7
3,1,5,7.2,49.8
5,9,5,2.3,26.5
3,4,0,2.7,66.2
4,1,0,3.0,74.7
1,12,3,7.7,20.8
10,10,5,0.6,10.0
5,7,3,0.1,44.6
2,8,3,0.4,52.9
1,2,6,3.9,61.2
4,3,5,1.8,53.2
3,11,4,3.9,22.8
8,13,2,4.3,10.0
3,14,7,3.9,10.0
0,0,4,3.6,76.5
6,0,3,3.1,60.7
9,0,2,2.6,50.8
0,14,7,2.6,16.4
4,7,4,1.7,40.6
11,10,6,3.2,10.0
4,0,7,4.4,56.9
5,2,1,7.5,52.1
2,13,3,5.8,21.2
5,5,7,7.3,24.9
11,11,1,1.7,10.0
11,1,8,2.0,28.6
7,9,7,2.4,18.1
2,10,9,7.7,10.0
2,3,8,4.2,48.7
9,5,3,6.6,21.7
9,12,7,6.5,10.0
1,7,1,7.1,45.4
8,12,3,1.6,14.1
3,13,6,4.1,12.8
11,13,6,4.7,10.0
10,12,5,4.1,10.0
5,3,5,6.8,33.3
0,14,0,7.5,24.6
4,3,4,1.8,57.0
4,0,1,0.5,81.2
11,12,3,5.9,10.0
3,13,9,4.1,10.0
5,9,6,7.5,13.5
6,9,0,5.7,29.6
1,12,1,2.5,40.2
11,5,3,4.2,23.0
8,10,3,7.2,10.0
11,1,3,6.8,28.0
2,3,8,3.7,47.8
4,13,5,1.8,16.8
7,13,9,0.9,10.0
9,4,3,1.4,42.3
2,1,2,3.5,74.3
10,13,8,5.7,10.0
11,6,4,1.4,22.9
10,8,7,5.5,10.0
0,8,0,2.4,61.9
9,6,3,5.0,22.0
8,5,7,3.9,20.3
7,11,1,7.0,13.0
8,2,7,7.4,24.6
10,8,8,3.1,10.0
3,7,4,3.0,41.6
6,13,8,4.9,10.0
8,13,6,2.3,10.0
2,5,4,4.7,51.1
0,10,7,3.3,31.0
8,2,4,3.8,42.0
4,0,9,6.3,43.2
0,9,2,0.9,56.1
11,5,3,1.2,29.7
6,2,6,0.9,49.4
7,1,9,5.0,32.4
1,4,0,6.9,65.0
2,4,1,7.2,57.0
11,2,4,4.2,29.0
9,7,4,5.2,15.2
11,8,6,5.5,10.0
9,3,7,3.7,25.6
4,8,7,5.2,21.5
10,1,6,2.8,35.8
11,9,6,5.0,10.0
3,3,3,4.0,60.1
9,2,3,1.3,50.4
10,6,2,6.8,17.2
0,4,2,2.1,72.9
9,2,4,0.8,46.1
9,7,7,6.6,10.0
11,3,6,6.9,15.5
9,2,9,0.4,32.0
10,6,4,7.5,10.0
1,8,6,0.6,47.7
7,8,0,1.7,38.0
1,3,6,0.1,65.5
6,8,8,0.1,23.1
9,8,7,0.7,11.9
1,14,6,7.1,10.0
3,13,4,0.5,25.3
9,4,1,6.0,33.3
11,3,3,4.6,30.4
7,6,1,6.3,34.7
6,1,3,6.7,48.6
4,2,2,3.4,65.4
9,13,4,1.2,10.0
7,14,3,0.0,10.0
2,1,1,7.1,68.6
9,9,3,4.4,13.0
6,14,5,4.1,10.0
11,12,6,5.9,10.0
7,4,1,2.6,50.8
1,8,4,7.9,30.1
9,9,3,4.5,10.0
3,3,0,0.6,76.3
7,10,5,1.4,15.3
8,0,4,2.4,53.1
1,11,6,1.2,33.2
2,0,1,7.3,74.1
1,6,9,3.7,37.1
4,3,3,3.3,58.4
8,0,3,6.0,47.3
10,2,9,6.6,12.5
4,3,9,2.1,43.2
10,0,3,0.4,53.3
6,10,2,1.1,26.9
8,14,9,6.9,10.0
0,6,1,3.3,63.9
10,13,3,1.8,10.0
2,10,9,7.9,10.0
3,10,8,1.7,17.9
4,8,8,6.4,12.5
6,3,6,8.0,27.5
10,4,9,1.1,20.0
8,12,7,5.4,10.0
7,7,6,6.7,13.4
8,11,0,7.4,10.0
7,2,9,2.4,37.8
6,0,3,0.6,67.1
5,1,6,0.3,58.4
6,7,6,2.9,25.3
10,1,5,1.2,47.5
0,10,0,2.9,50.9
3,11,5,7.2,10.2
4,7,0,1.9,55.7
4,8,6,4.7,22.4
7,11,4,7.8,10.0
4,10,2,3.0,33.6
4,14,2,1.7,20.1
4,0,7,7.6,44.1
11,5,8,4.6,10.0
7,4,5,0.4,43.5
7,3,2,1.0,55.4
6,11,4,4.6,10.5
6,2,1,3.9,58.1
8,11,1,3.6,14.1
6,7,4,4.4,29.8
7,2,1,2.9,53.5
5,5,2,6.7,38.0
0,13,0,7.6,32.9
2,13,7,2.5,13.4
0,6,8,5.4,40.8
4,12,9,3.0,10.0
8,7,3,1.3,36.6
9,10,3,1.7,18.1
10,10,9,1.9,10.0
11,0,9,3.9,25.7
9,6,0,2.1,37.2
11,13,8,4.1,10.0
5,7,0,0.0,53.6
11,5,1,2.5,29.8
2,11,0,3.1,43.9
8,7,5,5.0,18.8
7,2,7,0.4,46.9
5,2,5,7.4,41.2
6,8,5,2.5,24.4
0,8,6,4.0,43.0
7,13,8,5.6,10.0
8,11,4,2.9,10.0
8,0,9,5.0,35.3
1,11,1,3.9,41.0
4,5,1,3.8,55.1
11,11,2,1.5,10.0
5,1,2,3.1,61.6
4,9,7,1.7,26.2
10,2,5,6.3,28.1
6,11,2,1.1,27.6
6,14,3,0.3,14.6
6,11,5,3.1,10.9
7,1,5,0.1,55.3
2,13,5,2.9,20.2
6,8,1,6.2,28.7
2,0,5,6.4,63.4
10,8,8,3.0,10.0
0,11,7,5.0,20.4
3,9,5,5.0,24.0
8,13,5,3.5,10.0
4,6,7,4.3,31.4
5,6,9,5.0,20.4
0,6,5,3.5,55.0
3,12,0,7.6,22.8
7,9,3,6.9,14.6
3,2,2,5.6,59.5
5,0,9,4.5,47.0
9,8,8,5.5,10.0
4,13,4,6.6,10.0
0,11,4,0.9,43.7
2,2,4,0.9,72.3
1,13,7,3.0,17.7
6,1,8,7.5,30.0
10,13,5,1.1,10.0
4,11,1,4.1,26.4
6,12,4,1.8,14.4
9,8,7,1.2,14.0
8,4,9,7.0,14.3
5,5,5,5.5,34.4
4,8,9,5.2,15.4
11,0,2,4.6,43.1
8,7,3,5.8,18.6
0,2,5,6.1,59.0
4,2,1,3.0,66.7
9,3,1,3.1,47.6
9,2,3,1.6,46.2
10,0,2,6.9,40.4
3,6,0,1.1,64.5
5,1,4,4.4,55.1
5,0,0,0.2,83.0
11,9,8,4.1,10.0
10,5,3,6.9,16.9
10,5,5,7.4,11.2
10,5,7,6.7,10.0
0,10,8,6.1,21.1
10,12,0,1.3,15.1
8,12,2,4.8,10.0
0,10,0,1.0,54.1
4,13,3,0.6,21.2
3,12,6,0.1,25.0
5,13,5,1.8,15.6
9,1,3,5.9,38.6
8,4,3,3.8,36.7
11,9,6,1.3,10.0
11,2,9,2.0,25.5
11,10,7,2.1,10.0
7,12,1,6.6,10.0
2,6,2,2.2,58.7
8,6,9,1.7,17.8
10,8,5,3.4,13.5
5,3,0,7.1,53.7
2,4,5,6.0,46.7
6,10,0,5.4,24.3
2,10,8,7.4,10.0
11,10,3,6.4,10.0
9,11,7,2.7,10.0
2,3,1,0.4,77.7
3,0,5,0.8,68.8
10,3,6,3.0,26.7
6,2,3,2.8,55.0
10,12,3,6.7,10.0
5,3,5,7.9,37.6
10,2,3,7.7,27.3
7,4,8,5.3,23.9
2,14,8,3.2,10.0
1,11,9,3.0,17.7
1,3,4,0.2,73.6
4,9,2,7.0,25.8
10,13,1,7.2,10.0
11,11,5,1.6,10.0
0,11,3,2.8,39.6
3,8,3,5.0,35.5
8,13,8,2.4,10.0
0,10,9,2.8,26.9
0,9,4,3.7,43.6
11,3,2,2.9,35.1
4,2,9,0.9,47.5
0,14,3,5.8,19.3
6,11,5,1.3,18.1
11,8,4,6.9,10.0
2,8,9,2.6,32.0
5,10,9,2.0,12.2
10,6,7,5.7,10.0
11,4,9,6.2,10.0
10,7,8,2.5,10.0
10,6,2,7.2,17.6
6,6,5,5.3,24.4
8,11,1,1.0,23.4
3,12,8,1.2,16.2
0,6,5,1.8,54.9
9,2,0,6.3,41.9
7,1,7,7.5,34.9
9,9,3,6.2,10.0
0,11,8,0.2,29.7
8,11,6,1.2,10.0
3,1,1,4.2,70.2
11,0,3,4.6,39.7
8,13,8,6.7,10.0
4,11,4,2.9,23.3
8,2,6,6.9,31.3
4,3,1,1.3,69.6
11,14,7,1.6,10.0
4,10,8,2.3,16.1
4,9,0,2.0,46.6
2,14,6,6.3,10.0
11,3,7,2.7,21.8
3,8,6,0.9,38.6
0,10,1,4.1,48.1
6,6,7,1.0,29.8
7,14,8,6.6,10.0
3,8,4,2.7,38.9
10,6,2,4.0,24.1
11,10,4,7.1,10.0
10,6,3,3.2,24.7
11,6,5,0.8,17.4
10,4,9,6.9,10.0
3,13,5,1.1,16.0
8,8,9,6.0,10.0
0,5,3,3.5,61.8
10,0,6,6.2,29.6
3,5,2,0.8,57.5
7,8,5,5.9,11.6
3,6,4,4.9,42.1
8,0,1,1.8,64.4
8,8,4,3.5,19.3
5,1,4,6.9,49.1
2,14,7,4.3,10.0
1,11,2,1.1,43.5
7,6,2,6.0,36.4
4,6,1,1.0,58.5
10,0,1,2.8,53.5
10,5,1,0.8,35.8
3,14,3,3.2,16.1
10,4,4,6.9,20.6
4,2,0,6.2,64.8
9,13,9,7.3,10.0
3,1,1,4.3,71.8
5,14,1,5.2,10.0
9,5,5,5.1,22.3
7,11,2,0.4,24.6
3,9,5,4.8,25.3
8,5,3,3.8,31.6
4,1,9,2.9,47.4
3,5,6,1.3,49.2
1,14,3,1.0,31.9
6,5,4,4.1,37.5
3,4,9,1.3,41.5
6,3,4,6.0,39.6
8,12,4,6.2,10.0
11,12,8,2.3,10.0
7,3,8,4.9,24.6
8,9,9,0.5,10.0
3,6,3,7.3,37.5
10,7,5,5.0,14.6
9,9,9,2.8,10.0
2,1,4,4.4,62.2
10,4,1,2.8,41.8
11,11,2,0.6,10.0
1,7,7,2.1,40.0
1,1,7,0.1,70.7
7,10,3,6.2,14.1
8,12,4,7.7,10.0
5,8,7,2.4,23.0
3,14,7,5.7,10.0
10,1,4,4.2,41.9
4,12,2,0.2,32.1
11,3,7,7.8,10.0
4,3,4,7.7,43.5
4,14,1,7.1,10.0
0,0,0,2.5,90.8
9,9,0,1.1,28.5
3,0,6,2.5,64.2
1,3,2,5.9,66.2
5,9,7,3.8,17.2
10,2,8,7.3,14.4
8,7,3,0.2,34.7
0,10,6,7.7,22.1
1,10,5,7.7,19.4
2,8,0,6.3,45.3
9,13,7,4.1,10.0
8,1,7,2.9,46.2
10,13,5,7.6,10.0
4,10,8,5.5,10.0
4,5,7,6.1,30.9
5,7,2,6.5,34.2
11,5,5,6.9,10.0
4,0,4,4.0,62.5
0,6,4,7.7,46.0
8,1,7,2.4,38.8
10,11,5,6.3,10.0
3,5,5,1.0,54.7
9,2,8,2.9,30.2
4,2,6,3.6,52.7
6,0,2,4.4,63.2
3,7,5,0.6,47.2
2,13,8,3.2,10.0
10,6,8,2.5,10.0
11,0,6,3.7,34.7
8,13,8,5.8,10.0
5,14,5,1.2,10.0
5,10,0,5.5,29.3
2,13,7,2.9,11.7
7,11,6,2.5,10.0
5,0,6,3.2,54.5
10,8,1,6.8,13.1
5,10,1,0.5,39.9
4,6,6,4.6,30.7
0,8,3,5.9,41.3
8,10,6,5.0,10.0
3,10,4,4.3,25.3
10,9,2,5.0,12.8
11,8,8,2.8,10.0
1,2,3,3.4,69.4
11,8,8,3.1,10.0
8,7,0,4.6,32.0
11,5,8,7.1,10.0
7,4,5,3.8,33.2
11,4,6,3.2,20.8
8,14,7,5.4,10.0
10,4,1,1.6,40.6
4,9,6,7.1,16.6
10,1,2,6.1,41.8
5,12,5,2.8,14.4
0,11,6,1.7,32.7
0,13,4,5.1,22.5
0,0,2,7.7,76.0
4,1,3,7.0,55.5
10,2,7,0.6,32.5
5,13,9,2.2,10.0
2,8,6,5.5,29.1
2,10,7,4.3,19.7
8,6,4,1.6,28.8
9,3,6,6.9,20.0
5,14,6,7.7,10.0
11,9,7,3.1,10.0
7,10,1,4.7,19.7
11,4,1,2.8,33.1
0,1,5,1.7,77.8
0,2,1,7.2,69.0
8,6,1,3.4,37.2
9,1,9,0.2,38.4
8,2,1,2.6,57.0
0,12,1,3.2,42.9
9,5,8,1.4,20.8
1,4,3,5.9,56.8
3,10,3,1.4,37.9
9,10,7,6.9,10.0
8,1,3,4.9,45.2
4,2,7,6.3,36.9
6,14,1,5.5,10.0
2,4,5,6.1,43.4
1,7,4,3.3,48.0
10,10,7,4.7,10.0
6,1,9,3.1,37.4
8,9,3,5.8,13.9
5,13,3,2.5,15.5
3,2,4,2.7,63.6
8,3,6,6.6,19.6
9,0,5,1.4,51.2
5,7,2,3.2,42.3
3,4,0,4.6,59.1
3,1,7,1.1,62.6
4,9,5,4.9,25.5
8,11,6,3.0,10.0
7,3,2,1.7,55.2
0,9,1,0.5,60.5
2,10,0,4.5,40.2
2,10,7,7.8,12.0
9,4,5,6.2,23.5
2,0,3,3.2,76.4
2,3,0,1.5,78.9
11,1,9,6.0,13.1
2,14,7,6.9,10.0
11,5,4,2.8,26.7
1,6,6,0.5,58.0
2,7,6,5.0,33.5
4,5,1,0.7,61.0
9,12,1,1.4,12.3
6,4,1,0.0,62.5
3,8,4,2.1,40.4
9,11,1,6.1,10.0
0,14,2,6.6,24.0
6,2,3,7.6,45.0
0,2,3,6.6,67.4
9,3,1,1.7,45.0
6,4,7,4.2,32.5
1,4,3,4.7,58.4
10,4,9,1.0,17.5
2,9,7,3.5,28.0
6,7,7,2.4,23.5
1,10,3,6.0,36.4
4,9,2,0.6,38.6
11,0,9,2.2,28.8
1,5,8,0.8,50.8
0,2,2,3.7,79.5
10,3,2,1.5,44.5
10,4,2,0.8,36.0
6,8,9,5.3,10.0
7,7,0,6.8,31.8
0,3,6,1.6,67.1
5,14,4,1.0,17.9
9,7,6,5.3,10.0
6,6,4,0.3,41.4
4,9,7,1.9,26.1
1,1,5,2.4,70.9
4,4,6,7.4,33.1
7,7,9,2.8,20.4
0,3,9,4.3,49.9
5,10,0,6.2,26.0
5,4,6,6.8,33.5
9,10,4,0.8,13.1
6,13,3,6.0,10.0
2,13,6,6.0,10.0
1,0,4,7.0,66.6
5,7,3,6.1,28.2
10,4,3,1.0,36.3
3,3,9,2.4,45.0
9,2,0,3.4,46.7
10,7,9,0.9,10.0
4,4,4,1.0,57.5
3,10,0,6.3,34.3
1,14,2,1.4,31.4
2,6,9,7.2,26.9
4,8,8,1.7,27.6
2,8,4,3.9,37.9
1,8,7,1.7,39.1
8,3,6,7.5,25.6
6,8,4,4.3,24.5
7,6,9,4.5,15.4
7,8,4,7.0,15.2
8,13,1,1.2,10.0
9,14,5,0.7,10.0
4,6,4,7.8,28.9
11,4,2,7.3,19.1
2,13,8,2.0,11.5
7,9,5,4.7,12.3
10,4,6,5.5,15.8
0,6,6,7.4,39.3
3,3,7,1.7,51.8
1,11,4,6.3,24.9
1,5,3,1.4,64.9
0,7,2,4.5,58.2
9,0,9,1.6,39.4
3,11,5,2.4,25.2
3,14,2,4.3,17.3
1,2,4,2.6,67.7
1,2,1,8.0,65.0
11,10,8,5.2,10.0
8,4,6,6.7,24.2
5,1,6,1.6,57.0
9,14,1,1.0,10.0
9,9,6,2.2,10.0
10,13,3,6.5,10.0
6,1,5,1.6,55.2
6,4,9,2.0,25.6
5,12,3,5.9,10.0
9,2,3,6.4,41.9
3,0,5,4.4,61.4
5,5,0,1.2,59.8
9,12,6,6.7,10.0
9,3,9,4.7,17.6
8,13,0,7.5,10.0
10,14,0,1.7,10.0
8,6,9,1.2,17.2
7,6,2,1.8,40.2
3,8,3,1.5,42.1
0,13,2,6.4,25.8
7,11,6,0.8,10.7
5,3,1,6.5,54.4
7,11,8,5.2,10.0
11,1,4,7.3,26.5
2,8,1,3.7,49.3
1,12,7,2.2,21.0
0,9,8,7.2,19.9
1,4,4,0.1,69.6
2,12,5,7.3,12.4
1,8,0,5.0,47.5
5,6,9,1.3,31.8
2,5,9,2.3,37.8
2,1,1,4.7,69.2
0,2,2,0.8,87.1
10,11,4,0.5,10.0
10,10,3,4.2,10.0
9,3,4,0.3,41.8
7,14,5,6.2,10.0
4,3,9,5.6,34.3
3,14,9,7.4,10.0
1,6,7,6.6,35.6
1,10,9,0.5,25.9
2,7,8,1.6,33.8
6,12,9,1.6,10.0
9,6,4,3.5,24.2
7,5,9,4.4,19.6
8,9,9,3.7,10.0
0,11,3,1.8,38.7
0,5,3,7.3,52.7
11,1,7,0.3,36.7
10,7,6,0.2,15.2
5,0,0,6.1,69.9
7,9,3,2.3,25.9
4,7,9,5.9,18.5
3,7,6,2.4,34.6
11,8,6,4.5,10.0
8,11,2,6.9,10.0
1,4,2,1.5,72.7
2,4,2,5.7,54.0
1,13,9,6.5,10.0
6,12,8,7.8,10.0
6,5,1,1.5,51.9
9,8,8,4.0,10.0
11,7,8,2.4,10.0
3,1,8,3.5,56.7
8,11,6,0.5,10.5
6,4,0,7.2,47.4
10,11,3,2.6,10.0
2,3,6,7.9,41.8
3,3,8,3.5,46.7
11,0,5,2.8,42.6
0,9,7,4.0,34.6
9,6,6,1.1,23.4
7,4,2,6.8,37.5
0,9,0,6.5,43.5
10,12,7,6.6,10.0
2,8,6,3.3,33.5
9,10,2,2.9,16.7
9,0,3,7.7,38.7
7,9,0,4.5,29.0
6,12,7,7.1,10.0
6,9,5,2.1,21.9
7,6,4,4.4,25.0
7,5,5,5.4,26.6
2,1,0,0.8,85.9
11,8,2,7.1,10.0
11,9,0,3.5,19.7
0,7,4,6.4,42.7
11,8,6,6.4,10.0
5,1,9,5.5,36.3
4,2,9,3.0,44.4
5,5,0,4.5,50.8
2,5,7,6.4,37.4
11,3,7,0.8,25.5
1,10,5,6.5,27.0
2,4,1,2.3,68.0
0,14,4,3.0,25.6
9,8,7,2.3,10.0
3,11,4,7.9,15.3
3,9,5,5.7,25.4
4,13,1,8.0,11.6
0,0,2,0.8,90.2
7,4,8,7.7,16.2
2,2,1,1.8,77.8
5,5,6,0.1,44.8
11,1,4,1.7,40.7
9,4,4,1.5,38.0
3,14,1,6.0,17.1
3,8,1,5.4,41.5
0,4,3,2.8,69.1
4,3,5,1.5,56.2
7,3,2,2.9,54.5
7,9,8,7.7,10.0
2,12,2,2.4,32.9
2,9,0,5.5,43.3
9,8,0,2.7,31.4
11,12,0,6.4,10.0
0,8,9,4.6,31.7
9,8,6,5.3,10.0
8,5,5,0.3,36.7
6,14,9,5.9,10.0
7,14,5,2.2,10.0
0,12,4,5.2,25.5
3,0,7,3.4,57.7
5,3,8,2.6,38.8
3,9,1,2.8,43.6
2,1,3,0.9,76.8
2,9,1,1.1,51.7
3,9,4,0.9,41.0
6,6,6,5.4,19.4
0,7,5,2.2,49.5
0,11,4,7.7,23.8
10,12,3,6.6,10.0
5,12,9,2.8,10.0
4,7,1,4.1,44.1
3,8,1,6.3,38.6
11,8,0,1.2,24.5
3,14,5,1.5,14.8
2,3,7,3.0,49.9
6,10,4,4.2,16.3
3,12,1,1.0,38.9
1,8,6,3.7,36.2
5,3,2,1.6,61.8
10,5,5,7.0,14.4
2,13,1,7.5,20.6
3,12,5,5.9,14.9
10,7,7,1.1,11.7
0,3,7,5.5,52.4
6,6,2,4.3,37.7
9,4,2,6.8,31.9
4,7,3,3.1,40.4
9,11,5,7.8,10.0
9,6,9,6.4,10.0
3,9,6,1.6,32.6
10,13,1,5.4,10.0
1,10,0,4.1,47.6
5,7,9,5.9,10.0
4,7,3,3.0,42.4
7,7,5,0.1,35.5
9,6,6,3.1,18.1
10,10,5,5.3,10.0
1,12,6,1.1,29.8
6,3,7,7.5,26.0
0,13,2,2.7,35.9
1,6,4,4.7,48.3
0,12,7,0.9,28.6
9,14,4,0.2,10.0
4,3,8,4.2,38.7
9,9,7,3.8,10.0
0,12,8,8.0,10.0
0,11,2,6.6,36.8
11,3,7,5.6,10.0
6,6,8,5.1,16.7
7,6,3,7.6,25.7
2,2,2,7.1,58.9
0,0,2,0.8,91.9
7,8,1,2.5,34.8
6,14,0,1.7,20.0
11,0,4,5.4,35.6
8,5,1,6.8,29.2
4,1,6,7.6,42.9
4,5,8,8.0,17.8
7,11,5,6.9,10.0
7,0,6,2.7,50.6
1,14,0,1.6,34.6
3,12,5,2.2,19.7
3,1,0,5.6,67.1
1,12,3,5.2,22.0
7,9,0,6.7,23.3
9,13,4,2.1,10.0
1,4,4,4.5,62.7
2,0,1,7.3,71.0
8,1,7,0.6,46.4
9,3,3,2.9,38.8
3,9,1,0.6,50.1
3,6,3,6.0,38.2
10,8,4,0.4,22.4
10,10,1,7.6,10.0
2,3,4,6.7,53.3
6,13,0,0.5,24.8
8,0,5,6.5,41.6
2,1,6,0.9,69.6
9,0,1,5.6,49.1
7,9,5,5.6,10.0
7,9,5,7.7,10.0
10,11,5,3.7,10.0
7,14,9,6.0,10.0
0,6,9,4.5,36.0
10,9,9,7.8,10.0
4,10,2,4.0,31.5
11,0,8,7.5,19.7
9,8,1,3.3,24.8
9,6,5,1.5,23.0
2,9,7,3.0,30.3
8,9,4,3.6,14.2
6,3,7,5.3,30.8
3,3,2,4.9,58.3
0,1,5,1.5,75.3
10,7,9,1.0,10.0
5,12,7,4.2,10.0
0,5,8,0.5,57.6
3,1,6,4.9,56.5
3,5,5,4.9,43.9
7,5,6,1.6,35.5
8,14,6,7.6,10.0
6,7,2,4.6,36.8
2,10,1,8.0,32.6
11,8,0,0.3,27.1
0,7,3,6.1,48.4
8,12,7,2.1,10.0
9,4,0,4.1,41.2
11,12,9,0.8,10.0
1,8,9,1.2,34.0
11,3,0,2.5,42.7
10,12,3,6.2,10.0
6,5,3,6.6,35.2
6,2,1,1.4,65.0
7,9,0,1.0,36.2
1,12,5,7.6,13.7
1,8,0,5.8,49.4
2,8,7,1.1,37.9
4,14,4,0.6,15.7
9,5,8,3.1,19.7
10,10,8,0.9,10.0
5,6,7,5.7,21.7
2,12,6,1.5,29.5
2,7,0,3.9,53.0
5,3,4,2.9,48.0
11,0,1,5.0,45.1
10,8,4,7.4,10.0
10,2,6,3.4,30.4
0,13,9,3.8,13.0
1,4,1,6.9,60.1
2,2,6,5.1,53.6
6,3,1,0.4,61.6
0,8,6,0.2,49.0
6,9,7,7.5,10.0
2,1,3,1.6,73.1
5,1,6,7.3,44.0
1,2,7,3.5,61.3
10,3,8,3.7,20.4
1,1,7,7.9,52.4
7,8,5,4.1,19.9
1,4,0,7.8,59.9
0,2,8,5.1,56.3
10,3,6,6.2,18.2
3,11,6,0.5,29.5
3,1,0,0.1,86.7
5,9,6,5.8,12.1
5,0,4,4.1,61.5
11,11,1,6.4,10.0
9,4,4,1.4,33.9
9,11,2,6.5,10.0
7,5,2,5.3,38.5
0,14,1,2.0,36.4
4,10,5,7.3,12.6
7,10,6,7.8,10.0
7,11,8,3.7,10.0
5,1,3,3.6,63.1
5,9,6,4.6,16.3
3,1,7,5.7,48.3
0,14,4,5.6,18.8
5,5,0,4.3,52.9
8,9,3,7.3,10.0
7,9,9,1.3,10.0
0,5,5,1.6,60.6
6,0,7,5.8,38.8
8,6,6,5.9,17.0
6,12,3,3.1,15.9
0,11,4,2.4,38.9
10,10,1,0.4,21.0
9,2,1,3.1,51.1
2,13,7,2.0,16.0
1,4,3,6.7,57.0
7,7,5,3.9,24.6
7,5,7,4.5,26.1
9,7,0,5.9,24.7
6,11,2,2.4,24.2
10,0,5,7.1,30.7
1,10,2,3.2,41.5
2,7,5,0.9,44.1
8,2,9,6.9,20.1
0,7,7,7.4,32.0
2,8,4,1.7,46.7
4,14,3,5.2,10.0
8,12,2,5.5,10.0
1,2,2,2.0,80.2
8,3,3,3.4,41.4
10,3,5,3.2,29.7
1,10,4,5.0,32.1
3,1,0,3.9,75.4
5,8,3,5.4,28.4
3,11,9,0.7,16.2
7,8,3,2.3,26.8
11,12,0,0.4,10.0
1,10,0,4.4,46.5
1,10,3,3.4,38.5
2,9,3,7.7,30.5
0,6,3,2.4,56.1
8,13,3,2.2,10.0
8,10,1,2.8,23.7
7,6,6,3.8,20.9
9,14,3,4.9,10.0
7,9,9,2.9,10.0
6,7,2,5.4,32.8
1,2,9,5.8,47.6
4,1,3,5.9,57.0
8,12,2,6.8,10.0
6,13,8,1.2,10.0
5,3,4,6.0,43.9
3,0,9,2.4,55.3
8,6,5,5.8,19.2
4,7,9,0.2,29.9
6,12,1,1.7,22.9
6,5,3,3.9,39.4
1,12,6,4.7,23.9
7,11,8,7.6,10.0
3,11,9,2.0,17.1
5,10,7,4.2,11.0
8,12,7,3.9,10.0
4,9,2,5.5,28.9
7,0,7,1.9,53.5
4,6,8,7.4,21.7
6,9,5,8.0,10.0
0,13,9,7.1,10.0
7,1,8,5.6,32.9
8,2,5,5.4,37.9
3,10,7,6.0,13.0
10,4,7,4.5,17.1
0,5,8,1.9,48.5
8,9,6,7.1,10.0
10,9,6,5.3,10.0
11,10,3,0.6,11.4
4,5,3,4.0,48.4
9,12,3,3.6,10.0
10,6,6,0.8,22.0
2,5,3,2.9,55.9
11,12,8,1.7,10.0
0,7,1,0.4,68.6
10,8,7,0.2,10.4
1,13,1,2.2,34.4
7,11,8,0.7,10.0
5,6,9,6.7,16.0
8,10,8,7.8,10.0
3,6,5,3.7,41.9
3,2,4,4.7,54.9
2,1,3,7.6,57.9
9,11,8,6.0,10.0
6,6,6,4.1,23.7
10,9,7,3.4,10.0
0,6,2,6.0,53.8
0,10,3,2.6,47.1
9,3,9,6.0,15.0
3,6,0,0.6,66.0
11,6,1,4.1,26.3
2,10,0,1.4,48.7
0,13,1,5.9,29.1
7,6,7,7.8,15.5
3,8,2,5.2,39.3
2,10,5,5.8,25.6
0,12,7,1.3,27.7
2,0,3,4.4,74.5
2,8,9,6.2,17.8
1,3,6,6.9,47.0
0,3,0,7.8,68.4
4,3,3,6.0,48.5
0,4,2,4.6,63.9
2,13,8,6.5,10.0
11,11,0,2.1,15.1
4,0,8,7.0,46.9
0,3,0,6.3,72.6
7,11,3,1.3,15.5
0,5,4,6.8,54.6
8,3,7,6.6,21.5
7,4,3,7.4,31.5
4,0,6,7.2,48.8
1,9,6,2.6,36.2
9,8,6,4.1,10.0
8,6,5,6.4,17.0
5,7,6,6.2,23.2
2,7,5,6.5,38.1
2,9,1,1.9,45.3
0,7,9,6.3,29.6
2,10,7,0.8,32.1
8,3,5,3.9,33.1
5,7,2,0.4,48.4
2,8,1,3.6,48.4
0,2,3,2.0,77.2
0,11,7,4.2,26.0
5,6,1,5.7,40.0
11,10,5,0.2,10.0
10,14,7,2.1,10.0
9,6,6,1.2,21.4
7,5,6,1.5,32.4
11,1,9,4.7,24.2
9,2,0,0.5,58.5
5,6,9,5.6,15.3
0,10,1,1.9,52.8
1,9,7,7.7,23.4
1,7,6,7.5,32.2
6,10,6,5.9,10.0
11,14,3,6.3,10.0
10,11,8,5.8,10.0
10,11,5,5.8,10.0
5,13,6,1.4,14.3
3,10,0,7.4,28.5
1,12,9,6.4,10.0
9,6,8,4.6,11.4
1,7,4,1.3,52.9
1,2,9,6.2,44.3
5,6,8,7.3,17.5
5,11,8,3.8,10.0
6,5,8,0.7,37.2
1,2,9,7.7,46.4
10,2,3,1.4,47.2
8,3,6,6.4,27.3
2,10,1,7.9,27.1
10,0,7,2.3,38.3
10,5,7,0.8,26.2
8,10,3,6.5,10.0
10,12,9,0.6,10.0
5,9,9,4.2,10.6
6,3,3,5.8,43.4
8,9,4,5.1,10.0
1,9,7,4.5,28.9
9,11,5,2.0,10.0
7,1,5,2.5,51.6
2,8,2,2.9,47.0
1,13,4,5.2,20.4
11,4,8,5.4,10.0
7,3,9,1.4,34.8
10,13,2,0.2,10.0
0,10,0,0.6,54.7
11,3,7,5.5,16.4
1,11,7,0.8,26.6
3,3,8,2.5,49.5
7,14,7,4.4,10.0
4,12,6,4.4,10.0
0,4,8,4.3,48.5
11,2,4,7.4,25.0
9,6,3,3.5,26.1
11,5,4,1.3,25.4
8,0,1,0.4,67.9
5,3,4,4.1,51.1
1,4,0,4.8,70.1
6,2,0,4.6,62.0
0,0,6,1.5,78.3
0,3,4,0.3,77.1
8,10,9,7.0,10.0
2,14,6,3.6,12.5
7,10,9,0.8,10.0
4,5,0,5.3,47.7
1,10,3,5.2,33.6
1,4,2,4.9,62.1
4,6,5,1.9,41.8
11,9,0,6.8,12.6
1,3,0,0.7,81.1
2,1,2,0.9,79.2
9,8,7,3.1,10.0
8,13,1,7.2,10.0
5,5,8,6.6,21.9
11,13,3,7.3,10.0
8,4,2,5.6,35.9
6,0,4,5.0,59.2
0,4,2,6.3,58.5
11,11,7,1.6,10.0
1,13,0,0.9,40.0
8,14,3,7.4,10.0
11,7,6,6.7,10.0
2,12,5,3.4,26.4
7,9,7,6.2,10.0
6,14,6,4.1,10.0
10,2,1,0.1,53.5
5,4,9,0.1,39.9
9,11,3,3.8,10.0
7,2,4,4.7,43.3
7,14,5,6.6,10.0
9,11,0,4.7,11.6
7,9,2,4.7,23.6
0,7,7,8.0,30.3
6,11,8,0.0,10.0
10,5,0,2.8,39.2
7,9,1,7.4,20.0
1,13,2,3.1,30.7
3,6,9,1.9,30.3
11,10,1,3.5,10.0
11,2,3,6.1,26.9
5,2,2,6.1,52.0
3,3,0,2.7,68.5
10,10,6,0.9,10.0
1,8,7,7.7,21.2
1,11,1,1.8,43.6
1,14,2,7.4,18.7
1,6,6,3.2,46.8
6,3,6,7.9,28.9
8,14,5,2.0,10.0
9,9,4,5.4,10.0
11,12,1,6.6,10.0
8,2,5,3.2,40.4
5,7,4,1.2,40.6
9,9,9,0.8,10.0
2,3,5,1.8,59.9
10,10,5,0.4,10.0
10,6,6,6.9,10.0
11,2,7,5.6,19.1
6,12,8,5.2,10.0
10,12,7,5.6,10.0
7,7,3,5.1,28.1
11,1,6,0.3,38.5
8,3,4,4.6,29.7
3,5,1,3.3,60.0
4,14,8,1.3,10.0
0,5,9,5.3,43.0
4,14,2,3.4,13.5
9,3,6,2.1,33.0
6,13,1,5.9,11.0
10,4,8,0.5,25.9
11,14,2,2.9,10.0
1,5,1,2.2,66.5
10,8,2,1.0,23.8
4,7,2,1.0,51.1
8,11,7,1.7,10.0
11,10,5,0.2,10.0
2,4,8,4.8,44.9
1,6,7,4.1,43.5
4,1,3,6.9,55.6
10,9,2,6.4,10.0
8,13,7,7.8,10.0
9,11,0,0.2,22.4
3,0,6,4.0,60.2
0,8,0,1.3,68.4
5,9,4,3.8,23.5
8,0,4,1.5,55.5
3,14,5,0.6,17.0
8,1,8,6.6,25.4
10,2,2,3.5,39.9
6,10,0,5.5,26.6
0,7,6,0.9,55.4
5,5,1,4.6,48.9
1,5,9,6.6,35.2
7,6,1,7.1,31.1
6,8,5,2.4,24.7
6,11,3,7.3,10.0
3,3,1,3.9,66.4
0,7,1,2.0,70.9
6,3,2,4.4,49.1
4,14,6,5.5,10.0
4,12,1,0.7,35.1
8,10,4,5.5,10.0
2,12,6,6.1,12.1
4,12,8,3.4,10.0
9,3,8,7.2,12.5
10,6,2,1.8,32.2
1,12,9,1.5,16.1
10,14,3,5.0,10.0
4,14,6,3.7,10.0
4,3,1,3.3,64.5
1,6,0,5.0,64.2
8,3,0,2.9,52.5
2,6,4,7.7,39.4
11,5,6,7.2,10.0
0,6,6,2.5,49.1
10,0,5,1.5,44.3
3,10,4,1.4,34.7
3,11,4,6.2,18.1
4,12,1,4.8,24.5
2,7,5,4.3,37.9
7,0,6,5.2,40.2
6,3,6,5.9,36.0
0,8,7,1.8,41.8
0,9,7,7.8,25.1
7,5,0,2.8,46.6
4,11,8,0.6,15.2
1,2,7,6.7,49.8
11,0,4,4.2,41.9
7,5,1,0.1,56.6
7,10,8,4.9,10.0
6,13,0,5.0,17.4
6,0,6,5.4,48.0
9,14,3,4.8,10.0
1,2,2,2.1,75.1
9,13,4,8.0,10.0
3,12,6,3.7,15.0
8,7,6,3.1,17.6
10,4,8,0.0,24.2
10,12,8,4.6,10.0
8,3,1,3.9,51.2
1,9,5,7.6,28.3
9,2,0,2.6,52.3
1,13,7,5.4,12.6
1,11,0,5.0,42.4
4,9,3,6.3,25.6
7,9,4,6.4,12.8
2,9,3,0.0,47.0
8,5,0,6.9,32.2
0,14,4,0.9,33.6
4,3,5,0.4,57.8
7,6,8,6.5,11.7
1,7,4,0.7,57.3
5,14,9,0.4,10.0
2,12,0,1.9,42.0
8,7,3,4.2,27.9
6,5,4,7.0,29.2
10,4,7,7.3,11.1
8,13,7,3.6,10.0
5,6,3,4.7,36.3
8,8,8,7.4,10.0
1,9,3,6.2,36.6
9,7,8,5.0,10.0
1,4,0,2.0,73.8
3,11,4,3.8,26.7
4,2,9,6.9,37.0
9,12,2,2.5,10.0
8,10,4,1.2,16.2
1,6,9,1.2,44.0
7,14,4,6.2,10.0
4,6,4,1.3,43.9
8,7,0,0.4,41.7
4,11,9,6.8,10.0
11,9,3,7.5,10.0
1,10,0,7.9,39.7
7,5,4,2.9,38.1
0,10,4,7.3,26.4
2,6,8,1.2,42.6
3,11,4,7.9,13.2
9,1,8,0.1,34.3
6,12,3,2.8,11.4
11,12,7,6.0,10.0
2,13,5,4.8,10.4
0,9,8,3.2,31.1
3,1,9,0.6,53.0
7,13,6,7.6,10.0
1,11,8,6.8,10.0
6,12,0,0.6,28.3
1,13,9,6.0,10.0
0,12,4,1.3,35.2
8,5,2,7.7,28.8
9,0,7,0.5,47.2
2,13,8,1.5,11.7
11,6,6,6.2,10.0
5,5,4,0.1,50.1
1,2,7,7.0,49.3
8,7,3,2.1,29.9
1,0,8,6.9,53.2
4,3,1,3.8,56.9
4,7,1,0.5,51.0
9,8,9,4.3,10.0
5,1,6,5.8,45.1
11,13,5,4.3,10.0
4,5,7,7.2,24.6
7,7,6,6.0,14.4
10,13,9,1.0,10.0
10,10,6,0.4,10.0
8,13,8,2.9,10.0
8,2,5,5.6,35.0
6,7,0,6.9,33.3
1,11,7,6.9,13.4
2,7,6,0.5,47.5
4,11,0,6.4,28.5
1,2,1,2.3,79.3
7,3,3,7.3,35.9
3,2,2,4.0,66.4
6,2,7,1.2,48.1
4,4,0,7.9,47.7
8,6,9,1.6,18.4
9,1,0,2.2,60.2
2,2,1,4.2,76.0
3,8,2,0.2,49.4
5,13,0,6.6,13.7
10,2,1,3.6,41.8
6,5,1,2.8,50.8
7,5,4,3.5,37.8
7,4,8,7.8,17.7
0,14,1,3.9,29.4
5,5,7,6.0,24.2
11,14,4,0.1,10.0
0,10,4,6.0,32.8
0,10,0,0.8,54.9
11,12,7,6.3,10.0
3,1,5,7.3,52.1
10,13,8,1.9,10.0
8,6,6,2.2,23.1
9,3,1,6.5,39.7
11,4,1,6.3,29.2
1,5,3,6.3,52.0
3,11,8,6.5,10.0
5,13,1,2.8,23.1
10,3,4,7.6,19.8
7,8,6,7.2,10.0
1,5,7,1.0,55.2
11,14,2,0.3,10.0
0,14,4,7.3,15.1
2,10,1,1.7,47.1
0,13,3,5.9,21.8
9,3,6,5.3,25.5
10,6,0,5.8,26.9
0,6,6,4.9,45.7
4,11,8,2.3,10.0
9,3,1,4.8,42.1
8,13,4,4.3,10.0
6,0,3,2.5,62.3
4,13,5,2.8,15.4
3,14,0,5.2,18.3
4,4,0,6.7,50.8
4,3,8,4.8,36.8
4,1,8,3.5,50.2
1,13,9,1.0,16.7
6,8,4,0.1,34.8
7,9,3,0.7,32.3
10,4,1,0.5,43.8
4,1,8,1.3,57.2
1,2,7,7.2,48.7
7,9,1,1.2,34.3
6,1,4,1.5,58.3
3,1,7,4.9,53.2
7,0,7,4.3,43.9
6,12,5,6.7,10.0
9,2,1,1.8,52.4
6,12,0,3.9,19.5
10,1,2,0.9,50.4
4,9,8,4.7,15.0
6,5,8,4.8,28.3
5,9,0,6.8,30.6
7,5,5,2.6,32.5
0,3,9,2.4,53.0
8,12,0,7.6,10.0
9,7,9,3.6,10.0
6,10,4,2.3,18.1
11,6,8,4.8,10.0
3,1,6,1.1,63.7
1,10,0,3.1,47.9
6,0,8,3.7,43.3
7,11,5,7.1,10.0
5,4,5,5.8,39.7
4,4,2,3.1,55.9
2,5,1,3.7,62.8
0,2,5,7.5,58.0
2,1,8,6.7,46.5
3,3,3,0.9,63.3
7,10,7,2.9,10.0
10,7,4,3.7,17.9
7,13,0,1.6,18.5
8,0,7,1.0,46.8
1,10,4,2.5,39.5
0,6,5,5.3,49.4
10,13,6,7.7,10.0
3,1,6,7.8,45.9
6,2,0,7.0,53.5
2,12,5,5.7,14.7
8,1,0,0.6,68.1
4,2,8,0.1,54.8
1,10,9,0.2,29.4
2,2,0,0.8,84.2
11,4,3,3.7,30.5
5,4,5,0.1,52.3
10,2,4,2.8,37.2
10,6,9,7.6,10.0
6,5,6,4.5,28.1
9,11,3,4.8,10.0
8,8,2,3.9,26.2
10,3,1,7.9,30.1
4,13,4,1.3,17.2
4,0,7,7.8,47.3
5,10,4,3.7,25.0
4,9,6,7.4,12.8
8,6,0,5.1,33.7
8,5,6,1.6,33.4
4,4,8,6.4,28.1
11,14,4,1.1,10.0
0,3,4,6.5,60.3
6,4,1,0.3,60.1
10,5,4,1.1,30.9
8,4,6,2.9,31.3
3,12,3,0.5,30.8
0,0,3,6.5,75.3
0,9,3,3.6,42.9
7,2,6,5.0,36.9
2,3,1,0.8,75.0
1,1,4,0.1,76.3
5,13,0,7.9,10.0
1,6,5,1.2,49.1
3,12,9,6.6,10.0
9,0,0,5.1,54.1
11,12,3,6.4,10.0
0,8,7,4.8,34.5
7,12,5,3.1,10.0
7,6,1,4.2,37.7
8,9,3,4.3,14.6
10,7,1,1.4,31.9
3,11,5,5.1,20.1
0,3,5,1.4,68.8
5,5,5,4.3,34.8
9,8,8,5.4,10.0
3,4,4,6.5,48.6
0,10,5,4.3,32.3
4,10,4,4.9,21.7
9,4,4,5.8,23.5
3,5,9,2.9,38.0
0,14,4,0.4,28.7
6,11,4,2.4,17.2
9,7,2,0.9,27.8
1,3,0,6.1,68.6
5,3,2,6.5,46.9
1,4,7,7.7,41.2
4,12,6,4.8,10.0
1,7,4,3.8,47.3
8,7,5,7.5,10.0
0,3,2,7.4,64.1
1,12,4,5.1,22.4
7,3,0,6.2,45.8
8,12,3,1.6,10.0
0,12,8,4.1,17.2
9,7,2,2.7,28.3
11,9,4,6.6,10.0
11,4,1,7.1,23.3
2,1,3,3.2,73.4
3,12,8,3.8,10.0
4,5,2,1.8,56.5
0,2,1,7.0,70.9
10,4,1,1.1,41.1
10,14,4,7.3,10.0
4,14,3,4.9,11.8
10,7,2,2.0,25.4
6,10,4,3.4,20.9
0,13,4,0.8,34.9
2,12,0,4.8,34.9
7,14,9,6.5,10.0
3,1,0,5.2,71.5
1,12,9,1.3,17.0
2,14,2,4.4,20.4
10,0,4,6.6,33.6
6,0,8,6.9,39.4
6,0,5,6.0,51.5
7,10,5,2.9,15.3
6,10,7,7.8,10.0
2,5,0,6.5,59.1
1,6,6,6.7,35.2
11,5,2,6.8,19.0
7,3,5,5.9,32.3
3,1,2,4.0,73.9
7,12,6,3.6,10.0
1,7,5,6.1,37.0
11,13,9,3.9,10.0
7,8,9,7.2,10.0
7,2,7,1.8,45.0
9,4,5,6.2,20.7
5,13,6,1.9,10.0
6,7,5,3.8,26.9
6,13,2,0.7,19.2
2,6,1,4.0,57.2
0,4,2,4.2,69.3
7,1,0,1.4,66.8
5,5,5,2.6,39.2
5,10,6,1.7,20.1
6,14,3,3.4,10.0
10,0,3,5.1,42.9
9,11,9,1.1,10.0
8,14,0,3.2,10.7
10,13,8,4.4,10.0
6,6,8,6.4,15.6
10,8,6,5.0,10.0
10,14,9,6.6,10.0
2,13,4,0.6,26.7
7,4,7,1.5,35.1
6,7,5,7.4,15.8
4,10,1,5.3,31.2
11,0,8,3.3,26.3
10,3,9,2.9,18.1
6,1,5,6.0,43.5
8,10,0,7.1,15.6
6,8,2,4.3,31.4
9,12,4,1.1,10.0
11,12,2,6.9,10.0
10,2,1,3.2,42.9
4,9,3,7.1,23.9
9,14,5,6.2,10.0
5,2,6,2.6,48.6
10,14,1,0.9,10.0
6,11,5,4.1,11.8
2,0,2,0.6,84.7
4,5,0,6.6,48.0
8,5,9,0.5,26.4
0,9,3,7.5,36.9
5,9,2,4.0,30.2
7,2,8,3.9,34.7
3,7,5,6.7,34.0
0,4,1,4.4,73.5
0,6,1,3.4,60.2
2,9,2,1.6,44.5
9,8,5,5.8,10.0
4,3,5,4.0,49.2
3,0,7,4.0,59.7
8,1,3,2.0,53.1
3,3,2,1.1,70.5
2,12,9,2.5,10.0
11,10,1,6.4,10.0
9,2,3,5.0,38.8
7,3,2,2.8,51.0
8,2,4,2.4,46.6
11,7,5,0.0,17.8
8,8,5,0.2,26.8
10,13,8,3.8,10.0
6,11,5,2.1,15.7
3,11,4,7.5,17.2
11,9,1,4.5,10.0
8,8,2,7.2,16.9
1,14,5,1.6,22.4
5,1,3,1.0,66.9
9,5,2,6.7,26.9
10,13,6,4.9,10.0
0,5,6,5.7,48.1
2,7,5,4.4,36.2
6,3,3,2.9,51.2
7,0,3,2.3,61.1
6,11,6,0.8,12.9
9,13,6,0.6,10.0
11,12,9,3.6,10.0
4,2,7,2.3,49.8
9,1,7,4.6,31.7
10,14,9,5.7,10.0
1,6,5,5.2,44.3
4,4,2,7.1,46.9
6,8,2,5.9,25.8
5,3,5,3.2,48.1
0,2,1,2.9,79.6
8,8,0,0.5,39.5
5,6,1,4.4,44.8
2,0,1,5.4,74.9
2,0,7,2.5,64.3
5,13,6,6.8,10.0
6,2,1,2.9,61.4
3,2,7,2.9,53.7
6,0,9,2.5,40.0
2,13,1,0.8,34.2
2,0,7,7.9,51.2
3,1,2,3.9,70.0
11,1,8,7.5,11.7
1,2,6,4.6,63.1
6,10,5,6.9,10.0
4,9,7,4.8,16.6
8,2,6,5.2,32.5
8,12,8,7.6,10.0
0,8,6,6.1,31.6
11,0,9,1.4,30.9
9,4,9,5.3,12.4
1,9,3,2.7,46.6
3,1,2,3.3,71.6
4,4,1,6.9,46.5
6,4,2,6.8,40.6
4,2,7,2.8,53.7
0,11,7,7.3,18.9
3,1,8,3.8,52.9
4,7,9,2.3,26.8
11,1,9,0.4,28.4
1,1,2,2.5,79.4
0,12,0,6.1,34.6
1,1,7,3.8,62.5
3,14,8,1.7,10.0
9,9,8,3.8,10.0
2,5,5,7.3,40.4
11,2,2,2.3,41.6
7,12,5,5.5,10.0
3,4,7,1.1,48.0
3,2,6,7.0,45.2
4,6,1,4.1,49.0
0,11,3,2.3,37.1
0,12,1,6.8,33.9
9,2,3,1.1,46.9
4,0,5,2.8,63.9
5,7,9,1.4,23.1
2,2,6,7.0,51.8
3,0,5,3.5,68.0
7,11,6,2.3,10.0
4,2,1,6.8,58.0
8,4,4,7.2,28.1
1,4,7,0.8,58.6
5,8,1,4.8,34.8
8,2,4,4.4,42.2
4,11,0,6.7,22.1
4,9,1,4.0,38.1
10,10,6,0.7,10.0
4,10,7,7.8,10.0
10,6,5,4.4,17.6
5,9,8,5.1,10.0
7,14,2,0.4,14.1
7,3,3,6.4,36.2
0,2,2,7.2,67.7
3,1,4,2.3,68.0
8,9,9,2.3,10.0
11,1,0,1.6,51.2
5,6,3,4.4,38.5
4,11,9,0.2,16.7
4,2,8,1.0,49.8
3,13,6,4.9,10.0
4,14,6,3.9,10.0
1,11,6,6.0,20.3
8,14,9,5.9,10.0
2,14,3,3.5,18.7
0,11,0,5.4,35.0
1,12,5,6.9,13.6
4,10,5,4.8,14.0
11,7,5,7.7,10.0
9,6,5,7.9,10.0
4,4,4,4.1,50.2
10,10,6,2.1,10.0
2,6,2,6.3,48.7
5,0,3,1.4,69.9
3,10,5,6.2,17.8
1,7,4,3.5,47.8
3,10,7,6.2,12.3
4,9,7,2.4,23.6
5,2,9,3.6,37.3
0,6,1,6.7,55.4
6,11,0,2.7,28.8
0,3,6,3.3,62.3
3,13,5,4.6,13.4
9,1,3,5.1,42.4
3,9,1,1.5,45.8
0,10,8,4.9,21.8
8,3,6,3.9,34.7
8,6,1,6.3,30.8
2,10,4,5.2,26.8
10,1,3,4.0,40.9
3,4,7,6.9,33.6
0,5,9,4.8,36.1
0,4,3,3.8,68.0
2,11,2,1.6,40.5
4,6,7,1.6,36.5
8,12,4,1.2,10.0
8,5,5,6.6,19.8
1,10,1,0.3,49.5
10,4,5,7.7,10.1
9,8,7,4.7,10.0
4,10,1,0.9,39.3
9,2,1,6.5,38.3
2,0,4,7.0,64.7
5,11,3,2.9,21.6
2,11,3,2.9,33.4
1,2,4,6.8,62.7
9,7,6,3.9,14.3
2,11,1,4.1,36.1
1,13,2,7.1,17.8
0,10,3,1.0,47.7
6,10,5,7.1,10.0
5,9,3,7.4,19.1
3,4,9,0.1,45.7
2,5,4,5.5,46.7
5,7,7,2.3,31.3
3,5,0,4.5,56.9
5,14,2,5.2,10.0
8,4,7,4.7,20.9
6,0,4,5.4,55.2
2,10,8,4.5,14.5
11,4,6,5.9,14.3
3,11,8,4.3,10.0
8,11,9,1.6,10.0
5,7,0,1.6,49.3
1,4,6,5.2,46.8
9,13,7,4.1,10.0
7,5,0,2.9,48.8
2,5,0,4.5,62.7
2,2,9,7.9,38.9
4,11,7,5.0,10.7
8,6,5,5.5,18.7
9,12,6,5.4,10.0
6,13,3,5.6,10.0
7,8,9,1.6,10.0
6,1,4,1.0,58.8
7,12,4,6.2,10.0
7,12,8,1.9,10.0
1,2,2,0.1,81.2
1,5,0,2.4,71.4
8,4,1,3.7,44.4
3,4,9,2.1,40.7
5,11,1,0.7,33.5
6,1,9,2.0,41.6
0,6,5,0.6,60.9
7,3,7,4.3,36.8
10,8,9,5.5,10.0
0,0,6,5.7,65.1
9,11,0,6.3,10.0
7,4,7,0.4,38.1
0,13,6,6.0,12.5
1,6,1,6.0,57.4
1,4,9,4.1,41.2
3,0,5,4.8,61.5
1,2,6,5.4,55.2
5,8,5,4.0,24.6
6,0,0,7.9,57.4
0,6,8,0.4,50.0
1,8,2,0.9,55.5
6,3,4,2.2,48.6
2,2,7,4.6,54.8
4,14,1,7.4,10.1
1,13,3,7.7,10.9
11,3,4,7.7,19.7
2,3,8,7.6,40.1
10,11,1,6.9,10.0
9,8,5,4.3,12.2
5,2,6,5.4,45.1
6,9,9,0.2,14.1
3,14,1,0.2,30.4
9,10,9,7.0,10.0
7,10,9,2.9,10.0
1,11,3,3.0,38.3
3,7,3,1.5,49.5
4,10,5,2.1,24.2
2,6,1,5.7,51.9
3,10,8,6.9,10.0
4,11,4,3.0,21.9
4,9,4,5.3,24.8
3,10,6,5.9,16.4
11,11,5,4.1,10.0
6,0,9,3.2,46.1
1,4,3,4.8,57.1
4,4,5,4.5,41.0
2,13,1,2.6,33.0
8,0,8,2.7,40.0
3,9,3,1.6,40.5
2,0,6,4.5,64.3
10,12,8,7.5,10.0
5,6,6,2.7,34.6
8,2,2,5.4,45.6
11,0,1,6.6,42.0
3,0,5,7.7,55.8
1,14,2,6.4,21.1
7,0,5,0.8,59.7
11,2,6,0.6,32.2
10,14,3,5.7,10.0
1,1,4,5.8,65.5
3,1,0,7.0,65.8
1,7,0,6.3,52.0
8,1,7,4.7,37.3
0,7,5,5.6,41.9
0,7,0,4.9,59.7
6,8,4,7.2,17.2
6,11,4,3.6,13.0
7,10,7,1.4,13.4
2,10,0,1.5,50.1
3,6,0,0.2,65.7
10,4,0,6.5,29.6
2,2,6,4.7,56.3
9,9,3,3.7,13.0
1,9,6,5.9,28.6
5,9,9,2.5,13.8
2,11,4,5.8,21.5
3,3,6,6.9,43.9
0,2,4,4.9,70.3
10,12,3,7.8,10.0
7,5,6,5.9,22.1
1,4,5,3.5,56.6
8,1,3,5.0,43.6
6,5,0,1.0,54.1
6,4,6,7.3,26.0
0,9,7,5.2,29.7
1,9,4,3.3,39.6
4,11,9,6.8,10.0
10,3,8,0.5,27.1
2,6,7,4.3,40.7
7,8,1,5.9,25.4
10,0,6,5.6,31.7
8,7,7,0.1,21.4
3,0,3,1.8,73.0
5,10,0,6.9,26.9
8,14,0,2.1,10.0
4,4,4,3.8,42.5
6,0,7,7.9,36.4
1,1,3,4.8,68.0
3,10,0,4.5,37.6
8,13,2,4.6,10.0
9,7,2,1.4,33.9
1,14,8,5.5,10.0
3,12,3,0.2,30.7
8,8,3,2.6,23.0
8,12,3,2.5,10.0
5,0,4,0.6,68.0
5,9,6,2.7,21.8
1,11,3,4.8,34.3
11,12,6,3.0,10.0
2,6,4,0.2,57.3
0,3,3,5.0,69.5
8,3,7,2.4,38.0
1,5,7,8.0,35.5
5,9,8,7.2,10.0
3,3,3,3.9,59.3
9,12,3,2.9,10.0
2,13,6,0.6,24.7
11,10,5,0.0,10.0
9,12,3,6.4,10.0
9,8,1,3.9,24.4
4,8,1,2.5,49.1
10,6,3,4.6,22.1
10,0,5,2.4,43.1
11,5,5,3.1,20.6
8,4,9,0.6,23.0
4,4,5,3.5,44.9
5,11,9,1.1,10.0
4,11,0,3.4,32.4
8,7,4,6.2,18.6
6,4,4,1.9,46.1
4,2,9,1.8,50.4
8,14,6,5.7,10.0
11,14,7,4.3,10.0
6,1,7,3.4,45.9
1,3,8,0.4,57.6
7,11,6,3.8,10.0
6,4,7,3.3,33.8
1,6,7,1.3,49.3
2,10,3,7.4,28.7
7,3,3,3.3,47.2
4,8,6,0.0,37.9
1,6,1,7.7,51.5
9,5,9,3.7,13.0
6,8,6,5.0,12.2
1,7,8,3.1,35.3
2,3,5,6.3,48.4
0,12,0,2.5,44.9
8,4,6,3.6,28.8
4,13,1,3.4,20.6
8,12,6,3.5,10.0
0,10,8,5.0,26.5
9,0,2,6.3,47.0
1,1,4,3.1,72.9
8,3,7,5.0,21.9
7,2,1,0.5,61.3
0,10,8,0.6,35.4
10,12,8,0.9,10.0
9,13,5,1.8,10.0
9,11,2,1.4,16.5
5,2,7,3.8,42.8
4,0,5,2.1,70.2
9,7,3,5.5,17.9
2,1,0,6.2,75.2
3,3,8,3.2,48.9
9,7,7,7.1,10.0
8,2,9,4.7,24.5
8,2,7,7.0,22.1
5,0,1,3.7,72.9
8,14,2,2.7,10.0
11,11,3,4.3,10.0
11,2,1,3.1,43.6
11,6,1,2.6,27.5
7,14,7,0.9,10.0
7,9,3,3.8,20.4
3,9,4,5.1,26.6
4,1,2,6.4,59.8
7,5,0,6.9,38.0
2,6,4,1.4,51.7
7,3,7,3.1,35.5
6,9,6,4.9,10.6
7,4,0,5.1,43.5
1,5,2,7.0,51.1
0,9,6,4.1,34.8
11,14,0,4.4,10.0
9,3,9,2.9,23.3
1,13,0,7.7,23.7
10,0,6,1.7,43.2
4,12,7,5.8,10.0
8,2,4,4.2,42.4
7,9,8,2.1,10.0
6,6,7,1.6,27.6
3,8,7,4.7,22.2
11,7,4,0.4,19.7
10,7,2,7.6,16.1
2,5,9,2.7,44.8
3,4,7,8.0,31.9
7,10,7,4.5,10.0
7,10,1,2.5,29.6
5,13,9,1.8,10.0
11,14,1,6.1,10.0
3,9,6,0.4,31.5
2,2,6,6.2,51.5
7,9,0,5.1,27.8
9,1,8,2.8,36.3
1,12,3,4.6,28.0
7,0,8,7.1,32.1
4,4,5,7.6,36.4
8,12,5,7.5,10.0
9,11,9,4.1,10.0
7,11,7,4.7,10.0
11,13,7,1.5,10.0
2,9,4,7.4,29.4
3,0,7,0.5,64.7
11,2,5,3.9,26.8
11,8,0,1.7,23.1
8,13,4,3.5,10.0
5,10,6,5.5,10.9
8,5,3,3.4,34.7
2,7,9,7.4,19.8
7,14,9,5.1,10.0
8,1,7,4.5,34.5
11,0,7,3.5,32.4
0,4,9,2.8,47.1
10,5,7,7.2,10.0
8,14,7,3.3,10.0
9,11,7,4.6,10.0
10,10,7,3.9,10.0
11,7,2,4.8,17.3
1,9,0,1.7,53.6
11,1,9,7.9,10.0
4,12,0,3.1,29.3
2,9,7,2.1,29.7
0,8,2,0.3,66.0
4,13,6,6.7,10.0
11,3,9,5.2,10.0
6,0,3,2.4,63.5
11,0,5,3.0,37.0
1,4,6,3.8,51.2
1,12,0,3.4,38.1
10,2,0,3.4,50.4
2,6,7,5.0,35.3
9,9,6,6.8,10.0
7,10,2,3.0,21.8
5,12,9,1.4,10.0
2,10,7,0.2,31.9
2,11,9,3.6,11.4
9,8,2,1.7,22.0
6,12,1,1.7,25.6
2,1,1,0.7,83.7
1,12,6,1.2,27.5
4,6,2,3.6,48.0
7,4,0,5.5,45.2
0,7,5,3.6,47.4
0,8,8,5.8,29.4
0,9,3,6.2,42.3
3,10,8,5.3,12.2
7,13,0,0.2,21.7
7,5,2,4.4,41.8
5,9,7,2.3,21.2
6,2,7,6.9,34.5
9,2,5,7.2,27.8
7,4,5,3.4,34.5
6,12,5,6.0,10.0
1,14,9,3.0,10.0
5,5,5,3.9,37.2
3,14,2,7.9,10.0
0,12,1,1.4,45.5
10,7,4,4.8,16.5
11,8,5,5.1,10.0
9,5,2,6.8,24.8
0,14,7,1.2,16.3
4,4,6,7.2,35.8
2,2,3,5.4,59.9
8,13,0,7.9,10.0
3,12,7,4.3,11.0
0,1,0,5.0,84.6
6,11,4,1.5,16.5
9,1,4,3.2,43.4
5,8,6,6.3,14.8
3,6,1,2.4,57.2
9,0,4,7.6,39.6
6,4,7,6.0,32.6
10,0,4,1.8,51.0
3,10,9,7.4,10.0
5,10,4,1.8,24.3
2,5,4,4.3,52.2
4,1,9,4.8,46.4
11,7,7,3.1,10.0
0,13,6,2.1,25.7
11,13,3,0.5,10.0
10,10,7,6.8,10.0
9,3,2,1.3,46.5
5,6,9,2.0,26.2
8,0,5,6.7,39.6
2,8,3,2.7,40.9
0,5,1,5.1,67.7
8,3,0,4.7,45.9
5,7,8,6.3,13.0
8,6,3,5.2,29.0
2,13,8,3.1,10.7
5,6,6,6.8,25.5
2,1,0,5.1,79.0
7,2,9,3.6,32.5
5,14,4,2.9,10.0
8,2,5,4.9,35.8
2,8,7,0.2,36.7
11,9,5,6.0,10.0
8,14,7,5.9,10.0
7,14,0,3.8,10.0
3,12,2,3.1,30.2
0,12,0,6.4,39.1
4,14,8,1.3,10.0
9,10,4,5.9,10.0
10,8,2,0.2,26.0
1,2,1,7.3,65.2
4,10,6,7.6,11.0
0,1,1,5.8,76.7
9,3,2,6.0,36.0
2,2,5,2.9,66.4
6,1,3,7.0,45.7
11,0,7,2.4,34.2
11,12,6,4.5,10.0
6,2,6,5.9,35.8
3,11,2,4.7,25.7
2,7,7,3.9,29.0
3,5,7,1.8,46.2
3,10,7,5.2,11.2
7,2,3,6.1,43.8
1,9,2,4.6,41.3
4,5,2,6.5,43.4
4,8,2,4.8,34.2
10,0,4,6.0,38.2
4,11,4,7.5,10.0
7,3,8,2.2,32.4
8,14,0,3.6,10.0
0,7,0,7.3,53.0
5,11,4,3.9,15.4
7,5,1,0.1,50.9
0,11,5,0.4,42.0
3,12,2,0.8,34.0
11,3,3,3.3,31.7
7,14,3,3.1,10.0
7,6,5,4.9,20.0
4,14,4,1.7,14.0
3,1,9,3.4,51.9
10,0,1,5.5,48.4
9,8,3,7.9,10.7
6,9,4,3.8,21.3
2,0,4,0.0,82.8
11,0,9,4.9,23.8
0,12,1,4.2,37.2
8,13,0,2.8,16.6
8,4,6,2.7,32.0
4,13,2,5.8,11.0
8,13,4,2.6,10.0
8,3,8,7.8,16.6
10,11,1,0.8,12.2
3,2,7,0.7,56.3
4,4,4,7.4,40.4
7,9,6,3.4,14.7
1,1,6,3.8,63.6
11,10,3,0.8,11.3
8,4,6,2.9,27.4
10,12,5,4.5,10.0
1,9,8,0.7,38.2
6,12,9,5.6,10.0
3,3,3,5.2,57.7
1,4,5,4.6,55.5
6,12,3,3.0,14.7
5,13,8,3.0,10.0
0,9,9,7.0,22.1
3,7,0,0.3,63.6
6,4,1,6.1,47.0
6,8,7,1.5,23.1
2,12,4,6.2,16.3
4,7,5,3.9,35.4
9,9,5,2.9,10.0
11,14,0,2.3,10.0
3,8,6,3.9,31.6
4,11,1,5.7,25.6
0,6,6,4.4,47.5
7,8,9,5.1,10.0
10,12,4,7.5,10.0
11,4,3,5.0,26.4
9,2,8,4.7,21.5
7,3,8,3.0,29.3
7,1,5,2.6,52.2
8,1,0,4.2,59.7
3,1,0,0.1,86.5
2,10,9,4.6,17.0
3,1,1,2.7,74.4
4,0,1,6.2,66.1
4,3,9,1.1,43.7
9,4,7,5.8,17.7
4,6,2,3.6,46.5
4,5,0,3.4,58.3
9,1,5,0.4,49.4
1,6,7,2.7,45.0
0,11,5,7.5,22.0
3,4,3,0.1,63.4
9,14,8,1.1,10.0
0,12,9,6.3,10.0
6,0,7,3.2,49.8
10,0,0,1.2,62.2
11,4,5,1.4,30.8
10,1,7,1.0,37.9
10,7,3,0.4,28.0
1,13,8,7.9,10.0
1,2,8,3.9,53.6
8,2,1,2.1,54.0
1,9,8,4.2,25.5
8,12,2,3.0,12.9
1,9,6,6.5,28.2
2,7,9,4.8,23.3
11,10,6,6.6,10.0
11,12,1,1.9,10.0
9,13,6,4.3,10.0
2,13,3,2.1,25.4
1,0,7,2.0,67.8
5,0,7,1.4,53.4
5,10,8,3.2,12.6
2,6,6,5.6,32.8
3,14,1,4.1,24.1
10,0,6,7.8,24.6
6,6,3,2.1,41.6
11,9,7,5.5,10.0
1,11,7,3.0,26.2
10,14,0,2.8,10.0
2,13,7,3.5,13.1
4,3,9,1.9,44.0
2,13,3,7.5,10.8
2,7,1,3.0,57.1
8,0,9,2.1,41.3
11,9,7,4.7,10.0
9,8,3,1.3,23.5
9,8,9,5.8,10.0
2,5,5,3.3,50.9
9,12,5,4.2,10.0
10,1,9,6.7,17.6
2,5,7,1.2,50.2
2,10,4,4.7,30.3
8,9,6,0.3,17.7
4,9,5,3.2,26.3
11,7,5,6.8,10.0
9,8,0,5.8,21.1
3,4,4,6.3,43.4
6,12,4,3.4,10.0
4,8,1,3.8,38.8
5,4,8,6.7,23.7
6,1,7,4.0,42.0
1,10,3,4.7,36.8
0,2,1,6.7,70.2
11,2,4,6.5,25.2
8,12,9,1.9,10.0
2,3,6,4.7,47.9
2,14,8,1.6,10.0
10,5,6,0.3,25.7
4,8,6,0.8,33.2
8,5,5,3.8,27.2
4,6,8,7.1,21.8
8,3,2,3.8,46.4
6,5,6,1.0,37.2
7,13,9,1.1,10.0
9,0,1,5.0,52.6
5,3,8,6.9,30.1
6,7,4,2.6,34.5
10,8,8,4.4,10.0
6,2,5,7.1,33.7
10,2,7,1.1,34.7
4,7,4,1.3,44.2
5,1,0,3.0,72.8
3,13,9,3.6,10.0
6,13,4,1.8,10.9
1,11,5,4.4,29.9
10,0,4,7.2,32.0
6,10,0,7.1,25.9
9,8,0,0.5,37.2
5,5,3,4.8,42.1
11,2,6,1.7,29.7
6,7,8,5.3,15.0
9,0,3,4.5,49.5
0,14,4,1.8,27.2
0,3,4,7.5,58.1
11,8,9,3.8,10.0
0,2,4,3.1,69.8
2,0,3,6.3,67.0
0,6,6,2.4,50.3
10,10,0,4.7,12.8
2,6,3,1.6,56.1
10,6,4,0.5,25.0
2,7,6,4.0,38.5
0,13,2,1.3,37.7
7,5,1,2.9,44.9
11,9,3,3.8,10.0
2,12,6,0.0,29.9
11,12,1,2.8,10.0
3,11,6,3.6,14.9
11,6,7,4.4,10.0
9,10,5,6.7,10.0
2,11,8,2.6,21.9
11,13,0,7.4,10.0
4,11,9,2.7,10.1
6,13,1,4.5,11.4
9,6,3,0.6,37.7
4,8,7,3.2,21.7
2,12,2,6.2,22.6
4,6,7,2.4,32.7
9,3,3,0.1,47.1
2,2,4,7.4,54.8
8,10,2,0.1,27.0
2,1,5,2.1,69.6
3,12,2,7.2,16.9
8,3,8,1.1,32.7
11,5,5,6.9,11.7
3,1,0,7.6,71.4
11,13,9,5.0,10.0
9,10,2,2.7,13.0
1,14,7,2.5,14.0
10,4,1,1.1,49.2
9,2,7,7.2,20.5
5,11,9,6.4,10.0
4,8,5,1.8,36.3
4,12,3,5.3,19.8
11,14,1,4.7,10.0
5,6,2,1.1,48.1
10,1,1,1.9,53.8
5,1,9,1.1,50.9
8,8,3,4.3,24.8
9,9,4,1.5,11.6
11,0,4,7.9,30.0
1,7,0,2.2,61.7
2,5,8,5.8,34.9
3,12,0,2.6,35.2
3,3,4,2.9,58.7
1,5,1,2.5,66.4
11,6,3,0.9,24.8
3,11,4,7.4,13.9
8,5,5,6.2,19.4
7,13,8,1.9,10.0
11,12,2,2.5,10.0
9,5,8,3.5,15.6
6,1,2,6.2,53.9
4,8,1,7.0,31.8
11,12,5,6.1,10.0
2,4,4,7.6,45.2
11,11,6,6.1,10.0
11,12,2,1.8,10.0
3,7,8,3.0,29.3
0,10,0,5.9,44.6
10,12,2,1.0,10.0
5,8,4,1.8,34.0
1,14,2,7.9,15.3
5,4,2,5.3,47.9
3,8,8,1.4,30.7
5,6,9,0.7,31.5
9,13,8,7.7,10.0
7,6,5,4.0,27.4
8,3,6,3.4,37.7
3,14,8,6.4,10.0
0,2,5,5.4,66.0
8,6,5,4.5,22.0
5,2,9,1.8,44.0
4,11,0,4.4,31.7
4,7,0,4.3,46.0
10,7,2,0.8,28.4
0,9,8,4.0,27.7
9,0,7,4.8,32.0
4,10,9,5.8,10.0
6,8,2,4.4,30.2
2,0,3,4.5,72.1
11,3,6,4.5,21.9
3,0,2,2.2,79.7
11,10,8,7.0,10.0
11,14,4,4.9,10.0
4,12,8,5.5,10.0
8,8,0,4.0,27.8
2,2,8,1.2,56.9
2,8,4,1.3,46.9
7,2,3,3.7,54.0
8,5,6,7.0,16.9
4,10,6,1.0,23.9
8,9,3,4.0,16.1
3,5,8,0.3,45.0
7,8,2,7.0,20.9
7,7,3,2.1,33.7
11,7,1,2.8,26.1
6,4,9,1.3,33.2
6,11,5,2.5,17.6
4,0,5,3.1,66.4
2,4,4,1.3,61.3
0,13,6,2.3,24.6
0,7,5,5.5,45.8
8,3,6,6.9,22.9
10,2,4,5.2,32.5
0,12,9,7.7,10.0
0,1,7,2.0,68.2
2,13,0,2.9,35.5
0,9,8,2.6,36.3
1,13,1,4.2,32.0
4,10,9,5.7,10.0
0,3,5,1.7,68.7
4,3,5,6.6,41.9
11,1,4,2.7,39.9
8,14,8,3.7,10.0
8,1,4,6.7,35.9
0,8,1,2.6,61.5
10,13,6,5.4,10.0
4,2,7,3.7,48.3
8,12,9,2.2,10.0
0,7,9,3.6,35.3
10,13,2,6.1,10.0
9,7,1,5.3,25.5
7,8,0,6.0,25.6
7,6,0,2.5,42.6
11,0,9,6.2,16.7
7,8,5,3.2,22.1
4,11,2,4.3,23.9
4,3,9,7.0,27.3
9,5,0,5.7,36.3
0,7,4,5.7,49.7
7,11,0,4.0,20.3
1,5,8,4.6,44.7
8,5,3,6.0,29.3
8,5,0,0.0,55.3
8,11,9,3.3,10.0
10,12,4,2.4,10.0
7,13,8,2.0,10.0
6,11,5,6.6,10.0
9,7,8,3.8,10.0
2,12,6,0.4,29.2
10,2,9,7.8,10.7
9,13,0,1.2,13.0
1,0,5,3.5,71.8
8,9,5,5.1,10.0
5,0,6,4.5,54.8
3,5,0,3.5,60.4
8,4,4,2.4,38.4
9,6,4,4.6,19.5
5,3,2,6.8,47.5
4,12,6,1.9,15.1
3,5,2,0.5,62.1
7,5,3,2.9,38.6
2,1,4,6.0,62.0
6,13,9,7.9,10.0
0,0,6,5.2,72.3
5,0,3,4.1,61.5
8,7,7,0.6,20.6
5,5,8,2.7,31.2
2,13,8,0.5,16.4
3,13,3,3.4,16.5
9,7,9,3.9,10.0
9,14,1,2.2,10.0
10,2,8,0.6,27.8
10,7,9,3.4,10.0
8,4,0,7.8,36.9
7,10,4,2.6,20.2
11,11,9,2.5,10.0
3,10,5,1.2,30.3
6,7,9,4.4,13.1
9,0,1,4.3,55.9
11,0,0,3.1,48.9
0,0,4,7.2,70.6
10,5,1,0.8,42.7
9,11,5,7.4,10.0
5,13,8,3.3,10.0
7,12,0,1.1,24.1
4,14,6,4.5,10.0
0,8,9,5.4,29.0
6,6,3,2.2,41.9
1,5,0,6.7,56.7
10,9,5,0.1,11.0
0,4,3,2.8,68.1
11,10,3,7.0,10.0
3,12,5,5.4,12.7
7,3,5,1.8,45.1
4,3,8,3.6,39.4
9,4,7,2.1,29.5
10,5,7,3.8,13.8
0,2,8,6.7,49.0
0,0,3,0.4,91.7
10,0,6,2.0,42.9
11,5,4,0.3,33.6
6,6,0,7.9,36.9
5,5,2,1.3,49.8
9,2,6,2.3,40.7
0,13,2,6.8,26.6
8,7,8,4.1,10.0
4,13,3,7.6,10.0
11,10,1,4.7,10.0
0,0,5,5.8,70.3
6,14,6,4.9,10.0
2,12,8,5.9,10.0
1,2,0,2.1,82.7
11,14,5,2.7,10.0
5,11,4,4.8,13.9
9,11,1,6.9,10.0
1,11,5,1.8,31.3
5,8,0,7.7,30.8
7,4,8,3.6,27.1
5,10,5,1.1,27.9
9,14,2,7.0,10.0
10,14,1,7.4,10.0
2,13,8,6.6,10.0
7,8,9,3.5,10.7
2,0,5,7.5,58.9
1,0,0,2.7,89.6
2,13,1,0.7,37.5
4,4,1,2.7,58.5
7,8,8,2.9,11.6
9,11,0,6.4,10.5
0,3,7,5.7,55.9
5,2,7,5.0,41.4
11,2,7,1.5,29.7
8,12,6,6.4,10.0
7,7,4,0.3,33.2
1,10,8,1.8,25.8
7,9,9,4.4,10.0
5,0,1,3.8,70.9
4,7,8,5.5,21.5
11,11,2,6.3,10.0
1,9,6,6.9,23.4
1,12,2,7.7,23.4
10,5,5,4.4,17.2
5,14,8,4.6,10.0
1,12,5,4.5,20.9
0,0,1,7.2,80.2
4,13,0,6.2,20.9
6,2,4,4.0,48.0
4,9,1,5.5,35.7
2,10,8,2.4,24.5
1,13,0,1.3,40.7
11,1,3,0.4,48.4
2,6,5,3.3,44.1
5,0,4,3.0,64.4
7,4,1,6.1,44.3
5,7,6,4.0,26.9
8,4,3,1.4,48.8
8,8,0,0.8,38.7
2,6,7,0.6,48.9
6,7,9,0.1,22.2
7,4,6,0.6,39.6
2,4,9,6.0,33.8
4,11,3,6.2,15.8
2,5,0,2.8,64.5
6,10,6,0.3,19.1
4,5,2,1.0,55.9
0,6,7,4.1,43.0
0,0,9,7.8,56.0
8,2,5,1.0,45.1
4,12,6,1.2,16.5
10,10,9,3.2,10.0
9,0,4,4.9,41.0
1,6,7,3.1,42.8
11,2,2,5.0,35.4
3,0,1,0.5,88.7
4,7,0,1.4,55.0
10,8,9,0.6,10.0
8,6,3,7.0,23.3
1,3,4,6.4,54.2
3,11,7,2.1,15.8
7,5,2,6.0,34.1
2,10,5,6.5,22.2
1,10,7,6.8,19.1
2,1,8,3.5,52.8
6,6,5,7.8,18.2
8,5,6,7.1,19.2
4,11,6,5.7,10.0
9,3,2,0.3,46.3
1,2,8,5.9,48.0
10,11,9,5.0,10.0
10,5,2,7.6,20.6
6,7,5,3.6,27.5
2,7,7,4.7,34.4
6,14,9,4.5,10.0
5,14,9,0.2,10.0
0,7,0,1.7,66.9
9,8,6,1.5,14.1
4,3,5,2.8,49.2
10,11,3,2.2,10.0
0,7,4,2.6,51.9
6,8,1,0.6,38.2
10,0,7,1.2,40.2
5,11,7,4.1,10.0
8,9,8,4.1,10.0
10,2,1,0.8,53.0
11,8,4,4.8,10.0
3,3,6,7.8,39.6
8,14,9,3.1,10.0
4,12,2,1.3,30.2
4,9,9,8.0,10.0
4,2,3,4.2,57.3
9,6,2,1.9,35.2
4,1,3,7.0,55.5
10,6,6,1.0,23.2
6,8,7,1.5,22.1
0,6,5,6.1,43.9
9,5,8,7.3,10.0
6,0,4,3.4,61.1
6,14,9,0.6,10.0
4,2,1,5.0,58.7
2,3,0,6.1,66.3
6,8,6,4.2,18.1
4,6,0,3.1,56.1
3,4,1,5.4,57.8
8,12,5,3.8,10.0
3,6,7,6.3,27.8
4,3,9,0.0,48.3
11,7,7,4.9,10.0
5,4,7,6.8,28.1
10,12,6,5.5,10.0
5,5,1,4.5,46.7
1,9,2,1.8,52.6
10,9,4,4.4,10.0
2,6,3,6.5,46.0
7,12,1,6.9,10.0
8,4,5,5.1,25.6
5,4,8,7.9,24.4
0,4,2,0.9,72.4
11,8,8,5.5,10.0
11,11,6,0.3,10.0
1,0,4,6.8,63.2
2,10,4,6.2,22.8
10,10,7,6.5,10.0
1,3,7,2.9,55.1
4,7,2,1.7,49.0
9,3,1,1.7,49.9
5,4,7,7.3,27.6
3,3,5,4.2,53.8
9,7,1,1.5,33.3
0,4,1,0.6,83.3
9,5,0,3.3,39.9
6,8,0,1.1,45.0
7,7,4,2.8,26.9
3,2,8,1.1,55.7
8,9,5,4.3,10.0
3,0,5,0.5,73.8
2,10,7,0.5,32.9
0,5,2,6.5,57.4
1,9,2,0.7,52.8
11,1,8,7.8,12.2
1,11,7,4.6,17.0
1,5,7,2.4,45.1
7,7,2,2.2,35.4
11,0,9,5.3,20.4
1,3,5,6.9,51.7
0,7,0,4.2,63.2
11,9,5,6.1,10.0
4,0,0,7.5,66.4
5,5,8,4.8,24.0
9,1,3,3.4,44.7
10,10,3,0.9,14.2
11,1,8,5.5,21.2
2,1,3,6.8,60.0
5,4,1,0.1,64.4
4,2,5,5.2,52.5
5,2,2,0.5,66.7
2,6,4,7.5,38.7
3,2,6,3.3,55.4
2,3,9,1.5,50.7
8,6,1,1.6,41.1
1,11,8,0.7,26.8
4,14,4,5.3,10.0
4,1,2,7.0,58.2
4,2,0,3.0,70.5
0,12,1,4.2,37.5
6,7,2,2.1,38.2
8,9,7,6.2,10.0
8,13,9,5.2,10.0
10,7,2,8.0,14.2
10,10,7,6.8,10.0
1,2,2,1.1,80.8
2,6,7,6.8,33.0
8,11,4,0.4,14.9
6,2,7,1.2,49.0
4,4,6,3.1,43.3
0,2,5,1.5,73.4
2,4,1,2.3,68.9
1,1,8,5.7,54.0
3,11,6,4.5,15.2
8,10,8,3.2,10.0
5,9,5,5.2,19.2
8,2,8,0.0,40.4
1,10,1,7.0,34.4
1,8,3,3.2,50.7
1,14,3,3.9,21.8
3,0,8,0.9,60.5
9,3,0,6.1,39.7
2,11,7,8.0,10.0
9,13,8,6.1,10.0
5,1,8,1.1,47.2
11,1,5,7.4,23.6
7,8,5,4.7,17.7
3,4,0,6.9,53.7
5,7,5,3.4,30.7
10,4,8,2.2,23.0
6,4,0,0.2,62.2
2,6,1,7.6,45.9
11,0,4,1.2,48.3
8,11,6,6.3,10.0
11,6,1,2.2,30.2
3,12,0,4.6,31.1
11,12,8,6.6,10.0
7,3,7,2.8,34.2
2,5,3,3.5,55.0
2,1,3,1.2,76.2
7,10,6,3.4,10.0
8,10,2,6.6,10.5
2,11,9,7.0,10.0
3,1,4,5.1,56.9
8,7,6,3.7,19.3
4,13,3,1.7,21.0
0,11,8,3.6,25.5
10,8,9,6.5,10.0
8,12,6,2.5,10.0
3,10,2,6.4,27.4
0,7,7,0.0,47.2
8,9,9,2.8,10.0
1,14,1,7.9,17.6
8,4,5,7.3,21.5
8,11,3,5.2,10.0
7,0,4,3.9,54.0
1,2,9,5.7,49.9
4,11,3,7.8,11.5
9,1,9,0.2,36.1
8,14,1,2.2,10.0
11,3,1,8.0,23.7
4,8,8,4.8,17.8
2,8,3,5.8,38.0
7,8,3,6.0,18.8
2,8,0,3.2,53.3
1,11,9,7.5,10.0
1,12,5,1.3,30.8
10,2,8,6.5,15.9
11,2,7,4.4,23.1
0,6,9,2.3,46.7
6,7,8,3.8,20.4
5,5,0,4.3,51.0
3,12,6,2.9,16.5
4,1,0,2.4,75.6
5,9,1,3.5,34.9
0,9,1,6.7,43.5
0,4,2,5.7,61.9
4,7,2,0.7,48.9
6,6,3,6.1,33.5
0,11,5,7.4,24.2
0,10,3,7.7,31.0
11,6,6,3.3,12.8
4,6,3,7.3,32.6
7,6,9,1.3,18.5
10,3,8,3.2,18.4
3,2,1,4.1,68.6
0,2,0,1.5,87.4
2,9,6,5.5,25.4
3,6,6,3.3,36.2
3,0,1,1.0,83.9
5,13,7,4.2,10.0
8,1,4,2.3,54.9
1,8,0,7.5,47.0
9,2,2,6.6,38.7
10,13,9,6.5,10.0
1,11,5,5.1,27.4
4,8,2,0.8,45.6
4,14,3,3.6,11.2
2,11,1,5.2,30.8
8,3,7,1.6,36.3
5,6,7,3.2,32.7
8,3,3,3.9,39.3
10,2,7,6.7,17.0
6,13,6,3.0,10.0
1,3,5,2.8,62.5
9,3,2,5.8,39.8
10,5,7,2.7,13.5
11,11,1,0.8,10.3
10,13,3,6.3,10.0
0,10,4,3.0,38.6
7,2,4,7.9,40.2
9,7,2,4.1,24.9
3,11,8,0.5,20.7
6,0,9,6.1,39.1
3,6,2,3.0,52.2
1,14,2,1.0,31.9
11,8,0,4.5,16.8
6,6,2,2.0,40.3
6,7,7,7.5,10.2
11,6,7,5.6,10.0
2,10,8,3.3,20.3
2,0,6,6.2,61.2
1,3,3,3.7,67.6
10,14,3,7.4,10.0
8,9,5,5.7,10.0
2,12,4,7.8,11.7
3,11,4,2.7,27.0
1,7,9,6.6,24.3
6,5,3,2.3,46.3
6,6,3,2.7,37.7
0,12,6,1.9,30.4
2,9,7,6.7,16.9
8,11,7,7.2,10.0
11,4,6,1.6,24.9
0,11,3,6.9,31.5
6,12,9,7.7,10.0
8,1,0,4.3,54.7
7,14,2,1.9,10.0
0,8,4,7.5,35.7
4,4,7,7.4,31.2
2,2,1,1.1,82.5
5,4,4,7.7,33.6
1,8,8,2.4,36.3
7,13,5,3.5,10.0
4,8,3,4.4,33.9
6,13,3,2.6,10.0
7,7,5,0.5,29.9
2,4,7,5.7,40.0
9,1,1,6.2,49.0
0,14,6,4.2,15.7
9,6,1,3.4,32.0
7,2,3,5.8,47.2
2,9,0,8.0,37.2
7,6,6,7.5,14.8
8,8,4,4.5,19.2
6,9,2,6.5,20.1
4,7,8,1.8,28.2
11,3,8,3.0,18.7
4,5,1,7.7,40.8
9,1,9,4.4,24.7
1,12,4,4.3,26.7
7,7,3,1.9,32.6
3,3,3,3.9,62.3
1,14,1,1.3,30.8
4,4,7,5.9,33.3
1,8,6,7.0,28.3
7,5,6,6.2,23.5
7,9,0,1.0,39.4
9,14,7,4.5,10.0
11,7,8,2.9,10.0
9,6,4,2.6,25.3
10,9,7,6.4,10.0
11,11,6,3.8,10.0
9,11,7,6.8,10.0
7,2,8,3.2,35.2
9,6,4,4.4,23.4
6,1,6,2.6,49.6
10,2,2,3.2,43.5
3,1,8,5.5,48.2
6,13,9,2.3,10.0
10,12,4,8.0,10.0
10,8,8,6.5,10.0
6,11,1,1.0,33.3
11,11,5,1.8,10.0
0,8,3,5.4,45.6
6,2,3,1.4,60.6
9,9,5,0.1,18.7
1,7,5,5.2,36.9
10,11,3,1.9,10.0
6,1,6,1.4,53.7
10,1,9,5.4,22.2
9,2,4,3.3,40.5
8,10,1,7.5,10.0
3,7,9,2.1,29.9
7,1,3,2.0,57.9
5,9,7,4.5,17.6
2,8,3,3.9,44.2
6,4,6,0.8,43.5
11,2,8,4.9,16.9
5,7,0,5.9,35.4
8,9,5,1.6,18.0
2,6,0,2.0,64.2
1,11,2,0.5,44.4
5,1,0,1.5,75.1
8,7,6,3.1,17.4
11,11,1,5.4,10.0
4,2,7,4.1,43.3
5,3,7,1.5,50.5
1,4,8,0.9,56.7
9,12,0,4.0,11.3
4,0,9,7.6,39.3
3,7,7,2.5,35.3
10,1,8,1.3,34.6
8,5,6,6.6,16.6
3,4,7,2.3,50.5
7,14,7,0.9,10.0
10,11,9,7.9,10.0
7,11,1,1.7,25.6
11,10,8,2.8,10.0
8,9,8,1.5,10.0
1,8,3,7.6,33.1
8,1,5,5.4,36.7
11,0,6,5.9,29.4
5,2,4,0.8,63.5
6,1,9,5.4,33.7
3,3,5,4.2,52.6
2,6,3,3.8,50.8
5,4,1,4.1,54.0
0,3,1,5.0,75.0
7,0,1,0.7,69.9
11,12,2,4.7,10.0
8,11,4,3.9,10.0
11,5,7,3.0,13.6
2,12,6,4.4,13.8
1,7,9,2.9,34.5
3,8,5,1.1,41.8
6,4,3,0.5,52.5
2,11,1,1.0,41.0
3,13,9,5.2,10.0
7,8,9,6.0,10.0
0,0,8,5.4,62.1
1,2,3,0.1,76.9
9,14,1,4.2,10.0
4,9,0,0.1,52.9
6,6,5,0.5,41.9
6,5,6,0.6,41.3
4,8,6,0.8,36.7
0,4,4,0.3,73.7
0,11,6,0.5,39.6
5,9,4,5.8,20.5
7,6,6,3.9,24.7
7,3,4,7.6,32.7
0,9,7,4.5,30.7
4,9,0,7.8,33.2
11,6,1,2.4,25.2
3,2,6,3.5,53.1
1,1,0,5.1,83.5
8,1,6,5.0,36.9
8,0,8,0.0,49.1
11,9,2,4.0,10.0
2,1,8,3.5,55.4
2,2,4,1.7,69.8
9,13,5,5.9,10.0
6,4,7,6.3,27.6
11,5,0,4.9,28.8
11,2,4,3.3,33.7
9,8,4,2.8,16.9
1,1,9,1.2,63.2
0,3,7,5.1,57.7
2,4,3,6.2,52.9
5,10,8,1.0,14.8
1,0,4,3.0,75.0
0,13,6,3.4,25.1
1,12,7,5.7,13.2
11,0,9,0.7,30.5
2,3,5,2.0,62.1
8,4,2,5.2,34.6
3,8,9,7.7,15.6
10,10,0,6.0,11.8
10,4,8,5.8,12.9
4,14,4,1.8,13.4
8,3,3,2.6,45.2
7,2,1,2.3,56.5
9,1,3,6.0,38.7
8,9,4,0.2,24.4
5,12,0,3.3,24.7
2,8,6,6.2,29.3
1,1,3,1.2,78.9
5,1,8,7.5,39.4
11,7,6,7.3,10.0
2,10,4,7.8,20.5
3,1,5,4.4,56.2
7,8,1,1.2,36.1
0,10,8,6.1,22.3
9,11,0,6.7,14.0
2,9,7,0.6,35.9
4,0,7,3.5,54.8
10,0,0,4.8,56.1
8,12,2,5.3,10.0
6,13,4,3.9,10.0
2,3,4,0.4,63.4
7,3,5,4.7,37.9
8,8,1,0.7,34.0
1,3,7,0.6,60.9
6,13,1,0.7,25.5
4,6,4,7.6,30.3
5,5,7,5.5,26.6
4,4,8,4.9,32.2
9,7,0,5.9,23.3
1,13,7,1.9,21.8
6,14,8,2.5,10.0
4,12,9,7.2,10.0
0,11,4,5.3,32.9
3,12,5,6.7,12.0
5,13,0,7.6,11.1
7,11,9,3.6,10.0
4,13,7,4.7,10.0
2,3,8,2.5,50.9
1,7,6,6.7,36.9
10,2,0,3.6,47.3
1,14,2,5.7,21.1
2,8,2,4.5,45.8
9,1,0,4.2,58.9
2,12,8,1.3,19.9
2,14,1,5.8,20.1
2,0,9,0.4,63.8
7,4,6,6.2,28.0
8,1,7,7.4,29.3
5,3,9,6.4,24.5
3,8,5,1.5,36.4
10,1,0,2.4,56.0
2,12,4,1.7,29.8
10,14,7,1.9,10.0
0,1,5,6.5,64.4
2,14,0,0.5,36.4
4,12,5,3.8,13.8
10,5,0,4.8,34.9
0,4,2,7.6,61.9
0,8,1,5.2,52.6
5,9,1,5.6,27.0
1,14,9,4.4,10.0
10,8,7,3.0,10.0
1,14,6,2.8,14.2
5,1,3,5.6,55.2
8,6,4,3.0,31.7
8,5,8,5.4,13.9
9,4,5,4.4,30.3
5,6,0,4.4,44.9
9,14,4,2.6,10.0
3,5,7,1.6,43.6
8,11,6,0.3,10.0
10,7,8,2.1,10.0
1,10,5,4.5,28.8
8,3,2,6.6,37.0
3,7,2,6.4,38.4
10,8,6,6.1,10.0
6,9,5,1.4,23.5
5,14,9,5.4,10.0
9,0,4,1.8,49.9
0,13,3,2.6,31.8
0,11,7,5.9,18.3
4,2,5,2.4,58.4
4,10,7,5.0,13.4
3,13,9,5.4,10.0
8,3,7,7.7,17.1
8,5,9,1.3,18.2
11,7,7,1.4,10.5
6,11,9,3.7,10.0
9,7,5,4.2,12.3
5,9,7,3.1,17.5
11,5,8,5.1,10.0
10,1,4,4.8,38.7
2,5,1,5.3,56.6
3,1,7,7.2,48.4
11,0,2,1.2,49.6
4,7,4,6.5,34.2
9,0,3,4.8,49.9
1,11,8,7.1,10.4
2,0,7,0.1,74.3
3,11,4,6.6,20.7
2,12,6,1.7,17.6
11,2,6,7.6,15.3
6,0,2,2.6,67.1
6,5,1,5.7,40.6
6,8,7,6.5,10.0
8,5,4,7.4,22.9
4,14,9,1.6,10.0
10,7,6,5.0,10.0
3,3,6,0.3,59.6
5,4,0,0.5,66.2
8,4,0,3.3,46.1
5,14,0,5.6,13.0
5,11,7,5.2,10.0
4,13,2,3.7,20.2
6,5,8,4.8,22.0
2,12,5,5.0,21.6
5,12,2,6.7,10.7
5,8,7,7.1,10.0
5,12,5,3.1,14.2
4,0,9,0.5,57.2
5,8,2,1.9,38.2
0,5,7,0.8,57.7
0,9,1,6.3,43.4
6,7,2,0.5,45.2
2,14,5,3.7,12.1
7,2,6,4.3,38.5
2,8,0,6.6,44.2
2,8,1,5.6,41.8
8,14,8,4.8,10.0
9,11,1,4.6,10.8
4,10,2,3.8,27.1
2,6,8,7.2,23.6
4,1,4,1.4,62.5
6,14,3,7.7,10.0
7,6,7,4.8,17.0
9,4,2,1.9,39.0
11,5,1,5.9,25.0
2,8,5,3.0,40.1
0,2,6,0.8,74.9
4,14,9,0.7,10.0
11,2,5,4.5,27.6
9,2,8,5.1,26.7
7,8,9,2.6,10.0
1,12,7,5.5,15.6
5,10,7,2.2,20.3
8,2,8,2.8,38.2
8,5,5,1.8,34.8
6,10,8,5.1,10.0
0,3,2,3.9,69.8
0,9,9,1.2,36.2
1,4,5,7.8,41.5
8,11,0,7.2,10.0
1,14,0,6.3,25.0
6,12,1,0.8,27.7
2,3,2,3.5,67.0
9,2,4,4.2,40.0
6,6,4,7.6,24.7
8,9,7,2.9,10.0
9,7,2,5.4,19.8
9,0,3,4.4,51.1
9,12,5,6.5,10.0
5,4,4,0.9,52.6
11,9,0,6.6,10.0
2,11,5,5.2,25.6
3,12,8,0.9,16.3
10,6,8,6.0,10.0
7,1,8,2.7,40.0
3,5,8,0.6,43.0
8,2,2,3.5,47.5
6,0,1,1.4,72.7
9,9,3,2.2,18.2
11,0,6,8.0,24.0
1,9,8,1.2,32.4
4,4,5,3.0,47.4
8,14,4,5.3,10.0
1,9,5,7.8,24.1
7,14,0,3.0,10.4
9,8,5,1.7,18.1
2,9,1,3.2,49.6
0,7,0,1.3,68.5
3,7,9,7.9,14.3
8,10,3,3.8,17.4
2,3,4,5.3,52.9
1,3,0,2.9,76.4
1,4,2,2.1,66.4
1,2,8,0.7,62.3
1,10,8,6.2,16.4
10,3,8,4.5,17.0
2,9,1,1.7,50.8
3,4,9,5.3,35.5
3,14,7,2.0,10.2
8,1,8,1.7,35.2
0,11,6,7.0,20.9
4,9,9,4.0,15.5
2,10,5,4.3,23.8
8,4,7,6.2,17.0
8,3,6,3.8,30.2
11,3,9,1.9,21.9
5,8,5,5.9,18.2
3,0,7,6.8,54.5
1,3,2,5.1,66.1
8,5,4,6.4,24.3
2,1,8,0.2,63.4
10,14,5,3.9,10.0
1,8,0,3.3,57.2
8,3,3,0.5,46.4
9,2,0,1.7,52.9
10,8,4,3.5,11.6
7,13,0,5.5,10.1
9,0,1,3.1,54.7
11,12,2,5.8,10.0
9,8,2,5.4,19.6
11,2,4,7.7,17.8
10,13,5,1.1,10.0
11,1,0,7.8,38.9
9,8,1,0.6,34.8
5,7,9,6.5,12.3
11,10,2,2.5,10.0
6,4,9,3.4,27.5
11,14,8,2.2,10.0
10,0,7,6.5,29.3
8,14,7,3.8,10.0
7,0,6,5.4,47.9
5,5,4,7.6,32.1
0,9,9,2.9,29.9
7,13,8,3.9,10.0
10,0,0,0.5,63.1
2,9,9,4.8,21.0
5,2,0,2.5,66.4
1,14,7,4.9,10.0
7,7,9,2.4,10.6
3,4,8,0.9,46.6
7,1,3,2.5,55.1
6,6,1,6.6,36.9
7,8,1,1.5,37.8
1,1,5,1.4,71.3
10,1,8,6.6,23.4
6,0,1,2.1,70.9
7,6,8,2.7,20.8
2,6,1,4.3,54.3
6,3,5,3.4,43.1
6,11,8,6.6,10.0
2,14,9,4.6,10.0
4,14,6,5.7,10.0
8,4,2,5.7,35.8
9,11,6,0.6,10.0
5,5,7,7.8,19.9
10,9,0,0.6,32.9
4,6,8,7.6,22.2
11,6,9,7.9,10.0
3,2,2,2.1,71.3
10,4,5,5.1,20.6
7,11,2,0.4,23.8
8,8,8,5.4,10.0
5,11,5,1.5,23.8
4,5,3,7.5,34.9
3,9,0,5.2,38.6
7,10,7,6.1,10.0
8,13,6,7.6,10.0
9,11,2,6.9,10.0
7,10,8,3.7,10.0
2,14,0,1.4,36.7
2,14,6,2.6,11.3
4,0,9,4.7,51.6
6,9,9,6.0,10.0
1,7,5,2.0,46.8
7,1,7,3.6,38.0
5,8,8,2.9,20.0
11,3,8,3.8,18.2
0,1,3,2.6,78.3
11,7,2,1.3,24.8
9,2,3,3.9,45.2
9,8,5,7.6,10.0
9,12,4,0.9,10.0
0,4,7,6.7,44.7
3,14,4,5.9,10.0
6,3,3,2.6,51.5
9,10,1,1.1,22.7
3,0,2,7.5,65.2
4,11,1,3.0,34.6
5,11,4,3.5,18.5
4,0,7,2.6,58.9
11,5,3,6.8,13.5
5,6,4,1.8,43.5
8,3,1,6.1,42.7
2,13,6,2.0,17.1
6,11,2,2.7,23.5
7,7,7,7.4,10.0
10,6,1,4.9,28.6
8,1,1,5.5,48.5
6,4,3,5.0,40.5
2,7,7,1.4,38.8
9,13,1,5.3,10.0
2,2,4,4.3,58.6
3,7,4,6.6,32.3
11,13,8,7.9,10.0
11,6,8,5.0,10.0
6,4,0,2.7,56.0
3,0,8,6.9,48.0
4,13,2,6.8,12.7
1,4,8,6.8,38.7
5,7,0,2.9,46.7
8,5,4,3.3,32.4
1,13,7,6.2,10.0
7,12,5,3.4,10.0
10,12,0,3.9,10.0
6,6,7,0.1,33.5
10,14,3,7.1,10.0
3,14,0,3.8,26.5
3,1,9,7.2,38.2
3,12,7,7.8,10.0
3,4,8,1.3,46.4
3,4,7,0.7,49.0
8,8,7,5.3,10.0
4,2,6,2.0,53.8
3,13,0,3.5,30.5
5,13,1,0.1,26.4
5,4,0,3.4,56.5
2,1,8,7.8,46.7
11,0,1,0.8,56.3
11,3,1,5.5,32.2
10,11,8,4.3,10.0
0,1,9,6.8,53.2
8,8,2,5.2,21.6
11,3,1,0.0,46.7
4,2,4,5.4,52.5
9,0,7,6.5,30.6
5,13,1,5.9,12.6
3,12,9,5.8,10.0
5,10,4,7.1,13.6
6,5,4,4.9,33.7
0,2,0,5.4,78.1
0,2,2,4.3,74.9
8,1,2,7.6,43.6
6,1,8,5.4,39.7
7,3,0,2.3,58.2
5,5,7,6.8,24.4
8,11,3,2.7,13.7
4,3,9,6.9,23.9
3,14,6,1.4,10.1
11,1,4,1.5,41.8
1,8,9,4.2,25.9
10,12,6,2.9,10.0
11,7,3,7.6,10.0
10,12,3,5.7,10.0
5,7,8,3.9,20.2
0,0,1,7.7,79.6
5,9,0,7.5,27.2
9,12,7,1.8,10.0
5,2,5,1.9,54.9
3,10,5,6.4,17.6
0,11,6,3.5,29.8
7,3,2,1.2,58.2
10,6,3,7.4,12.5
2,5,0,5.9,59.2
4,2,8,3.0,46.7
11,7,3,7.9,10.0
2,0,5,5.0,64.4
3,2,6,4.1,51.9
8,13,1,4.2,10.0
6,0,4,2.7,58.9
9,2,4,2.6,43.6
7,8,1,7.8,18.0
11,1,7,7.0,21.3
1,1,2,2.3,79.7
9,1,7,7.4,24.6
8,1,5,0.7,49.8
11,0,0,2.3,56.5
6,10,3,7.3,10.0
9,0,7,0.5,46.9
0,9,5,7.4,28.4
8,14,8,2.8,10.0
10,12,1,1.4,10.7
8,7,8,1.3,14.2
0,3,7,3.3,58.2
4,6,4,5.6,30.5
0,6,5,5.2,44.0
6,8,8,2.6,19.4
11,13,1,3.4,10.0
9,7,8,2.0,10.0
7,13,4,3.3,10.0
6,6,2,1.6,48.1
1,1,5,6.1,60.3
3,12,6,3.1,13.4
6,3,6,2.8,42.7
1,0,2,5.0,75.0
4,5,2,2.1,57.4
10,5,9,3.3,10.0
9,13,7,0.7,10.0
9,6,9,1.1,16.1
10,7,7,4.2,10.0
10,7,0,8.0,18.2
7,11,1,4.5,18.0
5,7,1,3.7,42.6
0,2,2,1.9,82.1
3,11,7,2.9,12.0
10,0,8,6.3,26.3
4,12,7,3.7,10.0
7,14,8,5.5,10.0
2,3,2,2.7,71.0
0,11,8,1.6,27.1
7,0,6,4.2,43.8
2,10,1,2.8,39.0
6,14,9,0.9,10.0
0,14,3,2.8,28.1
5,3,4,3.3,47.4
0,2,7,5.9,56.5
8,12,8,3.4,10.0
3,12,5,7.3,10.0
9,7,9,5.1,10.0
0,1,4,7.0,66.7
11,2,9,1.6,19.8
10,10,6,6.6,10.0
1,11,8,0.7,26.4
0,13,5,5.8,18.3
6,13,0,2.7,17.6
0,13,8,2.4,16.5
0,13,2,5.3,26.1
1,14,6,0.5,19.5
0,8,8,7.6,24.2
10,8,7,1.9,10.0
9,12,9,6.5,10.0
7,5,6,5.4,26.0
4,2,6,3.3,50.9
3,12,0,5.8,28.0
2,10,4,2.9,35.4
10,10,5,5.3,10.0
0,4,1,0.0,83.3
3,10,2,7.7,30.5
3,11,7,1.2,20.1
2,5,0,4.1,63.8
10,10,6,2.1,10.0
5,9,9,3.0,12.2
3,2,1,2.7,69.8
7,0,0,7.9,56.8
9,9,8,1.1,10.0
0,7,6,1.2,49.3
11,11,2,7.8,10.0
9,6,8,1.1,17.4
11,2,8,0.7,27.4
11,12,8,4.1,10.0
1,12,3,1.6,30.6
8,9,7,1.7,11.5
4,6,3,6.6,35.7
1,11,3,1.9,37.5
9,10,8,2.6,10.0
9,3,7,5.3,23.8
6,6,5,7.9,23.3
0,8,5,3.9,44.6
3,1,4,5.3,63.0
8,0,8,4.0,40.5
5,9,5,1.4,27.8
1,12,4,3.6,30.2
7,5,9,5.0,14.7
1,3,6,0.5,67.5
7,11,8,1.4,10.0
1,11,4,6.5,26.1
7,14,9,0.7,10.0
10,0,8,1.3,37.3
1,2,9,2.0,55.3
2,2,7,0.4,63.7
6,8,0,6.3,32.2
3,4,0,4.3,59.4
2,13,7,1.6,17.9
6,2,0,0.8,70.7
9,12,9,4.6,10.0
6,3,5,4.9,41.3
9,0,9,5.5,30.8
8,11,4,6.2,10.0
4,11,4,7.8,10.0
8,4,4,6.7,28.5
8,10,8,1.9,10.0
4,0,8,0.6,66.0
7,8,8,0.8,19.8
1,7,2,6.7,44.3
5,9,5,6.1,18.6
1,5,8,0.4,52.9
0,10,1,5.9,40.5
8,11,7,5.9,10.0
3,10,6,6.5,17.6
1,4,9,5.2,41.1
9,8,0,4.3,27.0
8,11,4,2.4,11.4
9,10,4,0.5,16.5
3,2,5,0.8,62.1
8,13,4,3.5,10.0
3,4,5,1.4,52.6
11,12,1,0.1,10.0
11,7,4,3.7,10.4
10,11,3,8.0,10.0
2,3,9,7.8,33.5
6,1,4,6.1,47.4
7,8,7,2.0,18.5
11,1,5,6.3,23.6
4,9,1,5.1,35.2
9,2,5,2.6,39.1
4,10,1,0.4,40.8
0,3,4,3.9,65.3
9,2,8,4.7,27.3
4,2,9,4.9,39.1
4,13,7,2.4,10.0
0,6,5,5.7,44.0
11,0,4,5.5,34.9
8,10,1,2.4,19.4
3,12,9,5.9,10.0
1,7,2,6.0,47.7
7,3,7,6.7,25.9
0,8,3,3.4,49.6
1,5,1,7.5,49.3
2,1,0,7.7,69.5
2,6,7,5.7,35.4
4,14,2,5.2,10.2
2,12,8,6.6,10.0
2,6,7,1.1,46.4
0,12,7,6.2,15.1
7,1,5,3.5,44.1
4,4,2,7.3,46.3
7,2,6,0.8,47.0
0,11,3,1.5,43.4
8,4,0,2.9,47.4
0,1,1,7.8,78.2
2,0,0,4.7,81.8
11,14,0,7.4,10.0
7,5,0,7.5,36.2
0,5,8,0.3,53.8
6,2,9,5.8,26.7
4,14,1,2.2,21.2
2,2,7,3.2,53.0
10,2,5,0.1,40.3
7,12,1,5.5,10.0
11,9,7,6.8,10.0
6,8,3,0.8,35.3
1,0,6,5.0,63.3
11,10,7,2.0,10.0
11,10,5,7.9,10.0
8,4,7,0.4,35.7
5,8,8,4.2,15.9
9,14,2,6.7,10.0
1,11,2,5.9,29.8
1,9,1,4.4,45.4
0,8,1,6.9,46.5
11,9,7,7.8,10.0
3,13,8,0.8,12.3
11,13,0,0.6,10.0
4,11,9,6.7,10.0
8,8,5,2.0,21.9
8,1,8,7.0,27.4
1,2,4,2.8,65.6
6,8,2,1.7,38.8
5,11,1,2.6,26.8
4,1,0,7.3,67.2
3,0,3,5.9,66.9
11,11,1,0.3,12.1
5,10,2,7.9,17.7
9,12,7,1.7,10.0
1,10,1,3.9,47.1
3,0,7,1.8,65.8
0,8,0,2.2,65.6
5,4,0,0.6,67.7
8,6,2,5.3,27.4
4,12,7,4.3,10.0
8,9,4,5.3,10.1
7,12,2,3.0,14.3
7,4,0,6.9,44.4
5,4,7,4.2,37.2
10,10,3,7.7,10.0
7,13,2,6.7,10.0
3,9,4,4.4,28.2
1,4,2,7.8,55.3
6,1,8,1.8,47.4
10,5,9,4.7,10.0
3,4,6,5.6,41.6
9,1,5,0.6,50.7
10,14,1,4.1,10.0
9,9,9,1.4,10.0
5,12,7,5.4,10.0
0,12,6,1.2,28.2
3,1,2,6.3,58.8
11,0,0,4.8,46.5
3,14,9,1.3,10.0
1,1,9,4.9,52.2
11,2,0,0.1,51.4
7,11,5,0.3,14.2
3,9,3,1.7,40.9
9,1,5,3.0,39.5
11,8,4,1.2,15.7
10,4,9,6.3,10.0
3,0,8,0.9,61.5
5,0,1,0.4,79.0
10,13,8,0.1,10.0
3,6,0,4.5,52.6
0,6,6,4.6,48.4
2,14,5,1.5,17.4
7,14,2,2.1,10.0
1,8,2,6.2,42.6
7,8,4,7.1,13.1
5,8,1,2.6,41.5
8,1,0,3.5,61.0
1,3,6,0.5,64.0
0,13,9,6.8,10.0
11,6,8,5.3,10.0
1,0,8,0.6,69.5
4,14,2,4.7,13.1
6,0,2,0.8,65.4
6,8,5,5.9,16.0
8,12,5,1.1,10.0
4,4,3,3.7,50.1
8,1,3,5.7,46.8
7,10,1,1.5,28.4
7,9,3,0.8,26.8
4,8,4,6.1,26.7
4,5,3,5.9,45.3
1,12,6,2.7,22.2
3,14,5,1.7,14.7
11,4,4,7.4,12.6
4,2,3,5.2,56.2
3,10,2,4.3,34.5
6,2,8,2.2,41.2
10,7,8,2.9,10.0
10,5,9,2.7,10.0
5,6,0,7.6,38.5
6,14,2,1.1,15.7
10,0,6,3.5,37.2
10,5,9,0.3,15.3
10,13,3,4.2,10.0
7,12,8,6.7,10.0
1,11,0,7.7,35.3
8,13,4,2.5,10.0
1,11,4,1.5,34.6
2,2,7,5.0,52.5
8,8,8,2.5,10.8
11,4,5,0.8,28.6
2,4,2,1.6,67.0
2,6,2,0.2,63.0
11,12,6,7.1,10.0
8,7,6,3.0,20.6
6,2,8,6.2,33.6
10,11,1,5.2,10.0
0,14,6,1.5,21.7
9,3,3,3.2,37.4
1,0,8,3.6,59.2
4,9,3,5.2,24.8
2,0,8,7.4,52.1
6,7,5,1.5,29.8
1,11,6,3.2,26.1
1,11,3,1.6,38.3
3,4,5,6.6,38.8
5,13,6,5.9,10.0
7,13,2,6.6,10.0
7,6,0,6.2,36.6
4,13,0,0.2,33.6
2,5,2,2.1,61.3
11,9,6,2.8,10.0
3,12,9,6.4,10.0
11,6,4,6.8,10.0
0,9,2,3.8,49.3
2,6,2,7.9,42.9
9,10,8,4.2,10.0
6,7,4,4.1,25.7
11,6,8,4.3,10.0
11,12,9,5.9,10.0
11,8,7,3.0,10.0
10,14,0,7.3,10.0
9,7,5,4.4,13.8
11,0,5,3.4,40.4
1,10,4,2.0,35.4
1,9,3,2.9,43.7
2,1,2,5.3,70.4
6,13,3,7.8,10.0
3,12,5,4.7,14.5
11,6,3,4.3,14.2
9,8,2,2.4,28.3
11,2,5,7.4,18.5
5,11,9,4.9,10.0
10,2,2,6.8,31.7
3,12,2,0.5,35.7
11,1,2,6.1,33.1
3,0,2,2.1,77.1
10,4,5,7.7,16.9
1,0,1,1.2,92.5
9,5,9,0.9,19.8
3,0,2,2.8,78.7
5,9,4,2.4,31.7
6,5,4,7.9,24.8
2,3,2,5.0,66.4
3,9,4,6.2,22.7
7,5,0,1.1,53.5
6,1,5,8.0,39.2
10,5,9,6.9,10.0
2,4,2,7.6,50.7
1,9,7,1.7,36.4
0,5,9,2.6,43.0
0,7,1,7.0,55.3
4,8,0,3.0,46.1
5,10,8,0.1,15.7
8,1,0,7.5,50.2
9,6,5,1.5,27.8
6,13,2,0.1,23.2
0,11,9,2.4,23.1
1,0,8,5.5,62.8
6,8,4,5.1,26.2
0,2,5,1.6,74.3
1,9,1,3.7,49.1
5,8,6,5.4,18.3
0,3,4,4.6,65.2
9,0,6,5.8,37.3
4,12,0,3.5,26.7
1,7,8,3.1,36.0
3,10,3,0.5,35.6
10,0,2,7.1,41.2
11,7,6,7.0,10.0
10,2,3,3.5,40.8
0,12,7,6.6,16.8
2,8,8,5.0,24.2
7,13,8,2.0,10.0
5,3,1,1.4,66.4
0,8,8,0.4,43.4
11,7,5,5.3,10.0
2,0,3,2.3,80.3
4,11,0,7.2,17.6
11,6,2,6.8,15.4
7,5,9,5.8,14.5
10,9,7,4.9,10.0
1,5,4,7.4,48.7
1,4,1,6.8,62.2
7,9,7,2.1,14.4
0,11,1,2.1,47.1
11,12,4,0.2,10.0
1,5,2,3.9,63.1
10,2,0,3.6,47.0
8,0,8,2.0,42.8
10,8,6,7.7,10.0
7,2,7,4.3,31.6
0,13,7,1.2,22.7
6,9,2,6.8,18.7
5,11,9,3.6,10.0
1,2,5,6.0,58.7
3,2,0,2.9,79.2
4,14,3,0.6,20.5
9,9,0,7.9,11.7
6,5,8,6.7,15.2
3,12,7,1.8,16.6
7,6,8,6.7,11.4
11,4,2,6.5,24.2
1,8,8,6.4,26.3
4,8,5,2.0,36.0
2,0,0,1.3,91.6
7,0,2,4.1,56.7
7,0,7,5.6,40.8
7,2,8,3.8,36.2
5,1,6,3.4,54.1
5,8,7,3.7,24.1
9,13,5,7.6,10.0
8,8,8,7.4,10.0
4,1,8,7.5,38.9
11,9,2,2.4,12.0
9,4,5,0.2,38.6
3,13,6,7.8,10.0
2,14,8,0.5,10.0
11,4,4,7.5,16.1
1,12,8,4.0,17.0
9,12,7,4.6,10.0
8,5,8,0.7,24.0
8,12,9,7.4,10.0
7,10,3,1.2,24.9
11,1,3,7.1,33.0
3,6,1,1.5,59.1
9,13,0,1.5,12.7
3,9,1,1.2,47.6
3,0,9,1.3,60.5
5,9,2,5.4,24.8
3,3,8,0.0,50.8
8,7,3,6.4,21.7
5,12,5,5.8,10.0
9,3,3,3.3,39.7
10,11,6,6.7,10.0
0,0,3,5.6,76.1
1,11,0,7.8,33.8
3,2,3,5.3,59.8
2,7,7,5.0,36.1
7,6,1,0.8,44.0
2,5,7,7.1,37.7
10,6,3,5.0,23.1
1,11,0,3.8,46.2
4,12,1,0.1,36.6
8,13,6,4.0,10.0
3,8,2,4.7,37.8
2,2,4,5.7,59.9
9,10,1,1.4,25.1
9,13,5,0.8,10.0
7,7,3,4.6,27.8
8,0,8,6.7,29.5
5,3,2,5.1,54.2
2,9,6,6.1,24.3
8,12,8,2.9,10.0
4,7,9,1.6,25.1
9,11,0,2.1,16.4
8,4,6,1.7,31.0
6,12,1,7.3,10.1
2,11,1,7.4,25.5
4,7,4,4.6,32.5
2,6,9,5.1,31.6
0,3,7,7.1,48.1
1,7,8,2.5,38.6
10,2,1,2.1,47.4
8,0,7,7.2,32.1
7,4,7,1.5,32.6
11,11,9,8.0,10.0
0,14,2,6.4,22.6
0,10,9,7.1,14.9
11,5,9,2.1,10.9
2,6,0,6.8,49.4
2,14,6,2.9,10.0
0,0,6,3.4,76.0
11,3,7,5.2,14.9
9,5,7,7.7,10.0
0,6,0,4.3,63.7
9,6,0,4.8,31.5
2,1,9,7.2,42.7
0,2,0,1.8,87.1
8,10,5,3.8,10.0
11,12,5,7.0,10.0
3,4,6,6.6,40.3
4,2,2,0.5,70.0
11,5,4,0.5,25.8
1,3,2,6.9,59.0
6,8,6,2.1,26.1
3,5,1,2.8,61.2
3,9,1,5.4,38.1
7,3,8,5.3,25.8
6,6,2,5.6,36.7
8,9,5,0.7,17.5
3,2,6,4.8,54.1
8,12,4,3.8,10.0
9,3,2,6.4,33.3
4,9,0,1.2,49.5
8,14,3,5.6,10.0
4,4,8,6.1,31.7
7,11,6,7.9,10.0
5,8,3,4.9,27.9
7,1,6,2.1,47.8
5,7,3,6.8,30.1
11,3,4,6.4,18.1
10,7,5,0.3,21.8
2,4,7,6.1,42.6
10,10,2,5.5,10.0
5,14,5,1.9,10.0
2,8,5,4.7,36.4
11,5,1,4.2,27.7
9,12,9,2.1,10.0
1,13,1,3.7,31.6
7,1,0,1.6,69.5
6,13,2,1.3,17.0
4,1,4,7.5,50.5
6,7,4,4.6,25.9
11,14,1,6.5,10.0
5,3,0,2.7,61.9
4,13,9,2.7,10.0
9,9,1,4.0,17.6
5,7,7,6.8,14.9
10,8,3,7.6,10.0
0,13,5,0.4,30.9
3,11,5,3.7,20.5
10,3,9,7.0,10.0
4,12,5,4.4,11.8
8,9,8,3.6,10.0
10,4,2,1.2,38.9
1,0,8,3.5,68.2
7,9,9,5.9,10.0
11,13,5,5.4,10.0
5,13,1,3.5,18.8
1,7,8,6.1,31.0
6,9,1,4.8,24.7
2,14,2,2.2,27.8
8,5,8,1.1,26.1
5,5,5,5.3,31.1
0,1,9,1.4,63.2
2,3,6,1.7,56.5
0,5,9,2.2,50.7
11,14,2,7.6,10.0
2,2,2,5.4,67.4
10,10,5,7.4,10.0
0,9,3,2.0,48.7
9,0,4,4.9,41.7
6,4,2,5.4,43.4
11,3,5,7.6,16.7
1,5,6,3.7,50.5
5,10,4,5.1,17.6
10,5,2,7.0,20.6
8,4,5,1.1,36.7
4,8,9,7.3,10.0
2,1,0,2.6,84.8
3,7,7,3.4,31.6
2,3,5,4.0,55.2
3,0,2,5.7,73.9
4,2,9,1.3,47.4
7,1,5,5.5,42.8
3,12,9,0.8,11.1
7,13,6,3.1,10.0
3,9,1,4.9,38.3
0,2,5,1.1,74.8
2,11,5,5.3,20.3
7,12,4,7.6,10.0
2,0,6,7.7,54.2
4,14,1,4.7,18.2
7,13,5,4.2,10.0
1,2,7,3.5,53.6
11,10,5,3.6,10.0
3,12,3,4.5,18.8
5,9,5,3.5,23.7
7,11,4,3.4,10.0
3,9,1,2.3,45.1
2,6,0,5.4,55.2
0,4,8,7.0,42.3
6,6,1,0.3,53.8
9,4,7,7.7,11.1
11,2,2,5.8,33.1
6,6,3,0.1,46.1
7,11,3,0.8,24.5
1,2,5,7.5,51.5
1,2,0,5.4,70.5
8,7,4,0.5,35.9
8,7,4,2.7,25.0
10,10,0,7.1,10.0
5,5,2,6.8,35.8
4,7,1,1.5,52.6
0,0,9,3.4,61.7
3,13,7,6.0,10.0
4,14,2,5.5,10.4
9,2,8,0.8,32.4
2,11,4,4.8,24.1
4,1,9,0.2,54.4
6,12,0,2.9,23.2
7,5,0,4.1,42.9
8,6,7,0.3,26.3
1,10,9,6.8,11.9
7,4,7,3.3,27.7
7,2,8,3.2,35.2
7,0,4,0.9,62.2
8,0,8,3.8,37.1
1,2,9,0.7,57.3
0,12,6,1.2,28.6
9,2,9,6.7,15.4
11,1,4,5.5,28.7
6,2,3,4.8,49.7
11,4,4,4.1,24.3
10,10,5,3.8,10.0
1,4,2,7.6,57.4
6,10,4,7.9,10.0
10,10,4,3.1,10.0
8,0,6,0.1,50.8
7,11,2,7.3,10.0
10,2,3,2.6,40.7
6,4,7,7.4,24.6
7,3,6,4.3,32.5
4,11,9,7.7,10.0
0,1,9,4.1,59.4
10,9,1,3.4,18.9
7,10,2,7.4,12.4
4,4,5,5.8,37.3
0,2,4,6.7,61.6
9,4,4,0.6,38.8
10,13,8,4.9,10.0
8,11,7,5.3,10.0
10,0,9,1.1,31.9
1,10,3,2.4,40.1
1,11,5,7.1,18.0
0,10,5,1.8,41.3
3,6,9,6.2,25.3
5,4,1,0.2,62.6
5,10,0,1.5,37.8
1,8,0,0.4,63.1
8,6,4,3.3,26.0
3,10,3,1.6,38.2
5,11,0,2.1,35.1
9,13,2,4.0,10.0
11,11,9,4.1,10.0
4,7,7,1.7,33.6
2,6,3,6.8,43.7
2,11,4,2.7,30.0
7,8,4,3.0,22.1
4,8,1,7.2,32.3
11,13,2,3.4,10.0
6,0,1,1.7,70.1
0,1,0,0.7,96.5
11,5,7,5.3,11.4
11,7,5,1.5,13.0
5,11,9,6.4,10.0
6,3,1,7.1,43.4
11,8,8,4.1,10.0
9,1,7,4.7,28.9
11,5,6,0.6,25.2
6,13,6,5.3,10.0
5,7,9,7.3,10.0
7,1,1,0.0,68.5
3,0,5,1.7,69.2
5,6,9,2.6,23.9
5,9,3,6.5,19.3
1,8,3,0.9,49.5
4,7,7,3.5,27.2
5,7,7,1.5,28.6
4,14,6,7.3,10.0
6,6,9,1.7,24.7
7,7,1,2.5,37.9
6,7,5,4.4,25.3
1,3,8,0.6,61.2
7,2,8,3.4,32.9
5,11,6,2.5,15.2
4,3,1,7.0,53.7
10,14,7,6.4,10.0
9,12,7,7.4,10.0
5,7,8,2.2,25.4
7,11,8,6.5,10.0
5,6,2,6.6,41.5
6,4,5,0.9,47.2
10,1,2,4.0,43.3
5,8,1,7.8,28.2
6,9,0,6.6,22.1
8,5,3,5.3,29.2
10,1,1,4.1,46.0
9,10,4,5.7,10.0
8,0,5,6.4,42.4
9,5,7,4.0,18.2
6,10,9,5.9,10.0
1,13,5,1.2,25.5
11,2,8,3.2,25.1
6,2,3,0.4,58.9
6,11,3,6.1,10.4
9,9,3,1.7,23.1
2,8,9,1.3,31.9
2,11,6,3.5,20.9
3,10,9,4.3,13.0
11,6,9,1.3,10.0
4,2,3,2.9,60.3
2,5,3,4.6,53.8
2,10,3,0.7,40.8
11,7,6,2.5,11.6
9,2,9,2.1,26.7
1,4,9,5.8,36.8
7,4,6,1.3,37.8
8,13,7,4.0,10.0
3,10,6,2.6,27.1
11,12,5,5.8,10.0
1,0,1,7.7,74.0
9,10,8,6.9,10.0
6,12,7,4.1,10.0
2,4,5,6.8,42.0
9,9,7,5.7,10.0
3,1,4,1.5,67.7
6,8,3,5.5,23.6
2,5,3,4.7,52.9
7,10,0,1.6,31.5
7,1,6,7.8,34.8
10,10,9,6.5,10.0
2,9,6,6.2,26.7
5,5,4,7.8,30.3
7,14,9,7.9,10.0
8,10,4,3.8,10.2
4,4,2,4.0,55.5
8,4,4,6.8,29.6
5,13,5,5.1,10.0
7,7,0,0.6,46.0
11,0,3,5.5,38.9
4,3,8,3.8,40.9
3,7,9,0.5,33.3
5,4,1,7.3,47.0
6,9,6,1.9,19.9
10,13,7,7.6,10.0
3,14,3,4.0,12.1
1,2,6,5.2,58.3
0,2,4,2.1,71.8
3,0,0,7.9,70.1
3,12,9,0.4,12.7
6,11,4,6.9,10.0
3,11,9,0.5,16.5
10,3,7,7.3,15.2
7,6,3,7.3,22.4
0,6,2,2.9,62.0
10,11,7,4.8,10.0
0,13,1,6.8,30.7
0,7,1,2.5,64.2
4,14,5,1.0,10.0
2,14,4,7.3,10.0
3,4,2,0.6,66.1
9,12,2,1.1,10.0
1,3,4,1.4,65.3
4,2,9,4.9,38.5
4,14,8,2.5,10.0
4,10,6,4.5,15.5
4,5,5,6.2,33.1
10,10,3,4.8,10.0
0,9,2,7.3,37.3
11,4,9,0.8,19.7
3,10,6,7.4,12.3
10,14,7,3.9,10.0
5,12,3,0.5,25.4
11,11,1,7.1,10.0
7,4,6,0.9,39.9
9,3,2,5.4,37.1
7,13,1,2.3,15.3
11,8,4,0.8,15.1
5,7,8,6.7,11.6
6,12,2,3.4,16.7
0,9,0,5.0,49.6
6,7,0,5.6,35.7
3,4,6,4.4,46.9
0,14,0,6.2,27.5
7,12,4,4.0,10.0
10,10,6,3.3,10.0
9,14,2,6.0,10.0
6,0,8,1.7,49.8
11,2,1,7.5,29.4
9,7,5,2.4,16.6
11,11,6,0.3,10.0
7,0,0,4.3,64.3
0,8,1,2.4,57.4
7,5,4,1.3,38.4
10,14,8,6.3,10.0
10,0,2,4.7,51.9
9,12,8,4.7,10.0
0,10,9,4.1,23.1
10,11,6,5.2,10.0
9,7,6,7.4,10.0
8,4,7,2.6,27.7
6,6,1,5.1,39.0
7,1,0,6.3,56.9
9,9,1,1.6,24.0
4,9,1,5.9,35.1
5,6,3,3.1,41.6
3,2,1,6.7,58.6
11,14,4,2.4,10.0
8,4,8,5.5,16.6
10,8,2,4.1,15.3
7,4,9,6.0,18.2
1,4,1,6.5,64.0
6,8,3,1.0,36.8
10,14,7,2.1,10.0
6,1,4,2.1,55.7
11,5,0,0.4,43.8
6,8,1,7.7,26.4
2,1,6,4.5,59.8
1,12,6,1.8,27.8
0,13,0,4.5,33.8
7,13,0,6.6,10.0
0,1,3,1.3,83.3
1,0,4,5.2,73.2
5,14,8,1.2,10.0
11,3,5,6.8,19.3
6,1,6,1.9,51.3
6,10,1,4.8,20.7
9,7,1,0.1,35.5
1,14,7,0.0,19.1
7,4,4,5.5,35.4
2,0,2,0.5,87.3
1,6,1,1.7,64.4
1,8,2,7.5,39.4
0,3,7,5.2,52.3
10,1,1,2.1,52.8
0,12,6,5.4,19.5
11,12,7,7.9,10.0
6,1,9,3.5,38.0
8,12,9,4.1,10.0
5,6,6,4.3,32.7
7,14,5,1.3,10.0
11,10,7,4.3,10.0
11,9,7,5.0,10.0
2,2,7,3.9,54.0
11,5,7,3.7,11.2
1,10,7,1.8,28.4
1,8,6,4.6,36.2
0,12,2,4.4,35.9
6,12,3,7.4,10.0
8,5,5,2.9,31.4
2,6,9,5.6,24.4
3,3,3,6.3,53.5
1,14,4,6.3,13.0
7,12,8,4.5,10.0
8,13,1,5.0,10.0
4,6,3,6.4,38.6
2,9,2,0.2,48.5
11,14,5,1.7,10.0
10,10,0,4.2,16.7
11,1,8,5.8,20.3
11,7,6,1.4,13.9
10,12,3,7.0,10.0
0,14,8,4.1,10.0
0,1,8,3.0,67.2
3,4,5,1.2,57.1
1,3,3,4.5,63.3
3,13,5,6.3,10.0
8,3,7,2.5,31.4
2,13,6,4.0,12.5
11,5,1,1.4,31.9
0,13,1,2.1,41.0
0,14,1,5.5,23.7
11,4,6,7.7,10.0
3,1,4,4.9,63.8
8,14,5,5.1,10.0
2,2,8,7.0,42.4
3,4,5,1.5,52.3
3,3,8,6.5,35.9
9,5,8,6.9,10.0
3,5,6,5.5,39.4
3,8,2,0.3,51.9
10,12,2,7.4,10.0
10,14,8,4.7,10.0
3,14,0,1.8,28.8
3,0,1,3.9,80.0
4,8,4,4.5,27.9
6,10,4,0.6,26.7
1,3,0,4.7,70.1
3,13,2,5.0,19.8
10,12,8,6.4,10.0
6,8,5,7.4,12.9
11,11,0,3.7,10.0
8,7,8,2.2,10.1
4,5,8,5.4,29.2
4,3,4,1.2,59.4
7,11,6,0.8,13.3
9,3,1,6.3,39.5
6,3,8,6.9,26.2
2,3,8,6.5,38.7
11,1,8,7.1,16.9
1,9,0,2.2,53.0
5,11,0,5.0,26.7
10,1,4,4.9,34.5
4,4,1,0.4,71.0
8,10,4,0.2,20.8
11,5,4,7.0,10.0
7,14,2,0.1,12.2
10,9,0,5.8,14.7
2,1,5,3.4,64.8
11,0,0,0.3,59.8
6,2,3,6.8,45.1
9,11,0,3.1,17.3
11,14,1,5.9,10.0
10,3,4,4.0,29.2
11,3,9,7.0,10.0
1,12,3,4.0,25.2
5,8,0,6.0,34.8
0,5,3,4.8,54.7
8,2,2,6.3,39.1
1,9,8,0.9,31.0
6,8,1,2.8,35.9
3,13,6,2.9,10.2
4,1,0,0.9,76.4
2,14,3,7.2,12.2
1,7,4,2.1,51.2
10,4,3,6.2,23.9
0,14,2,3.9,25.8
6,8,4,7.1,15.8
11,6,8,5.8,10.0
9,8,5,6.1,10.0
10,9,6,3.9,10.0
8,13,7,3.1,10.0
9,0,7,3.7,39.0
10,7,9,3.9,10.0
11,2,4,0.5,40.3
9,7,2,0.9,35.3
0,1,8,2.3,67.2
9,11,7,3.3,10.0
9,12,4,0.5,10.1
3,1,9,3.8,53.4
5,3,6,4.6,38.6
9,9,2,7.7,10.0
0,13,1,0.8,41.8
9,4,9,6.5,10.0
4,11,1,5.9,27.0
5,9,6,6.0,11.8
7,1,4,6.8,46.8
10,2,4,7.7,25.0
2,4,6,5.1,44.6
9,14,7,7.1,10.0
3,2,4,1.0,69.6
5,2,5,1.9,54.7
10,3,6,3.0,24.2
10,12,9,0.6,10.0
10,4,6,1.8,27.8
6,2,8,7.8,27.4
7,0,1,5.9,55.7
9,14,6,5.8,10.0
7,11,2,4.3,18.3
2,14,1,1.8,27.2
0,2,9,1.0,60.5
3,4,6,4.2,46.9
1,10,5,5.3,27.3
9,5,8,4.5,13.7
2,7,4,3.7,45.6
9,6,2,0.2,38.3
6,13,6,4.8,10.0
0,1,5,4.2,70.4
4,4,8,2.3,41.3
9,2,2,6.4,39.1
10,11,3,5.5,10.0
9,10,4,7.8,10.0
1,7,7,4.0,39.0
11,0,4,0.5,53.2
6,2,3,7.4,39.5
3,6,9,3.7,25.9
4,6,0,8.0,40.7
10,7,1,4.0,24.7
4,3,4,3.4,52.0
7,13,3,0.6,16.5
1,12,7,1.0,23.2
4,0,2,0.9,78.8
3,10,1,5.1,36.4
0,10,1,4.3,44.0
0,14,5,7.9,10.0
7,0,9,3.5,40.8
1,0,4,1.3,81.4
9,12,8,2.3,10.0
9,6,3,6.4,18.4
6,0,5,6.6,46.6
5,9,8,0.9,19.4
4,14,1,7.9,11.6
6,4,3,2.8,46.5
11,12,1,2.9,10.0
6,10,4,2.3,19.5
11,11,0,6.1,10.0
0,7,3,7.5,39.9
4,14,4,5.7,10.0
11,1,8,0.8,34.4
9,3,4,6.2,30.7
7,5,5,6.2,24.9
8,14,7,5.2,10.0
11,6,2,1.5,32.4
5,13,9,4.0,10.0
7,4,3,0.3,45.7
7,7,4,2.0,27.6
11,9,6,5.4,10.0
3,14,4,2.9,15.4
8,2,4,1.3,48.9
2,6,8,0.9,40.6
4,11,5,6.1,12.9
0,10,3,2.3,45.8
5,6,5,7.7,19.7
9,1,9,5.9,22.4
8,0,2,2.8,56.1
5,1,5,2.7,56.0
7,9,8,1.1,12.8
1,10,2,5.7,36.2
0,2,0,4.0,85.0
6,11,8,6.6,10.0
1,6,2,2.2,60.0
3,14,7,2.7,10.0
2,0,8,3.8,57.1
5,9,1,5.7,29.1
2,0,4,6.9,64.3
0,8,3,7.6,36.9
7,4,4,0.4,49.5
10,8,3,6.8,10.0
11,7,3,1.0,20.7
2,8,2,7.9,34.8
4,10,1,0.4,43.2
1,8,7,2.5,32.9
1,4,2,8.0,53.1
9,9,9,2.0,10.0
3,8,1,6.8,38.7
6,11,7,6.7,10.0
3,11,7,2.1,19.5
10,0,4,4.0,38.8
1,1,1,0.6,90.8
2,13,9,1.1,10.7
4,3,7,2.9,46.5
0,13,3,7.2,20.2
5,11,4,5.3,12.5
4,6,8,4.8,25.6
5,10,5,7.6,11.3
5,3,3,6.2,47.6
7,6,9,8.0,10.0
10,11,7,3.7,10.0
8,8,0,1.5,33.4
5,8,5,3.4,22.7
11,9,8,3.4,10.0
8,1,7,6.2,32.3
4,3,5,2.1,53.4
10,1,7,4.2,28.9
1,7,1,3.2,53.7
2,9,5,3.6,35.8
4,5,1,0.8,59.6
5,4,7,4.5,31.9
8,13,7,5.1,10.0
11,10,1,0.4,14.9
5,6,5,1.0,42.9
0,2,8,0.6,69.6
1,12,4,1.6,32.9
5,14,8,0.6,10.0
10,6,3,3.3,27.5
6,7,6,2.1,31.3
8,4,3,5.9,30.1
2,1,7,7.4,49.7
7,6,4,4.2,28.2
5,11,8,2.9,10.0
0,13,1,4.5,36.8
0,12,8,1.2,26.2
9,7,0,6.4,24.5
0,14,7,4.4,13.9
3,9,4,0.2,41.8
2,0,6,4.0,63.2
4,10,5,5.0,22.7
5,5,9,1.2,32.2
3,12,1,3.1,32.9
11,14,9,2.2,10.0
0,6,9,3.9,39.8
3,12,0,3.8,31.8
6,4,6,7.0,27.6
5,14,9,7.1,10.0
11,2,4,2.2,34.8
11,12,7,5.9,10.0
0,1,3,1.1,85.0
2,10,6,3.0,29.2
10,10,8,3.0,10.0
9,11,1,6.8,10.0
10,4,7,0.6,24.5
7,7,9,4.1,10.7
11,9,7,3.5,10.0
9,5,5,4.8,20.7
1,4,2,7.0,58.9
0,9,7,0.6,40.5
9,8,1,7.8,16.1
0,12,2,5.3,31.3
6,2,1,6.1,53.9
6,7,2,3.2,39.7
9,11,6,7.5,10.0
0,7,7,2.7,45.8
4,12,8,6.2,10.0
7,7,0,6.6,29.6
8,2,9,5.5,29.3
7,10,9,6.1,10.0
9,3,1,1.2,53.2
7,8,4,0.9,27.8
4,14,6,4.5,10.0
2,0,0,2.7,85.5
10,2,6,6.9,23.0
1,6,0,1.8,65.1
4,0,0,5.3,75.5
6,4,2,2.0,50.1
0,1,7,1.4,75.4
1,6,0,1.5,68.4
2,7,5,2.3,47.0
5,8,8,6.6,10.0
4,6,9,8.0,14.4
2,1,8,4.2,53.6
11,9,4,1.0,11.6
11,2,2,6.4,32.1
0,8,2,1.0,59.9
0,14,4,2.0,29.4
8,9,6,7.6,10.0
7,8,4,1.7,28.8
4,2,3,4.6,58.4
8,12,0,7.2,10.0
5,2,5,5.7,46.2
10,1,2,6.2,39.0
1,2,6,2.0,69.2
3,14,5,6.7,10.0
0,8,4,2.4,51.8
5,4,7,4.1,34.5
0,12,8,3.8,15.4
7,4,9,3.9,18.9
1,12,5,6.5,18.2
1,5,5,3.4,58.1
0,5,7,6.7,41.6
6,7,3,7.3,24.5
9,14,7,7.0,10.0
8,12,2,7.3,10.0
11,5,1,1.6,34.0
10,7,7,6.1,10.0
7,11,8,3.6,10.0
1,14,3,6.4,16.6
5,10,4,3.1,24.0
3,8,2,4.8,40.8
3,4,3,0.9,60.9
9,1,5,4.1,40.8
3,11,2,2.3,36.7
0,4,2,3.9,67.3
8,2,7,6.3,26.4
1,9,0,2.3,51.0
0,5,6,6.4,41.0
9,4,3,6.5,24.2
5,9,3,6.9,18.9
5,2,8,0.7,48.8
1,11,4,0.0,41.9
11,6,4,5.1,10.0
1,12,0,0.4,46.7
5,5,7,3.3,30.3
2,4,5,7.2,44.0
10,8,1,2.1,23.8
3,10,4,2.1,31.8
9,14,4,4.7,10.0
6,0,9,7.9,31.2
4,3,4,0.8,55.4
0,14,4,7.7,13.8
6,5,2,5.1,40.7
4,13,2,6.1,16.5
1,0,4,1.4,79.7
5,8,9,4.8,10.3
3,12,4,1.2,25.3
3,9,6,3.9,26.3
4,14,9,3.4,10.0
0,0,2,6.0,78.6
9,4,9,2.9,17.1
9,14,0,0.6,11.0
7,9,4,7.6,10.0
4,13,4,1.2,22.3
5,0,0,3.1,72.9
0,8,3,4.2,48.3
0,0,6,7.1,67.1
7,13,9,0.8,10.0
9,2,5,5.4,30.6
8,0,3,3.4,55.4
4,0,0,6.3,72.3
11,7,4,7.0,10.0
11,5,8,1.7,14.2
8,10,8,4.9,10.0
3,14,5,4.2,10.0
3,6,0,4.6,53.7
4,2,5,6.8,45.7
1,3,7,2.4,59.0
4,12,4,2.4,19.9
0,9,7,5.7,27.2
8,1,7,4.0,41.1
9,14,2,4.8,10.0
6,4,9,6.2,18.8
11,0,2,3.0,48.7
8,9,0,2.5,32.3
1,6,1,3.3,59.4
5,13,6,0.2,10.0
7,1,6,6.6,39.3
1,10,9,3.1,22.1
4,6,6,3.3,37.6
1,11,9,6.3,11.0
4,11,7,1.6,17.0
6,13,0,1.2,22.2
10,7,8,7.3,10.0
0,6,1,7.4,54.2
11,3,7,6.4,10.0
0,7,5,1.2,56.6
0,14,7,6.6,10.0
11,10,7,7.5,10.0
11,8,4,6.8,10.0
4,2,6,3.2,52.4
11,1,0,0.7,53.9
4,9,9,3.1,17.1
9,4,8,0.0,24.9
0,13,3,4.2,30.4
8,3,6,0.1,43.3
9,7,7,4.5,10.0
7,9,1,3.6,25.1
11,10,4,2.7,10.0
5,5,8,2.4,30.0
1,5,1,6.6,58.7
5,2,2,4.1,62.1
7,4,8,2.3,27.8
4,4,1,5.5,56.4
2,6,1,4.8,54.0
8,6,9,2.5,10.8
8,7,4,7.9,14.1
0,12,7,6.2,18.0
6,4,5,5.5,36.1
4,12,0,0.8,38.5
11,12,2,1.1,10.0
0,12,9,4.6,16.5
8,4,0,7.3,35.8
6,12,4,3.7,13.0
4,4,3,1.1,56.9
3,3,0,4.3,70.1
0,5,0,7.5,60.8
4,14,8,4.6,10.0
7,9,6,6.7,10.0
8,12,1,6.9,10.0
7,6,0,1.7,47.5
1,2,6,4.3,60.8
5,10,4,0.6,29.5
6,1,8,1.1,50.8
7,2,4,3.2,46.7
6,12,8,0.5,10.0
9,6,8,1.0,16.5
0,12,2,1.8,39.4
4,13,1,5.7,16.0
4,12,4,0.9,24.4
11,1,9,6.2,16.5
2,1,2,4.5,73.6
5,11,8,7.9,10.0
5,13,4,0.6,15.9
7,12,9,6.4,10.0
4,5,4,3.8,44.6
0,8,5,0.3,54.9
2,14,3,6.7,11.0
8,2,0,4.2,54.5
6,3,2,3.4,50.3
4,4,3,5.2,47.4
10,10,2,3.1,11.8
0,8,9,3.7,30.9
11,6,7,2.6,10.0
3,0,6,2.2,64.2
7,4,3,3.6,42.7
0,4,2,3.5,68.3
7,13,4,0.8,10.0
5,13,6,2.2,10.0
10,14,4,1.2,10.0
10,7,7,2.6,10.0
9,4,0,4.1,45.9
1,10,2,4.5,41.3
6,5,9,6.6,19.1
1,2,0,3.9,81.9
0,3,8,1.6,60.0
10,13,1,3.7,10.0
6,1,4,7.6,45.9
7,5,2,6.9,35.7
10,13,6,5.7,10.0
6,8,2,3.2,35.4
8,14,4,2.2,10.0
6,6,1,3.7,43.1
6,6,1,5.3,35.9
3,4,8,7.1,32.5
1,9,2,7.6,33.8
8,6,6,6.2,14.2
3,0,8,5.1,51.7
8,13,3,0.5,10.0
1,9,1,5.1,44.4
3,1,2,6.0,63.7
4,6,7,6.7,23.0
5,13,9,3.5,10.0
6,6,0,0.2,53.7
5,1,6,1.3,55.7
3,13,7,3.0,10.0
5,2,0,5.5,63.5
2,11,8,4.1,13.9
0,2,0,5.2,81.8
7,9,3,4.6,22.5
3,14,9,7.5,10.0
8,2,2,6.3,41.2
0,6,6,6.5,43.3
0,12,2,5.6,31.2
6,12,5,0.7,14.8
2,12,6,7.8,10.0
11,4,9,0.6,11.0
10,9,7,2.9,10.0
9,0,7,6.5,32.1
11,14,9,2.5,10.0
5,3,1,5.1,52.8
11,8,1,7.2,10.0
10,11,7,6.5,10.0
3,8,8,4.5,23.1
2,7,4,4.1,43.9
7,13,2,1.7,14.3
5,6,6,4.8,29.4
0,12,2,5.5,30.6
5,6,3,4.9,35.5
1,5,5,1.9,56.4
8,12,9,6.9,10.0
0,7,9,4.3,33.0
6,10,8,0.8,14.3
2,14,9,1.2,10.0
4,2,8,6.9,35.0
10,9,6,2.5,10.0
11,11,8,4.5,10.0
2,6,0,3.7,62.3
1,11,8,4.1,19.1
3,9,1,5.7,40.1
11,12,8,6.1,10.0
7,2,9,7.8,21.0
6,9,6,5.6,10.0
7,12,8,2.5,10.0
1,0,0,5.2,83.0
8,9,4,4.7,10.0
3,9,2,4.3,39.1
3,4,5,0.1,57.2
7,5,6,6.5,24.7
8,7,5,7.5,12.2
1,8,6,2.2,42.7
3,10,5,0.5,34.5
0,6,4,1.4,61.9
9,1,9,8.0,16.9
9,9,0,5.1,20.1
4,5,5,3.0,45.6
11,1,2,2.2,49.1
3,10,1,7.9,25.4
0,10,2,1.5,48.3
8,0,0,1.5,68.2
7,8,4,3.5,28.4
0,11,0,2.9,49.6
10,3,4,1.3,39.0
2,10,4,5.8,27.5
4,13,6,7.8,10.0
10,1,8,1.9,30.8
11,10,4,4.8,10.0
6,3,0,1.9,60.2
4,6,8,3.9,29.0
7,5,6,6.4,22.1
1,3,1,3.9,71.6
6,4,5,6.6,32.5
4,11,6,4.6,13.7
8,8,6,7.9,10.0
7,12,0,4.3,15.6
11,13,9,5.9,10.0
7,4,3,1.7,46.6
11,9,5,1.8,10.0
0,7,9,2.9,36.3
0,11,4,1.8,39.4
10,11,9,0.1,10.0
3,4,5,1.7,55.0
2,2,7,3.9,54.6
3,14,9,5.3,10.0
5,8,2,4.4,33.4
1,14,1,1.5,30.0
3,14,5,1.0,15.9
3,11,6,6.6,10.5
6,10,9,6.2,10.0
1,3,8,1.9,54.7
6,10,7,4.2,10.0
9,8,9,5.4,10.0
7,0,8,5.6,35.4
1,8,5,3.6,39.0
7,0,3,3.8,54.5
9,7,8,3.9,10.0
4,1,0,4.5,72.0
3,12,1,3.7,28.4
4,3,1,3.9,58.9
9,11,7,6.6,10.0
1,13,4,1.6,29.0
5,5,0,3.7,53.0
4,2,8,5.5,44.2
4,13,6,4.4,10.0
7,9,8,2.4,10.7
4,13,2,0.8,23.6
4,11,1,5.3,24.9
8,5,5,5.7,24.9
6,8,0,0.5,45.0
8,11,5,5.8,10.0
11,10,5,6.6,10.0
7,3,3,7.2,37.8
4,2,1,7.9,50.6
8,0,2,4.7,57.8
5,2,4,7.9,44.0
8,11,3,4.4,10.0
3,6,4,5.4,41.8
6,3,6,5.5,36.3
8,10,2,5.9,13.6
11,9,3,6.2,10.0
11,10,4,4.5,10.0
11,11,1,6.2,10.0
1,8,1,2.0,53.6
0,6,9,4.1,40.6
5,2,6,1.4,52.1
3,8,3,3.4,42.5
0,6,3,3.1,58.1
9,11,4,0.2,10.9
6,3,7,2.2,41.8
1,4,7,5.6,44.7
11,3,2,3.6,33.8
3,7,5,7.4,28.5
5,2,1,3.2,61.7
5,10,5,3.7,20.1
11,12,5,6.2,10.0
6,10,4,0.7,24.2
7,7,8,7.4,10.0
2,1,1,4.0,75.0
0,13,1,5.9,30.7
11,3,0,5.7,36.5
5,11,8,2.5,10.0
5,14,0,8.0,10.0
9,4,8,0.3,32.4
6,3,0,7.4,48.5
1,1,4,0.8,78.8
5,3,3,2.5,56.4
2,10,2,7.2,28.6
11,5,7,1.7,14.1
10,3,4,0.5,42.3
6,1,6,5.8,44.0
4,13,5,2.3,14.7
8,10,8,3.2,10.0
7,2,5,3.6,44.7
4,13,7,5.4,10.0
10,14,9,5.9,10.0
2,7,5,2.7,43.7
9,1,1,7.2,43.1
0,14,8,1.7,16.0
9,4,6,6.1,15.2
0,12,6,5.8,21.4
3,6,9,4.2,31.1
2,3,8,7.8,42.8
6,8,4,3.7,25.2
8,14,5,6.9,10.0
7,2,2,0.5,62.5
9,7,6,3.2,16.0
6,6,5,1.7,33.7
7,1,7,6.9,31.7
7,14,8,3.4,10.0
10,9,1,4.2,16.4
1,10,8,5.3,20.2
3,1,7,3.2,55.7
5,6,7,2.9,29.5
1,4,1,2.7,69.2
8,12,7,6.2,10.0
9,5,7,7.9,10.0
1,2,7,2.6,60.8
11,4,2,5.4,25.1
5,10,0,7.0,26.0
0,13,9,7.9,10.0
1,3,8,4.6,50.2
7,0,9,1.5,46.6
11,9,6,4.4,10.0
5,1,7,5.2,46.7
1,13,7,3.8,14.7
7,7,8,2.5,18.6
0,9,9,2.5,29.0
4,5,2,6.4,45.5
9,9,0,7.7,13.5
1,8,1,5.5,47.3
4,9,7,3.6,21.6
5,6,9,2.5,25.9
9,10,1,1.3,27.7
5,1,7,2.4,49.4
5,0,4,0.1,69.5
9,8,0,2.7,24.2
9,12,4,1.4,10.0
10,1,8,0.2,35.2
0,10,8,1.0,31.7
0,12,4,7.2,21.6
9,8,2,2.2,28.0
4,3,8,4.3,35.0
1,14,8,2.0,11.9
8,3,1,5.2,44.6
8,8,7,1.3,15.5
11,8,7,3.6,10.0
1,1,9,1.8,59.3
4,1,6,4.4,51.3
1,1,4,0.8,79.0
7,8,5,4.7,13.7
0,2,6,5.8,59.8
3,14,3,3.6,18.3
0,0,2,7.6,75.1
6,1,7,1.7,49.7
6,6,0,0.8,55.0
1,0,5,0.7,81.0
7,10,2,2.7,24.2
6,5,4,1.2,41.6
7,5,4,0.1,44.2
2,6,5,1.8,48.2
7,0,2,1.9,63.3
2,7,2,1.0,54.6
0,7,8,3.1,38.9
10,14,4,7.7,10.0
3,1,5,7.3,57.0
1,13,3,0.2,38.7
4,8,6,6.6,21.3
9,2,0,1.8,57.2
4,11,4,4.3,20.6
8,5,5,3.7,27.3
7,2,6,7.9,29.6
2,3,4,4.8,59.9
0,12,7,5.0,16.7
11,6,4,7.5,10.0
9,2,1,1.3,54.9
10,2,5,3.9,32.1
9,0,5,1.0,48.7
10,5,9,0.9,15.6
5,14,0,5.7,11.1
11,0,9,4.8,25.2
0,1,2,0.9,88.0
7,0,8,4.2,42.0
4,10,3,7.6,19.2
10,13,7,1.1,10.0
8,8,4,1.3,24.1
10,4,2,5.4,29.2
2,7,1,1.8,56.8
7,8,5,6.1,18.2
7,11,0,7.4,12.4
0,0,7,0.1,77.7
9,5,9,2.6,17.4
1,7,4,4.7,43.6
1,14,2,4.1,22.1
6,5,1,4.4,44.8
4,6,8,5.5,24.7
5,2,3,6.5,49.4
3,7,5,2.2,42.9
11,13,9,6.0,10.0
3,12,5,0.6,24.3
5,0,0,5.6,65.6
2,14,9,6.7,10.0
5,5,3,7.5,38.6
6,4,4,5.1,40.1
6,7,1,2.5,42.8
8,3,5,5.2,31.0
4,10,0,1.4,42.4
8,14,3,5.6,10.0
2,4,5,7.0,43.2
2,5,7,7.6,32.0
5,5,5,1.5,42.7
3,6,9,4.9,25.8
1,4,6,7.9,40.5
6,8,2,5.0,28.9
3,5,0,7.5,52.9
8,12,8,3.5,10.0
3,3,8,6.3,35.6
9,10,2,0.7,20.5
10,11,1,1.7,14.5
3,0,9,0.9,55.0
0,11,2,0.5,51.3
4,2,5,3.6,54.1
10,8,0,6.8,14.5
11,2,9,2.2,21.1
7,4,2,1.9,48.6
8,12,3,6.1,10.0
1,14,5,2.1,19.0
0,0,9,4.9,60.4
8,2,8,1.3,36.1
2,5,3,3.2,57.3
2,8,7,4.4,28.1
7,7,7,8.0,10.0
11,13,6,6.8,10.0
11,10,8,0.1,10.0
7,7,3,5.1,24.8
8,7,1,5.2,28.2
11,4,6,4.4,15.3
10,6,3,0.2,31.3
10,8,4,2.2,12.0
3,13,1,1.6,28.0
9,3,8,0.3,32.2
11,12,9,7.1,10.0
8,3,0,4.7,47.8
2,1,3,2.1,74.4
2,8,4,7.1,30.5
11,13,3,6.8,10.0
8,14,5,1.8,10.0
0,14,1,1.9,37.0
0,2,5,1.4,76.1
9,4,7,1.5,29.8
3,4,9,5.9,33.2
1,12,3,1.9,32.6
4,8,7,6.6,20.0
5,3,7,7.7,29.9
1,10,7,0.4,36.8
0,10,1,4.2,46.8
2,10,7,0.3,32.2
5,9,4,2.6,31.4
0,2,3,7.5,63.1
11,13,6,2.9,10.0
3,13,9,5.5,10.0
7,0,5,4.3,46.0
8,9,4,4.7,14.2
8,11,4,8.0,10.0
6,12,7,6.6,10.0
6,3,0,7.4,51.7
3,1,4,5.3,56.9
6,6,7,3.2,25.6
1,7,5,3.0,45.2
7,1,8,7.8,30.9
1,12,8,2.4,19.9
3,11,6,1.5,24.7
0,9,5,1.0,46.5
0,3,5,4.4,60.4
6,0,3,5.7,54.9
11,11,7,3.9,10.0
11,0,7,7.2,24.0
9,14,1,5.9,10.0
11,6,8,1.4,10.4
8,13,2,7.6,10.0
0,1,4,5.2,71.4
11,7,1,1.4,24.8
4,11,8,3.5,10.3
0,11,2,3.7,42.6
6,9,9,5.0,10.0
5,8,8,7.6,10.0
1,6,3,3.1,56.2
7,0,1,4.7,63.4
4,2,6,3.1,52.0
10,3,5,7.2,20.5
5,7,2,7.7,31.2
3,9,2,5.9,33.8
2,6,1,2.1,61.4
7,1,9,4.9,28.4
6,6,3,2.0,41.9
6,9,9,4.6,10.0
1,3,5,3.1,61.1
2,6,5,6.1,41.0
0,5,4,7.2,49.6
4,4,8,0.1,45.2
6,1,8,7.3,30.5
2,9,4,2.1,40.4
8,14,1,5.8,10.0
7,12,2,1.8,15.1
2,9,6,2.8,34.4
7,3,1,4.9,50.4
0,6,0,1.3,76.3
3,13,0,1.9,31.0
8,13,7,3.8,10.0
4,4,4,0.9,53.3
5,2,3,1.1,60.1
6,12,3,5.4,10.0
4,13,2,8.0,10.0
9,14,7,7.9,10.0
7,14,7,4.0,10.0
7,8,6,6.1,13.3
6,2,5,5.0,45.9
10,9,8,0.0,10.0
9,9,8,7.2,10.0
9,5,0,6.3,33.7
10,7,0,1.8,33.5
10,3,6,7.8,12.1
8,1,7,3.0,40.9
2,6,9,3.1,36.5
10,14,2,5.3,10.0
6,0,1,5.2,60.9
5,7,4,5.4,27.0
0,10,9,0.2,33.7
5,11,3,2.7,24.0
10,13,3,0.1,10.0
0,8,1,2.7,58.9
10,10,0,6.7,10.0
7,11,0,2.1,23.2
5,12,8,1.4,10.0
5,9,1,7.4,26.3
6,9,9,1.8,12.0
9,7,4,3.8,18.3
9,8,1,2.7,29.1
4,1,0,0.7,82.7
2,3,2,1.8,71.4
1,2,5,5.0,59.6
7,10,7,0.7,12.0
5,10,4,0.3,30.4
1,13,8,1.3,16.2
4,2,2,2.3,68.6
6,10,6,5.7,10.0
2,13,8,3.9,10.0
9,7,4,4.0,15.9
7,9,5,3.0,16.3
9,2,2,6.3,42.8
5,6,7,0.3,39.2
1,0,6,4.7,66.0
6,9,2,7.7,21.7
4,2,2,4.6,60.7
6,3,7,5.9,32.3
6,12,2,1.2,22.1
11,2,9,4.6,16.3
2,13,2,2.5,26.9
1,2,1,5.7,72.1
10,1,8,1.4,32.5
11,1,8,4.6,21.1
11,12,1,4.1,10.0
3,7,1,5.8,43.3
7,0,6,5.3,45.3
2,6,0,5.9,53.4
9,8,2,7.4,14.2
1,0,8,4.6,61.7
2,10,7,3.2,23.2
0,5,9,4.0,42.4
5,6,9,5.5,19.5
4,1,1,1.9,73.7
9,2,4,1.5,43.8
3,9,9,0.7,27.5
6,14,2,3.2,12.3
2,4,8,0.6,50.3
9,8,8,0.9,12.6
11,0,4,7.0,31.7
11,9,2,4.8,10.0
5,13,1,7.6,10.0
11,11,5,2.9,10.0
1,9,9,2.9,28.3
1,1,3,6.8,68.0
10,3,4,4.6,28.1
5,14,1,4.5,11.6
2,9,7,4.5,24.5
2,8,1,6.5,41.2
6,13,5,5.4,10.0
0,13,1,1.5,43.3
5,2,8,5.6,33.3
1,1,4,4.3,71.9
6,11,6,0.9,18.6
1,5,6,2.5,53.6
2,7,0,6.1,48.1
8,8,1,7.4,22.5
9,0,5,3.8,45.7
5,8,7,5.7,13.4
10,4,0,0.4,50.5
1,10,0,4.1,45.8
8,7,5,4.0,18.9
4,11,4,8.0,10.0
5,7,9,8.0,10.0
11,12,4,3.8,10.0
6,6,5,1.3,34.9
2,3,0,4.1,73.2
3,2,8,5.4,44.9
7,1,3,5.9,48.4
10,6,6,1.5,18.5
8,13,4,6.0,10.0
4,11,2,7.6,13.7
5,4,8,1.4,39.6
2,6,8,3.8,33.9
9,3,0,6.9,41.7
9,10,6,2.4,10.0
9,5,3,0.5,42.7
6,3,0,7.8,45.9
7,1,6,5.8,41.2
5,10,1,1.2,38.8
4,0,3,3.7,66.8
7,12,4,4.7,10.0
1,9,5,7.3,27.6
11,12,4,2.3,10.0
9,1,1,6.6,47.1
0,5,2,0.0,75.8
3,13,2,7.0,12.1
2,8,9,6.1,21.2
4,8,5,7.5,17.3
7,8,8,3.2,10.0
0,9,6,7.7,25.6
1,12,0,6.4,34.5
5,11,8,1.1,11.8
0,4,1,1.9,76.9
6,14,4,6.4,10.0
4,7,5,3.7,33.2
6,7,1,6.1,33.8
11,11,8,3.7,10.0
3,1,1,5.0,68.6
5,6,4,2.7,35.1
1,1,3,3.8,76.5
2,7,2,6.8,40.6
11,2,1,4.0,39.5
0,7,9,5.5,30.3
5,13,4,1.6,13.9
8,3,4,5.5,35.3
10,4,0,0.8,46.6
0,14,4,4.9,20.4
5,5,6,4.3,32.5
6,13,3,3.4,10.0
3,11,5,6.6,18.8
4,0,1,4.6,71.0
9,5,3,2.0,34.0
1,13,9,4.1,10.0
5,9,1,6.4,27.5
3,13,9,6.9,10.0
0,0,0,2.5,91.9
9,0,2,0.6,62.4
0,5,6,2.0,60.0
9,13,8,7.1,10.0
9,8,3,5.3,11.6
8,11,7,7.7,10.0
10,9,0,0.3,29.7
1,4,8,2.8,47.1
9,12,5,3.3,10.0
11,14,3,2.7,10.0
2,9,2,2.0,45.4
0,8,9,3.7,33.8
2,3,9,5.4,39.8
5,6,2,1.5,52.8
8,12,7,6.3,10.0
3,1,7,1.7,60.5
3,11,8,7.8,10.0
5,5,0,6.2,47.7
11,6,0,2.6,29.1
0,9,3,4.7,42.9
2,14,6,3.1,12.3
1,7,3,8.0,40.0
6,6,9,3.8,17.2
1,6,6,5.4,40.1
3,1,3,5.1,64.4
3,4,9,2.4,37.6
10,11,6,3.1,10.0
6,12,9,4.0,10.0
9,13,5,2.0,10.0
9,10,1,1.6,24.0
1,7,8,7.7,27.4
3,13,7,2.3,10.0
2,1,7,2.7,62.3
8,2,3,6.6,39.2
4,6,4,6.3,37.1
11,1,2,1.2,49.4
6,14,4,1.3,10.0
9,7,2,1.4,29.9
11,5,6,4.5,11.5
5,8,9,6.6,10.0
7,0,1,5.9,60.5
6,10,1,3.1,28.8
9,2,4,4.7,33.2
9,8,2,5.6,15.8
11,14,5,0.1,10.0
8,4,9,6.6,15.6
10,10,6,6.3,10.0
8,4,1,5.9,38.8
3,8,9,7.7,10.0
3,14,0,0.1,38.6
3,5,3,6.6,43.4
8,0,5,3.7,49.6
5,0,0,6.1,65.9
2,11,5,0.2,32.9
4,6,8,0.5,32.6
11,10,0,1.0,18.7
9,13,7,1.5,10.0
11,0,5,1.1,45.4
9,0,9,2.7,35.3
11,7,3,2.5,22.3
11,3,4,1.7,32.9
3,5,2,1.2,61.0
4,0,6,5.4,53.7
7,8,7,3.8,13.3
7,6,3,7.6,20.6
5,7,0,6.6,38.5
7,12,2,6.0,10.0
11,1,3,0.7,43.5
7,1,5,7.3,34.8
5,7,9,7.8,10.0
2,8,1,0.6,56.3
8,9,9,6.7,10.0
10,2,1,3.4,42.3
7,9,8,2.5,10.0
3,7,7,5.4,26.6
4,7,4,2.5,41.4
3,10,2,0.9,42.8
0,4,8,5.6,44.9
6,7,7,5.3,18.7
4,3,2,6.3,51.6
8,4,2,4.5,39.4
10,9,2,6.4,10.0
7,3,0,0.1,65.0
1,5,2,6.2,50.3
9,13,9,3.5,10.0
1,4,7,4.6,50.8
8,10,3,7.1,10.0
9,5,2,6.2,26.7
4,14,5,5.2,10.0
3,9,7,1.2,30.0
6,6,6,2.0,28.7
8,2,6,2.8,40.5
2,7,9,7.5,20.2
1,1,1,6.2,72.9
0,4,1,4.0,71.4
1,8,3,6.1,37.6
7,12,2,2.1,17.8
5,13,8,1.2,10.0
2,9,5,4.7,31.0
9,10,6,3.4,10.0
7,9,8,3.7,10.0
4,6,2,1.4,53.0
5,10,4,2.9,24.7
6,3,3,7.8,37.5
3,12,9,0.6,14.5
6,14,5,7.9,10.0
9,1,7,4.9,35.2
6,8,0,3.3,38.3
8,1,3,0.0,59.1
2,13,9,3.5,10.0
4,8,7,3.6,23.0
4,8,5,1.9,34.2
8,1,5,6.9,31.7
7,1,8,3.0,38.7
5,1,0,0.9,72.6
7,9,3,6.7,13.1
9,6,4,5.3,20.6
0,1,0,0.4,99.0
5,4,4,0.6,52.3
3,0,3,7.8,59.7
3,13,1,6.9,19.7
6,7,4,7.1,21.3
9,12,3,0.8,12.4
11,8,0,1.0,25.4
8,14,8,7.9,10.0
0,6,3,7.9,50.8
11,3,3,3.7,34.1
3,12,6,5.8,13.0
5,12,6,5.9,10.0
5,2,7,7.9,32.9
7,0,9,6.2,31.2
5,9,0,2.6,42.3
5,13,3,5.3,10.0
11,5,1,3.9,30.4
3,10,8,3.5,18.5
11,8,1,3.8,18.9
7,3,4,7.2,36.1
2,12,6,2.7,19.4
3,1,0,5.3,69.4
2,4,2,7.8,49.8
0,13,3,2.7,33.2
3,1,2,5.6,65.8
4,5,5,1.1,47.4
9,0,0,6.9,51.0
10,13,8,6.7,10.0
11,2,4,1.7,36.4
4,10,6,0.8,25.0
11,3,0,1.0,48.8
8,6,6,7.2,11.8
3,9,1,3.9,41.3
1,4,1,6.0,61.6
10,4,0,3.9,40.6
9,5,1,7.0,24.2
6,11,6,3.7,10.5
8,9,8,6.9,10.0
3,3,7,2.2,52.8
3,3,8,0.5,51.1
8,13,0,2.3,16.4
11,4,4,4.9,22.7
3,6,4,6.9,38.0
11,10,4,2.2,10.0
4,2,6,0.6,60.3
10,13,6,3.5,10.0
0,7,7,7.4,30.3
1,8,0,3.5,56.4
6,0,0,2.6,70.6
7,14,5,5.5,10.0
8,6,4,3.3,25.5
5,2,6,5.6,39.5
3,6,6,1.0,42.6
3,9,8,3.7,17.4
8,5,1,0.6,45.4
3,4,9,5.6,34.6
2,11,6,6.1,12.7
1,8,4,1.1,49.6
11,4,1,0.5,40.6
6,11,0,3.3,31.0
3,11,0,6.7,30.4
5,3,0,1.8,63.4
11,0,1,4.6,45.0
3,14,1,1.5,25.2
0,5,6,5.2,51.8
8,14,7,1.5,10.0
0,2,9,2.9,57.9
2,0,0,5.8,77.1
2,5,8,5.2,36.4
6,1,1,3.5,64.8
0,1,1,2.8,87.2
5,14,3,7.1,10.0
11,3,6,1.2,29.1
0,10,2,3.8,44.8
11,12,6,4.0,10.0
11,5,4,2.7,23.8
11,2,4,6.9,19.0
10,13,1,0.1,11.5
6,11,4,6.7,10.0
3,5,1,2.0,61.5
0,13,9,0.1,20.3
7,9,7,4.1,10.0
9,14,2,2.2,10.0
5,2,2,3.6,58.4
4,6,1,2.5,54.8
5,9,3,2.5,30.0
7,11,9,6.0,10.0
5,5,2,6.5,43.6
1,2,7,5.9,49.8
5,11,1,4.2,23.4
8,10,0,5.0,19.2
0,0,0,7.8,76.0
1,9,9,2.3,29.3
2,11,0,0.7,47.6
4,4,2,5.9,47.2
5,7,7,2.6,25.1
2,9,0,2.7,49.1
7,14,1,7.5,10.0
5,14,7,2.2,10.0
8,1,3,0.2,52.6
11,5,2,0.7,31.5
0,6,8,6.3,34.9
2,11,2,6.6,19.7
3,1,6,3.6,56.3
6,3,1,1.7,58.4
1,8,8,6.0,26.0
3,1,7,1.2,62.5
2,12,6,1.1,26.7
6,3,8,0.7,41.5
8,0,1,0.6,68.6
6,8,1,3.6,35.2
3,10,3,1.7,35.8
1,3,4,2.1,68.3
6,11,3,4.3,13.4
7,7,9,3.6,11.9
10,11,5,2.3,10.0
6,14,2,7.8,10.0
3,2,3,1.2,69.4
6,0,8,4.9,44.8
3,12,1,7.3,23.2
11,7,1,0.3,30.6
5,10,0,5.1,26.5
5,3,8,6.8,28.5
8,13,9,0.3,10.0
3,11,4,5.7,19.6
6,3,4,6.3,38.6
6,14,4,0.5,10.0
8,7,6,0.4,25.4
6,4,1,3.9,53.1
1,13,8,5.7,10.0
5,3,2,3.2,58.2
7,10,3,6.6,10.0
8,3,0,6.6,42.8
1,0,0,1.3,93.8
7,13,4,0.6,12.8
4,0,9,2.5,51.2
9,8,0,1.6,31.7
5,14,4,6.4,10.0
0,13,8,4.3,12.4
7,11,0,5.3,20.6
0,7,3,6.1,47.8
10,13,7,6.9,10.0
0,2,4,4.6,67.0
7,6,6,4.8,19.6
10,6,5,5.4,18.0
6,0,8,5.0,43.0
4,0,5,7.2,51.3
5,13,3,0.6,16.6
0,9,2,2.3,54.3
9,13,8,0.2,10.0
3,6,5,7.0,31.8
3,6,2,4.0,48.4
2,4,2,6.6,56.9
5,11,5,4.7,14.0
4,11,8,0.9,20.0
5,5,8,0.6,37.9
10,13,1,0.3,10.9
9,3,2,2.3,49.1
7,0,4,7.4,44.1
3,10,0,6.0,35.0
6,0,7,2.5,50.7
8,2,1,2.9,53.1
2,3,5,4.6,52.8
6,1,0,7.0,58.1
8,2,9,6.1,21.8
10,4,0,7.1,31.7
0,13,4,0.1,33.8
11,13,6,7.8,10.0
3,9,9,2.0,20.6
7,10,2,2.6,25.7
7,8,2,5.2,20.6
2,4,1,6.6,58.6
11,1,2,2.7,45.3
4,10,6,5.5,10.8
5,6,1,7.4,36.8
0,3,0,4.3,77.9
9,12,2,4.4,10.0
1,9,4,5.6,36.4
2,6,6,1.0,51.8
10,2,3,5.7,35.2
6,6,7,1.3,27.3
1,10,0,7.7,39.0
10,1,1,1.4,55.1
4,4,1,3.7,57.5
9,7,6,6.4,10.0
8,13,0,2.5,12.9
11,7,9,4.2,10.0
0,8,7,0.5,42.5
7,9,8,5.9,10.0
7,8,5,0.8,24.0
7,2,2,5.8,49.2
4,2,7,1.0,53.7
11,5,2,1.1,31.7
8,12,8,5.8,10.0
4,8,4,2.6,34.0
11,1,9,2.3,27.5
5,10,3,2.3,29.7
8,11,6,4.7,10.0
5,9,1,4.1,36.3
9,12,5,0.6,10.0
11,11,0,5.2,10.0
5,2,6,6.0,39.9
1,2,7,1.3,67.9
11,6,7,1.8,12.5
4,9,3,6.4,24.1
1,12,9,3.8,10.0
7,2,3,2.6,53.5
3,2,2,2.6,72.6
2,11,0,7.7,31.9
8,2,8,3.3,30.5
0,2,6,5.8,55.6
0,4,7,1.9,59.6
8,12,2,3.8,10.0
4,8,3,7.4,26.3
11,11,3,0.6,10.0
1,11,2,0.7,45.2
6,12,6,5.3,10.0
1,4,9,0.5,49.8
7,2,7,3.6,38.3
4,11,2,3.6,28.6
0,9,1,1.9,55.9
10,1,0,4.6,49.8
8,3,3,4.9,34.6
4,5,8,0.7,40.1
7,0,9,5.3,35.3
9,7,4,6.9,10.0
11,7,5,3.2,10.5
0,7,4,0.1,58.5
2,5,2,4.1,56.1
7,14,9,0.2,10.0
0,14,5,7.3,10.0
10,11,7,3.6,10.0
0,3,2,0.1,83.8
5,1,9,3.8,44.3
10,5,4,4.6,20.7
9,1,7,7.3,22.4
11,8,7,1.8,10.0
5,8,7,4.6,14.3
1,11,9,4.3,13.0
0,1,6,0.9,78.2
7,4,3,7.7,32.0
3,10,6,2.5,27.2
10,0,4,5.8,36.1
9,12,1,6.3,10.0
3,7,9,5.5,21.4
6,8,4,0.9,32.7
8,12,8,3.0,10.0
11,12,8,6.6,10.0
4,3,7,6.6,38.2
2,12,5,2.0,25.3
10,13,2,4.3,10.0
11,4,7,6.6,10.2
9,9,3,4.9,11.9
11,4,5,1.7,26.3
3,9,4,6.4,25.5
0,14,5,6.7,10.0
7,13,5,7.4,10.0
6,0,1,6.7,58.3
3,1,0,5.1,75.0
2,1,8,3.7,56.7
8,8,7,8.0,10.0
11,6,7,7.9,10.0
11,1,1,3.8,43.2
10,5,7,6.1,10.0
6,9,3,2.7,31.4
0,12,4,1.5,35.6
4,9,6,7.3,12.9
11,12,9,0.3,10.0
10,3,3,5.9,28.5
1,3,6,6.7,44.1
9,9,2,5.8,13.1
11,0,4,7.1,32.8
3,8,8,2.2,27.6
10,2,7,6.3,18.2
0,5,0,5.7,63.9
11,10,8,7.9,10.0
6,14,5,7.3,10.0
1,0,7,0.5,75.0
2,14,6,1.0,17.5
6,4,3,8.0,32.3
8,1,1,4.9,47.9
2,6,0,0.8,67.5
7,7,8,2.6,18.1
3,10,4,3.1,32.0
9,9,6,0.6,10.8
6,9,7,5.0,10.0
10,4,3,7.6,24.1
1,11,6,5.6,21.1
6,8,9,6.9,10.0
11,5,1,7.4,18.7
6,2,6,7.9,34.7
2,14,0,6.5,22.7
8,2,3,4.1,45.9
3,3,4,0.6,66.8
9,14,6,0.4,10.0
11,6,8,6.1,10.0
6,5,3,2.0,42.2
0,3,7,3.3,59.9
5,5,9,6.4,18.7
3,2,0,4.9,68.3
2,8,6,6.4,26.0
4,14,2,4.4,13.9
6,10,4,1.6,21.7
3,7,7,6.3,23.1
5,0,3,5.6,58.9
3,5,1,4.0,55.9
8,14,6,4.5,10.0
8,1,3,0.4,56.3
3,14,3,5.7,11.9
8,12,1,6.0,10.0
8,14,3,5.3,10.0
10,10,3,3.6,10.0
10,1,9,0.2,34.6
3,9,7,5.2,18.4
5,6,8,6.1,18.6
1,2,7,3.0,59.1
5,0,9,3.3,48.9
10,10,3,1.4,11.4
7,12,4,5.2,10.0
0,9,7,6.2,31.0
7,8,6,4.8,11.8
10,10,4,5.1,10.0
10,5,1,7.0,25.4
9,0,3,7.3,41.1
1,13,4,5.4,20.8
10,8,4,1.3,17.2
8,14,3,0.9,10.0
6,2,3,6.7,47.0
4,8,8,5.2,18.2
9,1,0,1.7,64.1
5,0,2,1.7,75.7
3,6,1,0.4,65.4
2,9,0,4.0,48.3
0,12,5,1.0,35.2
6,1,9,3.1,39.6
11,13,9,1.6,10.0
2,2,4,5.8,61.3
0,13,5,0.0,30.9
7,6,3,3.0,35.6
6,0,5,0.4,61.8
1,7,3,0.4,57.2
11,6,2,0.8,29.1
8,13,8,2.2,10.0
8,2,8,6.3,22.9
0,11,3,4.4,31.1
7,13,0,1.1,15.1
2,4,2,3.1,63.9
3,10,0,7.3,28.4
10,13,3,3.4,10.0
11,11,5,7.6,10.0
4,1,3,7.4,56.0
2,1,3,3.2,69.7
3,8,0,5.2,43.3
1,9,0,6.3,42.3
0,1,3,1.4,84.7
2,14,4,4.2,19.8
6,8,2,0.8,34.9
7,11,0,4.0,22.8
11,10,5,1.0,10.0
0,12,3,6.2,23.7
9,13,2,4.9,10.0
2,4,8,5.2,38.9
5,0,7,2.0,52.4
8,3,9,4.9,20.2
3,9,7,6.0,13.3
6,3,8,2.5,36.6
1,8,4,7.6,31.4
1,2,3,3.0,72.2
6,9,2,2.9,31.3
11,12,5,3.1,10.0
6,7,5,7.2,22.4
9,10,2,2.5,18.3
10,9,1,4.9,14.1
2,14,2,2.1,25.0
0,14,8,6.2,10.0
0,1,0,7.9,76.8
2,2,3,7.8,58.0
7,7,8,0.9,20.6
10,12,6,6.5,10.0
9,13,8,5.2,10.0
8,13,3,6.1,10.0
10,11,8,3.1,10.0
0,6,3,2.8,58.5
4,6,7,3.5,33.8
6,3,5,8.0,30.5
7,11,2,1.3,23.6
1,3,7,7.4,44.5
4,14,2,4.3,12.1
7,2,4,5.3,43.7
5,11,9,0.7,11.7
7,11,5,6.6,10.0
5,14,1,0.7,23.4
1,9,6,5.5,31.7
6,14,7,5.1,10.0
1,11,1,7.9,31.1
8,0,2,7.0,46.3
1,3,8,3.1,56.7
11,9,4,7.2,10.0
11,10,6,0.6,10.0
2,0,7,2.2,66.0
0,9,6,7.4,25.8
6,7,7,4.2,19.8
2,6,6,2.4,46.9
10,13,2,1.5,10.0
5,10,4,3.3,22.9
0,5,8,7.4,38.3
6,8,3,7.5,15.3
0,9,4,5.0,40.5
0,8,1,0.7,67.4
1,3,4,3.4,60.7
4,5,5,4.5,42.0
0,0,6,5.9,63.3
9,14,9,7.3,10.0
2,14,9,8.0,10.0
6,7,3,3.3,36.4
2,5,0,7.1,54.2
6,11,4,6.6,10.0
6,3,6,4.7,36.2
4,8,1,4.5,39.4
3,7,0,7.9,39.2
5,3,8,3.0,40.7
9,3,9,3.5,23.3
4,12,2,4.0,23.2
4,3,8,5.7,35.0
6,0,8,4.2,41.6
6,10,9,4.8,10.0
5,2,3,3.1,58.3
6,8,2,0.5,39.4
11,10,2,4.9,10.0
9,11,6,5.0,10.0
11,2,4,2.5,35.5
1,5,2,5.0,56.4
3,4,5,4.9,46.8
3,8,9,2.9,21.5
5,1,0,5.8,67.1
2,3,9,4.7,42.4
1,2,4,0.8,78.8
9,9,9,3.8,10.0
5,12,7,7.0,10.0
6,13,4,6.1,10.0
5,7,2,1.1,51.9
11,2,9,7.6,10.0
5,12,3,2.0,23.4
1,11,8,2.8,22.7
6,6,3,1.6,43.8
3,11,6,5.8,11.5
2,0,8,4.5,57.4
4,8,6,4.6,22.9
9,0,2,5.5,47.9
9,14,1,4.7,10.0
0,10,8,2.7,31.2
9,3,0,7.4,36.9
3,13,1,4.6,21.9
7,2,6,5.8,36.3
5,7,0,1.2,53.4
3,5,3,2.9,52.6
11,10,3,6.2,10.0
8,6,8,2.7,17.2
1,1,3,5.8,69.5
9,5,3,3.9,30.2
4,2,9,6.4,37.9
9,6,7,5.9,10.0
1,12,7,2.0,22.9
7,11,6,1.2,12.2
8,7,6,2.9,22.0
11,7,0,2.1,26.7
1,10,0,2.8,47.8
6,10,3,0.5,28.3
9,0,4,3.6,46.2
6,8,9,5.3,10.0
2,4,0,2.8,72.4
4,10,7,5.5,10.0
8,5,6,5.3,18.9
2,1,5,0.6,74.3
2,8,3,6.5,33.9
11,0,9,0.9,30.1
1,11,0,4.1,42.2
0,5,3,7.1,54.2
8,10,5,7.3,10.0
5,0,3,3.2,65.3
7,2,9,0.0,41.7
4,9,0,4.6,36.1
0,4,3,8.0,53.4
2,3,5,5.4,52.0
5,9,9,1.7,15.9
9,2,6,4.3,29.1
7,10,9,4.5,10.0
10,10,6,6.1,10.0
10,0,4,6.8,37.2
0,12,2,6.8,26.1
11,3,5,6.9,18.2
4,7,5,7.1,25.7
6,14,7,3.0,10.0
7,12,4,3.0,10.0
9,7,0,3.7,27.5
0,6,2,5.7,54.5
1,2,8,0.2,63.8
8,0,9,3.2,38.1
7,4,1,0.7,53.7
8,7,6,5.2,15.1
5,8,6,2.4,29.0
6,6,3,0.5,46.3
8,7,4,0.9,28.2
2,0,0,7.2,73.4
5,1,4,6.8,49.3
7,0,1,6.0,57.9
8,3,2,2.2,48.5
10,2,4,4.0,33.7
1,2,7,7.5,52.8
6,4,6,7.0,26.7
8,0,9,5.6,29.5
7,10,3,6.4,10.0
6,12,7,0.2,10.0
4,6,1,5.8,43.3
10,2,0,3.8,44.2
10,0,6,1.5,44.5
2,1,7,7.7,48.9
0,2,1,7.0,72.0
0,9,3,6.7,35.8
5,11,1,3.3,28.0
7,14,9,1.8,10.0
6,14,0,5.2,11.3
7,11,0,4.0,24.6
2,3,7,5.4,46.9
3,12,1,3.3,30.5
1,3,0,7.4,68.6
9,8,3,7.7,10.0
4,4,4,6.4,42.8
4,0,6,2.4,60.3
2,0,4,1.3,79.5
0,0,4,3.5,81.5
5,7,9,3.5,19.3
5,4,9,6.6,21.5
1,1,5,0.2,77.5
7,0,5,0.7,57.8
1,13,8,2.7,15.2
9,8,9,1.0,10.0
5,8,5,3.1,26.8
0,1,8,1.7,69.6
4,11,7,7.9,10.0
9,11,6,4.2,10.0
7,14,2,5.0,10.0
9,2,8,6.6,21.6
1,13,6,4.1,16.8
10,12,9,3.6,10.0
2,4,8,4.7,40.3
10,1,1,1.2,56.1
0,1,1,6.5,77.1
8,9,7,5.1,10.0
9,7,0,7.5,18.6
1,10,4,6.0,28.4
5,11,0,2.3,30.2
3,12,7,6.6,10.0
10,2,5,0.8,40.5
4,13,7,0.9,10.0
5,0,0,7.2,65.6
3,11,0,1.2,44.3
10,10,8,0.7,10.0
7,11,6,7.8,10.0
9,0,5,3.3,44.8
6,6,2,6.0,33.9
2,12,9,6.0,10.0
7,0,2,2.2,64.4
2,2,7,0.8,60.3
5,8,7,1.3,23.2
4,6,9,3.2,25.0
9,13,0,7.7,10.0
9,13,5,3.1,10.0
7,9,8,7.2,10.0
7,2,8,6.5,24.7
3,13,0,4.3,29.4
6,9,9,0.9,13.0
3,6,3,5.8,39.5
8,7,2,5.5,27.9
11,10,1,3.7,10.0
2,0,3,3.8,76.7
1,4,2,0.4,72.3
2,9,1,2.9,46.2
2,13,3,3.4,21.7
7,8,1,1.4,38.6
5,9,5,1.6,27.9
2,10,9,2.1,21.2
6,2,5,4.1,45.2
8,12,4,0.6,10.0
6,3,4,3.9,47.7
10,8,4,2.9,13.5
3,13,7,4.1,10.0
1,5,7,4.4,43.4
6,6,9,6.7,14.6
10,6,5,2.9,17.4
9,3,8,6.6,17.4
0,10,5,0.7,42.1
5,1,8,0.2,52.1
11,13,9,1.5,10.0
7,11,6,4.5,10.0
9,13,6,6.3,10.0
11,14,3,7.7,10.0
8,5,8,2.1,24.2
11,5,4,2.6,26.3
6,12,2,2.0,19.4
4,9,4,2.5,29.9
6,8,3,3.2,30.9
1,2,4,4.9,62.7
2,2,7,4.4,55.0
4,6,2,0.5,53.7
0,13,0,4.2,43.4
10,1,6,6.2,25.1
11,9,2,5.3,10.0
1,9,7,5.2,28.8
0,14,4,0.7,31.3
7,0,5,4.1,46.4
3,12,2,2.1,29.3
5,6,9,6.1,16.6
5,6,3,0.4,43.2
9,0,1,4.9,52.0
4,3,5,1.1,55.6
0,7,3,4.1,50.6
8,7,6,0.3,22.8
6,11,4,4.1,14.1
4,14,2,5.2,13.0
2,13,2,2.8,30.1
4,14,1,7.5,10.0
7,11,7,3.4,10.0
10,6,1,2.4,33.2
8,2,2,6.5,43.6
7,3,9,1.7,29.9
2,4,4,6.4,50.2
3,4,2,6.9,52.5
7,0,4,2.1,58.8
3,13,5,5.4,10.7
1,2,3,3.6,72.2
8,5,0,4.5,40.7
7,12,9,4.7,10.0
0,2,1,1.6,79.0
6,2,4,6.9,38.3
8,4,8,7.9,14.9
9,12,3,4.1,10.0
9,4,0,1.0,49.0
8,7,7,5.9,10.0
10,4,1,1.3,44.0
0,13,7,0.3,24.5
8,5,5,3.8,29.5
8,1,3,5.4,46.6
11,3,4,4.0,28.2
5,9,9,1.5,16.9
2,14,8,3.9,10.0
4,13,7,1.3,10.0
11,0,6,7.3,24.2
8,9,5,3.5,13.5
3,0,0,2.5,78.0
0,6,7,6.3,41.9
1,1,1,4.4,76.8
2,8,6,1.1,36.3
9,13,6,0.9,10.0
1,14,9,2.1,10.0
5,11,8,6.1,10.0
2,11,9,3.6,11.7
7,7,4,1.5,31.8
5,11,2,0.3,28.4
1,4,3,3.0,65.2
2,10,8,1.9,25.7
6,0,3,7.6,52.9
4,6,0,1.6,54.8
5,8,1,5.6,32.4
5,13,6,1.8,10.0
5,4,8,0.5,41.8
5,3,7,0.1,52.1
1,6,0,2.1,65.1
5,5,3,7.3,33.5
5,7,8,1.9,27.2
3,5,3,4.4,51.4
8,8,3,1.9,27.5
5,6,7,5.7,23.7
1,3,5,6.1,53.9
8,3,2,1.7,48.9
3,1,7,0.4,64.3
3,11,4,1.1,26.7
8,14,1,3.9,10.0
5,8,8,3.2,17.8
10,13,8,0.8,10.0
7,3,7,0.9,41.4
1,3,1,4.5,67.9
9,10,0,7.9,10.0
1,11,9,7.4,10.0
0,5,4,7.1,51.5
3,4,0,0.6,71.8
6,11,2,0.9,24.5
3,14,1,5.7,21.1
10,3,9,7.1,10.0
3,13,2,2.4,25.5
8,2,1,4.0,52.1
9,12,8,3.1,10.0
5,12,7,1.1,10.0
4,9,4,3.4,29.6
11,5,1,3.4,34.9
10,3,7,5.1,19.4
10,9,0,6.0,12.9
2,5,9,6.3,31.6
6,0,1,1.3,76.2
2,0,0,4.9,78.3
9,6,3,1.8,31.8
7,2,1,6.2,48.6
6,9,4,4.0,25.0
9,0,5,2.9,44.0
3,10,8,7.0,10.5
8,8,1,6.9,17.0
1,7,9,7.4,24.3
9,9,0,4.6,20.2
1,1,1,5.4,74.3
8,13,4,3.4,10.0
4,2,0,7.2,58.8
4,9,9,3.9,11.9
4,7,5,5.9,31.9
8,14,8,6.7,10.0
3,14,3,3.4,18.7
5,11,2,6.7,20.0
1,7,2,7.1,45.2
7,1,3,0.1,62.9
7,13,6,3.5,10.0
11,11,8,7.6,10.0
10,4,9,0.4,24.2
5,10,0,3.5,33.7
8,10,6,6.5,10.0
9,5,8,3.9,14.1
9,5,0,5.8,37.2
9,8,4,6.9,10.0
8,5,6,1.6,27.9
2,12,1,1.7,33.0
8,0,1,6.0,55.5
0,8,2,2.9,53.6
8,2,9,2.4,27.8
9,7,6,4.9,10.0
3,3,7,7.7,31.1
9,14,0,1.5,10.0
2,5,3,5.7,50.6
5,13,6,5.4,10.0
4,8,0,6.1,39.0
10,9,1,4.3,15.2
2,12,0,6.2,29.0
11,2,8,0.0,28.3
7,2,0,4.6,56.3
7,3,5,1.1,45.2
9,12,6,4.9,10.0
8,4,7,6.0,18.8
10,4,6,3.5,24.9
9,2,3,5.4,39.4
10,14,1,7.7,10.0
5,9,4,7.6,14.0
7,10,0,2.4,29.8
10,10,0,1.6,21.6
2,2,9,5.2,45.5
9,9,3,3.9,15.6
6,7,5,0.8,34.6
8,2,9,0.8,32.8
7,2,6,2.4,43.7
1,12,3,8.0,20.1
4,4,2,2.7,57.6
1,5,0,0.7,71.1
8,3,8,2.8,27.2
7,0,8,1.7,45.5
0,1,1,2.8,84.8
3,11,7,4.1,13.2
5,7,8,7.5,10.1
0,10,5,0.2,40.9
5,2,1,6.0,56.1
10,13,2,0.1,10.0
10,8,8,0.8,10.0
5,4,4,3.3,45.9
4,9,3,6.8,21.9
0,11,5,4.5,30.3
5,12,1,5.2,21.4
3,3,7,0.4,58.1
11,5,6,6.7,10.0
0,8,0,2.6,55.7
10,5,8,1.4,17.5
9,11,6,0.3,10.0
10,11,1,6.9,10.0
0,4,1,3.3,74.1
1,2,2,6.1,63.3
8,13,9,4.3,10.0
5,2,3,4.6,56.6
1,11,9,7.7,10.0
7,11,7,5.3,10.0
3,6,1,4.7,50.7
0,5,4,4.4,54.1
3,14,6,4.3,10.0
9,0,0,7.7,50.0
0,13,6,2.8,17.8
7,1,4,0.3,58.0
11,3,2,0.8,42.7
0,6,9,6.4,35.2
5,11,1,7.4,19.3
9,2,9,0.6,38.0
1,14,7,0.8,15.1
10,9,3,0.8,18.3
3,0,1,1.4,81.4
5,11,9,1.0,10.0
9,10,3,3.0,16.9
9,12,2,3.2,10.0
0,7,9,4.2,34.8
7,13,9,6.3,10.0
11,12,0,4.7,10.0
2,9,8,0.7,31.6
5,0,3,6.5,57.4
6,5,2,6.0,39.6
3,13,3,6.1,15.0
3,2,6,4.6,53.6
1,14,9,3.4,10.0
1,4,0,1.4,76.9
0,4,6,7.6,47.6
6,11,2,7.0,10.9
0,8,4,2.0,51.9
4,4,9,2.6,35.2
4,0,0,0.5,80.8
11,4,0,6.0,28.1
11,7,1,5.3,19.4
8,4,8,6.3,17.4
8,12,9,0.8,10.0
0,1,8,0.9,73.1
5,8,3,6.8,25.1
2,14,5,5.5,10.0
0,1,7,2.4,69.5
7,2,0,3.6,59.0
9,10,1,3.4,16.5
5,11,2,3.9,22.7
4,11,2,3.0,30.1
5,1,9,7.7,28.9
2,6,6,2.8,44.0
8,3,8,3.1,27.5
9,0,5,6.8,37.2
5,1,6,0.1,60.2
8,9,8,6.3,10.0
5,1,9,1.9,49.3
2,12,1,4.7,28.9
11,9,6,2.1,10.0
1,11,4,7.0,23.6
3,12,1,7.4,16.4
0,10,9,1.5,26.8
4,7,8,7.1,17.9
11,12,4,1.1,10.0
6,4,0,3.5,57.1
3,6,4,0.1,50.6
10,5,2,3.1,31.0
9,11,6,0.7,10.0
3,11,3,5.3,22.8
2,10,1,5.4,37.4
1,9,0,0.9,58.7
2,11,2,6.4,27.7
8,1,8,1.8,38.7
10,3,3,2.4,39.5
3,6,3,0.9,54.2
8,14,3,6.7,10.0
3,11,4,4.0,26.7
11,6,0,6.8,22.6
9,6,9,3.4,12.3
5,12,0,3.1,27.2
0,12,3,3.7,34.0
6,12,9,3.9,10.0
2,13,6,3.1,17.1
5,5,9,3.7,28.9
10,5,2,3.8,30.5
9,3,7,7.9,14.9
7,1,1,5.0,52.5
7,7,6,6.8,12.2
7,3,0,3.9,55.8
7,13,8,4.7,10.0
2,11,6,0.3,30.1
7,12,5,2.3,10.0
1,1,9,6.4,52.1
5,3,9,2.7,36.0
11,1,5,5.8,28.9
3,11,8,0.2,21.9
10,0,4,4.5,40.0
10,13,9,7.9,10.0
1,2,5,5.7,61.5
4,3,8,5.6,33.0
2,1,7,3.9,56.3
4,7,2,2.3,48.0
8,6,5,3.3,29.1
2,5,3,4.1,53.0
0,12,6,5.7,19.2
2,14,7,1.3,14.6
8,2,7,3.0,32.0
7,10,4,6.9,10.0
0,6,8,0.1,51.9
10,8,0,6.6,15.9
9,8,2,0.4,27.0
0,3,2,6.2,65.9
6,2,8,7.9,27.0
5,1,0,6.0,66.5
2,12,0,4.3,34.4
3,2,9,1.1,49.2
3,5,7,0.5,48.7
8,7,5,3.2,20.7
11,12,4,3.3,10.0
9,5,3,1.9,32.0
9,11,6,3.2,10.0
5,8,0,2.3,45.0
11,0,3,0.4,50.3
3,12,0,3.6,31.9
10,13,4,3.9,10.0
1,1,6,5.6,62.8
10,9,5,4.4,10.0
9,6,3,7.2,15.1
9,5,5,2.8,25.8
4,11,5,1.8,19.4
1,7,1,0.5,64.1
0,11,3,3.1,40.2
0,9,3,0.4,53.4
5,5,5,3.9,35.4
8,6,9,7.2,10.0
11,3,4,4.3,27.7
10,12,0,5.2,10.0
4,12,6,7.0,10.0
8,13,2,1.1,10.9
3,13,2,4.4,22.5
5,10,2,2.9,33.3
2,8,0,4.7,50.0
6,9,0,1.0,39.9
3,13,7,2.9,10.0
5,12,0,5.6,18.8
5,2,3,4.6,49.3
3,5,3,5.9,46.6
10,1,3,3.6,42.1
10,5,0,1.4,41.8
1,10,4,1.8,34.9
1,9,8,6.2,19.9
5,11,1,2.8,33.2
8,8,7,3.3,12.1
5,5,0,6.7,48.9
8,6,3,1.8,32.0
1,1,6,6.5,59.8
7,14,7,0.9,10.0
6,4,6,1.2,42.4
2,11,8,2.8,18.7
11,5,9,6.6,10.0
1,2,1,5.8,72.0
7,9,7,6.1,10.0
0,3,8,1.5,60.9
8,13,3,7.8,10.0
9,9,4,0.8,22.1
7,7,8,0.9,24.3
1,11,6,2.9,25.8
6,2,2,4.2,56.5
6,7,2,6.0,33.1
9,9,0,5.3,18.7
11,14,9,7.1,10.0
2,4,4,4.8,51.3
10,2,0,0.6,60.8
11,11,2,3.8,10.0
5,4,1,6.2,47.0
9,9,9,3.9,10.0
2,12,4,1.0,28.9
3,10,5,5.6,19.3
10,9,4,5.8,10.0
9,1,9,6.1,23.5
7,5,2,2.8,46.4
3,12,7,5.5,10.0
7,9,7,5.9,10.0
4,10,9,3.1,10.0
4,4,2,3.3,56.9
9,8,2,3.9,21.1
10,14,4,4.9,10.0
5,7,2,2.4,42.3
10,6,8,1.3,12.8
11,7,2,2.0,26.0
1,5,4,4.3,52.8
3,4,5,6.0,40.3
9,7,8,7.0,10.0
7,0,8,7.2,32.0
8,1,9,4.6,29.9
0,8,4,6.9,39.8
8,6,4,2.1,30.3
1,7,8,3.5,37.9
1,11,7,1.8,27.6
0,11,7,1.1,35.6
7,4,5,5.3,33.4
11,11,6,1.9,10.0
11,11,2,4.5,10.0
2,6,7,0.6,45.1
9,5,7,1.3,20.2
8,8,7,2.5,12.4
10,9,0,3.2,23.0
1,5,8,2.0,46.2
4,0,3,5.8,65.4
11,14,3,0.5,10.0
6,5,1,4.4,47.5
9,4,8,0.2,30.6
6,12,5,7.2,10.0
3,6,4,5.0,41.3
9,1,2,5.5,43.6
1,6,6,5.6,40.0
5,2,8,4.3,42.8
5,7,4,0.9,40.8
8,13,0,3.4,13.5
4,6,9,6.0,21.0
8,5,9,7.9,10.0
9,2,6,2.5,36.9
10,11,8,5.1,10.0
10,5,0,7.9,25.1
5,8,2,4.6,35.0
7,7,2,6.4,25.2
3,5,2,4.7,48.2
8,1,4,3.5,48.4
10,11,8,5.4,10.0
7,12,2,6.9,10.0
11,12,0,6.3,10.0
1,1,8,7.0,49.7
3,7,9,7.6,14.7
6,14,9,6.0,10.0
1,14,2,6.7,14.8
11,2,3,2.1,37.0
11,14,5,1.3,10.0
6,4,6,3.1,31.7
5,11,5,2.5,18.6
10,14,0,3.3,10.0
5,12,2,1.1,27.0
7,10,2,3.4,19.6
8,5,3,6.6,25.4
2,1,4,0.4,76.6
0,11,4,2.0,43.1
2,2,9,3.2,45.7
9,9,4,4.6,10.0
8,12,1,3.5,10.0
9,5,9,0.3,23.7
1,4,8,5.1,41.8
6,5,8,5.7,21.0
9,13,3,0.9,10.0
3,5,2,0.1,64.9
10,5,5,4.4,16.0
2,11,0,6.9,31.0
3,4,3,6.0,49.5
9,13,1,4.0,10.0
11,5,8,2.8,10.1
10,10,6,0.2,10.0
4,13,8,6.3,10.0
7,9,6,1.8,17.8
0,0,1,7.9,80.0
7,7,1,0.6,42.6
5,8,7,7.1,14.9
1,13,8,2.0,18.0
6,9,5,7.2,10.0
4,9,2,3.5,35.9
3,11,8,1.8,16.2
5,0,6,0.9,64.8
3,2,0,1.0,79.5
0,2,8,7.5,49.3
9,7,1,2.3,34.6
2,4,4,7.8,47.0
8,8,6,6.7,10.0
6,3,9,5.9,26.0
1,0,2,5.7,77.8
7,7,8,7.1,10.0
5,8,2,1.8,41.0
10,6,1,7.2,19.4
8,4,9,3.6,18.9
11,14,2,6.0,10.0
7,3,9,6.3,20.5
6,13,5,6.7,10.0
8,3,0,3.6,51.1
1,14,3,2.0,23.8
9,7,3,6.9,15.5
10,8,4,0.5,17.0
6,5,9,4.6,21.5
6,4,1,6.1,43.7
6,8,0,7.0,29.1
7,14,8,1.0,10.0
5,14,1,3.7,19.8
6,9,7,5.5,10.0
7,6,2,7.3,27.7
8,11,7,5.0,10.0
8,2,1,1.9,55.6
1,8,2,1.1,53.9
4,8,3,3.3,38.8
8,11,9,1.4,10.0
0,10,9,5.6,22.2
3,13,8,4.2,10.0
2,13,2,2.0,31.7
6,9,3,4.9,20.6
10,9,3,0.8,15.7
11,6,9,5.0,10.0
5,2,2,5.3,56.3
7,9,8,0.1,15.4
9,5,9,5.4,10.0
1,1,3,2.6,74.3
10,6,7,0.4,16.9
0,12,4,3.4,29.4
7,11,5,2.9,10.0
8,1,2,5.6,45.7
9,10,8,5.6,10.0
9,4,3,3.5,37.9
5,8,5,5.3,21.7
7,3,5,6.8,33.1
7,14,7,0.5,10.0
11,12,9,1.2,10.0
4,1,7,3.7,51.7
10,9,5,6.7,10.0
3,14,0,4.1,25.9
2,6,7,1.5,44.7
4,13,6,7.6,10.0
3,10,4,1.8,32.4
8,13,7,6.6,10.0
9,8,5,8.0,10.0
1,13,0,4.9,34.3
4,2,3,1.5,62.8
0,7,3,4.0,52.6
0,1,0,5.4,75.6
7,8,9,1.1,15.4
1,14,0,7.8,17.7
10,13,5,7.7,10.0
4,6,0,4.0,49.8
0,9,7,6.5,25.7
3,10,1,7.9,29.7
4,5,2,5.3,47.2
9,3,2,4.7,36.8
4,10,3,4.9,25.2
11,12,7,4.3,10.0
1,14,2,7.2,15.3
5,3,0,1.1,65.5
2,11,2,3.9,32.3
0,11,8,0.1,33.6
0,7,8,7.1,30.0
8,2,8,2.5,33.4
6,11,3,3.8,16.5
7,0,9,5.1,37.2
7,4,8,1.0,33.5
8,10,1,6.0,12.8
2,2,5,4.1,59.8
4,10,2,0.5,43.4
10,13,1,1.2,10.0
9,13,7,4.7,10.0
2,8,7,3.5,34.6
0,1,3,7.3,68.8
11,8,6,5.3,10.0
10,9,9,4.8,10.0
4,11,6,5.8,10.0
7,5,3,4.1,33.4
10,0,4,3.8,42.5
6,14,8,7.8,10.0
2,11,1,7.2,28.5
5,3,0,1.4,67.8
7,2,1,1.6,59.4
2,5,2,2.1,65.6
2,14,5,5.8,10.0
7,11,4,7.5,10.0
3,11,2,1.0,38.1
7,3,3,8.0,32.8
11,0,5,2.6,39.3
4,12,3,2.8,21.0
8,13,5,4.3,10.0
11,11,3,0.8,10.0
1,4,8,7.4,40.0
6,3,3,0.2,57.1
2,4,0,0.1,75.2
10,0,1,7.8,42.5
7,10,2,3.2,18.8
3,9,1,2.0,46.2
1,12,5,2.2,28.4
7,12,5,3.9,10.0
10,11,8,7.2,10.0
0,7,2,6.0,50.6
9,3,4,1.4,43.6
2,1,0,2.7,82.3
6,5,2,3.4,44.6
2,4,4,7.9,44.0
8,3,6,6.2,24.5
6,10,9,3.9,10.0
7,11,1,2.0,19.2
4,3,8,1.2,46.6
3,14,2,1.4,20.6
9,14,7,2.7,10.0
7,11,2,4.2,14.2
11,8,5,1.4,11.9
0,12,6,5.9,18.6
4,4,0,7.5,50.6
11,10,0,4.2,10.0
8,7,5,2.9,20.2
6,13,3,5.6,10.0
9,2,6,5.5,31.0
8,10,1,6.5,11.5
11,3,0,7.5,33.3
6,3,4,2.7,49.9
2,10,3,1.0,40.4
2,4,6,7.2,40.5
5,1,7,1.5,55.8
6,5,0,2.8,54.5
7,5,7,3.4,25.8
1,12,8,6.9,10.0
1,11,6,4.7,23.9
8,5,5,4.8,23.7
1,10,8,6.2,17.2
7,8,0,8.0,21.5
4,7,0,7.7,37.5
9,2,0,1.0,61.0
9,5,0,7.9,32.5
0,7,4,5.8,43.9
2,3,6,5.1,48.0
6,5,6,3.2,31.9
2,13,7,7.9,10.0
0,9,6,2.5,36.8
1,2,3,7.6,59.5
7,4,1,2.8,47.3
9,5,5,1.1,29.3
0,3,0,5.0,76.2
9,0,4,7.0,38.8
11,3,6,7.6,12.9
1,7,6,6.6,30.1
1,10,6,3.2,29.8
0,13,2,6.2,25.4
2,8,2,0.2,54.5
1,12,1,1.5,44.3
7,2,7,4.6,36.8
3,11,9,2.3,12.9
6,4,1,5.4,50.1
7,13,8,5.5,10.0
3,5,8,4.9,32.7
11,1,4,5.6,31.8
11,1,5,2.5,35.5
4,9,1,1.7,41.2
10,5,6,0.1,29.2
4,4,6,5.3,38.6
8,9,9,4.7,10.0
6,13,4,2.7,10.0
6,0,5,2.8,58.3
6,7,1,1.7,42.8
1,12,3,2.8,35.6
1,6,6,2.4,50.1
4,0,5,7.8,52.3
6,10,6,4.0,10.0
2,6,8,4.7,34.5
2,14,8,0.2,14.2
2,7,1,6.6,46.3
4,9,2,6.0,26.1
8,11,2,4.1,10.0
9,0,2,6.2,46.6
4,1,7,1.3,62.8
6,1,1,3.6,61.3
10,2,9,1.9,27.3
4,8,8,4.7,17.3
3,13,2,5.0,21.9
2,14,2,7.9,13.6
0,3,1,0.2,84.7
9,0,8,2.9,36.5
0,5,4,7.6,54.0
2,7,7,7.8,26.5
8,11,2,4.6,10.0
4,5,6,4.5,38.3
0,0,4,3.4,81.7
3,12,5,1.7,23.1
10,7,1,0.6,29.3
6,9,2,3.1,27.6
7,13,4,2.8,10.0
8,7,8,4.4,10.0
7,10,4,2.8,15.2
6,13,6,3.4,10.0
3,12,4,4.8,18.7
9,6,1,5.6,29.0
5,13,2,0.1,24.7
3,7,6,1.7,37.4
11,8,5,1.5,10.0
10,5,4,3.3,25.4
2,4,4,0.6,64.9
10,2,9,7.2,10.3
1,11,9,3.4,17.6
4,4,2,6.7,45.3
9,5,3,7.4,21.0
8,13,1,1.6,11.8
0,8,4,4.0,47.4
2,0,8,7.8,46.6
9,14,1,6.6,10.0
9,9,4,0.3,18.3
2,4,0,7.7,59.5
6,3,3,0.2,54.8
8,0,4,0.3,61.8
10,1,6,5.2,26.5
10,12,1,5.1,10.0
4,2,5,6.6,44.7
10,12,3,2.4,10.0
2,1,8,3.9,53.9
1,8,5,6.8,33.6
4,10,6,6.0,13.8
3,13,4,3.4,16.0
2,8,6,6.8,23.3
5,11,7,3.9,10.0
3,9,1,4.2,43.3
10,4,7,4.7,14.8
5,11,1,3.0,29.1
1,11,7,2.3,24.3
5,10,9,5.4,10.0
10,2,1,1.3,49.0
2,13,3,4.0,20.6
2,7,6,2.5,40.8
3,11,8,3.0,16.1
3,13,6,3.7,10.0
2,0,7,1.6,67.5
9,9,2,3.9,16.9
0,3,1,5.9,69.9
0,12,3,1.9,40.7
7,14,4,6.8,10.0
11,1,1,3.5,46.4
1,5,5,6.0,46.5
4,14,1,5.4,12.9
6,9,6,3.3,20.3
10,14,6,6.5,10.0
2,12,4,0.2,35.7
10,10,7,2.1,10.0
7,7,1,0.1,44.7
1,6,7,6.3,39.0
6,12,8,1.1,10.0
3,14,4,3.3,13.1
3,14,4,4.9,11.6
3,6,3,7.8,38.4
8,14,3,8.0,10.0
3,10,9,7.0,10.0
3,2,4,4.3,62.0
5,9,4,1.1,31.6
10,10,4,2.9,10.0
3,1,3,6.9,57.4
4,8,3,7.7,24.6
3,4,6,5.3,41.4
1,4,3,6.4,55.3
10,10,4,6.4,10.0
4,7,7,7.7,15.9
9,2,5,6.5,29.6
1,8,0,2.9,58.7
4,5,3,3.8,47.8
4,8,7,2.0,28.9
9,14,5,1.2,10.0
4,7,6,2.8,36.9
9,5,3,5.4,23.9
8,9,2,4.8,17.7
10,5,3,6.0,18.7
0,11,2,7.2,34.1
9,5,0,0.4,46.5
4,6,1,2.0,54.4
7,0,3,6.2,50.7
11,8,5,7.4,10.0
2,4,5,7.5,41.6
4,12,8,1.5,11.3
4,0,2,0.8,79.0
9,8,0,7.5,17.2
1,4,5,0.5,70.4
7,0,0,5.3,60.7
2,0,8,3.2,60.4
1,3,7,2.2,57.5
10,13,0,2.2,10.0
6,0,0,2.9,75.2
3,10,7,2.9,21.7
11,10,1,6.5,10.0
5,11,1,4.3,24.5
7,8,0,7.5,20.4
7,3,2,5.1,45.7
11,8,5,3.3,10.0
8,0,3,4.3,55.3
3,0,5,7.5,57.8
2,10,1,6.7,30.4
9,7,4,7.4,10.8
3,2,9,5.7,40.1
11,9,1,5.1,10.0
2,11,2,2.0,35.2
0,13,1,2.8,38.1
11,4,6,0.5,27.6
2,3,5,4.6,55.9
2,7,2,5.1,45.9
9,11,5,6.0,10.0
10,7,2,6.8,15.2
10,2,6,2.4,34.6
5,14,3,1.4,12.5
3,8,6,0.9,35.1
2,5,9,4.3,32.1
7,3,3,2.1,48.9
8,3,8,1.6,31.2
3,7,4,4.5,37.6
4,3,9,4.8,39.2
11,1,7,1.1,31.3
4,2,7,4.2,44.9
5,14,6,0.8,10.0
8,14,9,6.3,10.0
7,10,3,4.7,14.5
4,9,8,4.8,10.0
10,9,4,5.7,10.0
9,6,0,1.7,41.1
6,1,3,1.5,62.2
1,13,9,2.5,10.0
5,1,3,4.6,57.2
0,13,4,6.6,20.9
9,10,4,7.9,10.0
0,1,3,6.6,70.2
0,10,7,3.9,29.9
1,8,5,4.6,33.8
4,11,2,2.3,29.9
1,4,8,1.8,53.4
5,10,9,1.1,10.0
0,10,3,4.1,42.5
11,13,0,1.4,10.0
8,4,3,0.4,47.2
7,0,9,1.4,46.3
8,0,6,3.1,45.6
11,11,3,1.8,10.0
10,1,8,1.8,31.3
10,7,5,2.0,18.7
7,11,2,7.1,10.0
5,14,0,0.7,23.9
9,13,7,2.6,10.0
2,4,2,3.2,61.6
6,5,8,2.2,27.1
6,5,5,3.0,36.1
11,6,8,5.0,10.0
6,9,3,1.1,27.4
6,1,3,2.9,63.9
2,5,0,1.1,69.1
7,14,3,5.8,10.0
9,4,3,6.9,24.0
10,6,0,4.4,30.5
5,2,3,0.5,63.5
0,3,1,3.6,79.3
0,12,1,3.4,39.0
0,12,2,6.4,32.5
8,3,0,0.5,59.5
8,12,8,7.8,10.0
7,10,4,1.7,17.8
7,11,0,6.6,15.7
4,4,1,6.3,54.1
4,1,3,6.1,58.0
4,11,9,1.0,13.5
11,12,0,0.7,12.9
5,2,3,3.6,58.1
3,1,2,5.9,65.5
4,7,0,5.4,44.9
7,10,5,6.2,10.0
2,12,8,0.9,20.9
1,1,8,3.4,57.7
7,3,5,3.7,36.8
8,1,5,1.9,52.7
5,7,8,4.6,20.6
5,14,7,0.3,10.0
2,13,3,6.2,16.2
4,14,7,1.7,10.0
9,13,9,5.9,10.0
4,7,0,0.6,55.7
6,2,9,4.0,37.0
5,5,1,1.8,55.2
5,7,9,3.1,21.5
3,14,6,7.1,10.0
5,0,8,3.6,51.2
2,7,6,2.2,42.3
8,4,9,2.4,23.7
6,5,6,5.1,25.0
10,0,1,5.9,43.0
11,12,5,0.3,10.0
4,14,9,4.0,10.0
3,8,7,3.4,26.8
6,9,0,3.1,35.8
5,1,6,3.3,54.5
3,3,2,5.7,54.4
2,9,5,8.0,22.3
8,5,4,7.8,18.6
1,9,2,5.7,38.3
4,5,7,1.9,38.8
7,8,7,0.1,23.0
0,4,2,6.2,63.1
3,6,0,3.8,55.7
2,1,6,2.2,62.5
7,1,8,3.4,37.0
0,2,0,6.0,77.6
4,0,2,0.4,79.2
5,1,3,4.1,55.7
10,6,5,3.0,20.9
7,13,9,1.7,10.0
1,5,7,7.2,39.3
0,7,5,5.8,38.3
9,5,9,6.0,10.0
6,1,2,5.5,57.2
11,3,2,2.5,36.7
6,10,1,0.2,35.1
8,4,8,4.8,17.7
8,8,8,2.6,10.0
3,4,1,2.2,65.8
7,1,9,5.4,30.2
5,6,7,2.8,30.0
10,11,6,7.8,10.0
9,2,5,7.2,26.3
3,0,4,0.4,76.3
7,10,2,0.8,26.8
8,10,4,4.4,10.2
8,2,6,0.2,43.0
7,12,3,3.6,11.7
3,2,4,3.2,63.1
5,5,9,5.2,18.4
8,9,4,3.5,16.0
3,14,1,1.2,27.3
8,13,1,1.4,13.8
4,9,0,3.1,44.7
8,5,0,2.0,49.7
0,9,1,6.7,45.1
4,5,6,8.0,28.7
0,14,4,6.3,17.9
0,11,4,2.6,36.5
4,11,0,3.7,30.9
10,10,7,3.6,10.0
9,13,0,7.4,10.0
0,8,9,4.8,26.9
8,11,4,5.7,10.0
9,12,7,2.5,10.0
8,6,1,0.4,45.4
0,9,5,1.8,46.2
6,7,3,1.2,37.4
9,2,5,3.6,36.5
5,12,1,4.5,19.9
1,4,6,1.5,54.2
5,0,0,3.2,76.4
0,13,1,4.2,33.8
7,13,5,2.3,10.0
4,14,4,3.3,10.0
6,9,5,0.1,31.9
9,6,0,3.2,37.4
9,1,0,5.1,50.7
1,3,5,3.8,59.9
6,3,2,4.5,49.4
8,12,6,6.2,10.0
5,4,3,8.0,36.3
3,4,9,3.3,35.7
1,9,6,1.4,35.7
9,4,4,7.8,20.7
8,13,6,2.3,10.0
0,14,9,2.1,11.2
5,9,2,7.0,24.7
10,11,7,7.1,10.0
4,8,6,2.7,31.0
10,3,4,5.2,27.2
3,9,2,5.5,35.1
7,9,9,4.2,10.0
8,11,9,4.8,10.0
11,7,4,2.9,14.7
8,7,0,5.7,26.7
3,11,7,7.1,10.0
11,1,5,6.9,24.0
11,10,3,6.5,10.0
3,11,3,1.2,34.5
5,12,9,6.1,10.0
0,5,0,1.3,75.5
9,6,0,6.4,30.3
1,11,7,2.6,26.3
10,8,5,1.1,15.5
7,7,3,5.8,29.7
4,9,2,3.7,36.2
9,0,0,4.4,55.8
8,0,8,6.9,30.5
4,2,9,2.9,42.5
10,11,2,2.2,10.0
10,12,6,3.2,10.0
7,13,3,5.1,10.0
5,11,7,1.8,12.8
0,9,7,6.4,27.6
7,3,4,7.1,35.1
6,10,9,7.3,10.0
0,12,2,4.9,31.5
8,9,4,7.5,10.0
1,9,1,1.1,53.8
4,8,9,4.5,14.4
0,1,5,3.6,69.9
7,2,6,7.8,32.5
11,8,5,0.7,13.2
11,11,8,3.2,10.0
2,6,4,1.3,48.4
11,12,7,2.8,10.0
2,12,8,7.0,10.0
9,9,9,1.8,10.0
1,6,5,4.0,49.1
5,4,4,1.6,53.8
5,3,3,7.8,40.0
11,6,2,0.6,30.8
4,5,6,6.8,33.9
0,12,9,7.5,10.0
0,7,1,6.2,47.5
4,14,2,3.0,15.7
10,8,9,3.2,10.0
2,9,2,0.2,49.1
7,2,9,1.6,38.0
10,4,1,7.4,28.3
8,4,1,5.8,37.5
6,1,4,4.4,55.2
7,13,7,7.9,10.0
3,0,1,6.1,71.6
6,13,5,4.9,10.0
1,1,5,4.1,68.3
1,10,9,3.7,17.1
0,5,1,6.8,62.0
6,5,0,3.9,50.2
8,6,4,3.5,26.6
0,1,2,1.8,82.4
4,5,2,5.1,49.7
4,1,4,0.2,68.4
4,4,8,2.0,41.4
2,2,5,4.2,55.0
1,11,2,2.5,39.0
3,0,7,4.1,58.7
10,6,7,1.9,17.9
9,1,9,6.9,20.3
1,5,1,0.9,71.5
10,7,1,1.8,34.5
6,11,7,3.7,10.0
11,4,2,3.5,27.8
2,6,1,5.4,51.4
1,10,4,5.7,30.5
2,10,9,5.3,13.0
0,12,9,5.1,13.2
9,12,3,3.6,10.0
6,8,9,3.6,10.3
10,11,2,0.7,14.1
4,1,2,0.0,75.6
6,4,6,6.8,26.5
2,14,7,0.1,19.0
10,14,9,7.3,10.0
1,10,2,1.7,47.8
0,4,4,4.5,61.6
5,12,1,7.4,14.6
10,13,8,3.1,10.0
0,2,8,6.4,53.6
5,10,3,4.6,23.4
2,10,4,3.4,31.1
2,12,1,1.3,39.9
5,9,4,1.4,29.3
8,5,1,2.5,40.5
9,13,6,7.2,10.0
4,2,2,1.5,71.2
8,8,2,6.3,19.9
4,5,2,0.9,56.5
2,6,6,6.5,31.5
5,0,9,0.6,57.8
6,9,4,1.8,24.9
7,6,3,1.8,39.7
7,9,4,6.6,14.5
5,13,6,4.7,10.0
4,4,2,5.1,54.0
10,5,2,6.6,25.4
9,8,6,6.1,10.0
3,1,0,0.1,88.5
10,13,1,2.5,10.0
10,3,7,2.3,26.4
3,8,5,6.4,28.0
11,4,8,0.1,20.7
9,6,4,0.1,31.2
7,5,6,1.6,35.5
6,9,9,1.9,10.0
3,14,7,1.3,12.3
5,12,7,0.7,12.4
6,3,7,5.3,33.1
5,2,0,1.3,71.3
11,7,0,5.1,19.3
9,3,8,3.7,21.9
7,7,4,6.9,18.4
9,8,7,2.2,10.0
2,10,0,7.9,36.1
9,8,8,4.4,10.0
10,1,3,7.7,30.9
8,9,9,5.2,10.0
1,4,6,1.9,58.3
4,8,1,2.4,45.2
11,6,5,1.3,18.9
6,2,8,3.4,38.1
8,13,9,2.6,10.0
3,10,2,2.0,37.0
3,2,7,1.6,57.0
1,14,4,6.7,11.3
10,1,8,6.7,21.0
5,11,6,4.3,13.1
0,14,8,4.9,10.0
5,9,0,3.4,34.9
3,7,3,5.0,39.5
10,14,1,6.3,10.0
5,13,4,3.9,10.0
11,10,1,6.3,10.0
6,4,2,7.1,40.6
6,2,4,7.9,40.8
8,7,4,7.7,17.1
0,2,9,2.0,58.8
11,11,3,4.9,10.0
2,4,5,2.9,53.9
3,14,8,5.6,10.0
10,4,8,1.6,24.7
6,11,7,2.2,10.0
3,8,5,7.8,22.5
10,7,7,4.9,10.0
7,7,0,1.6,43.8
1,3,4,3.1,63.3
7,10,8,2.9,10.0
6,7,7,1.9,24.1
1,9,5,0.5,41.7
6,10,9,7.8,10.0
8,4,7,3.0,26.2
9,7,3,4.4,21.3
10,3,8,3.2,22.9
2,12,1,5.7,26.8
1,4,7,6.0,43.7
6,2,7,7.2,33.0
8,12,1,2.6,12.6
8,0,5,7.8,37.9
5,10,8,6.4,10.0
9,13,1,1.5,10.0
4,6,4,4.0,42.7
4,6,2,2.7,55.5
7,1,0,4.1,61.7
3,7,6,2.5,36.0
1,10,4,1.9,40.5
4,4,3,5.9,45.9
6,9,9,4.1,10.0
7,10,3,4.4,16.1
7,4,9,3.4,27.4
10,8,5,7.3,10.0
7,12,4,0.4,14.3
9,0,3,6.3,45.0
2,13,6,6.5,10.0
11,11,7,3.1,10.0
3,12,1,0.5,39.9
10,4,5,6.3,18.6
1,13,9,3.6,13.9
10,7,3,5.0,13.2
1,0,3,6.4,69.5
6,8,1,1.3,42.6
10,2,6,2.9,30.9
0,0,5,5.5,72.4
11,9,5,2.7,10.0
5,6,2,3.0,48.2
4,6,7,5.9,23.9
2,4,8,6.0,36.3
5,14,7,4.8,10.0
3,1,4,3.3,63.1
11,3,7,3.1,21.7
10,7,5,2.3,17.7
4,11,8,0.6,16.0
2,1,7,0.4,67.6
10,11,8,7.4,10.0
7,5,9,1.0,27.3
0,7,0,4.9,59.7
6,6,8,2.2,23.5
11,4,6,5.1,16.9
9,4,4,5.6,25.9
9,5,0,6.3,34.1
5,10,2,0.7,36.0
6,10,3,0.8,23.1
9,0,2,6.5,43.3
6,8,2,7.5,23.6
10,11,8,2.1,10.0
1,2,9,2.5,57.0
4,0,0,7.3,66.0
4,7,6,6.3,26.9
3,10,3,1.9,35.0
8,3,9,4.7,16.6
0,3,4,2.5,69.3
5,5,3,3.5,42.6
2,11,3,5.6,24.1
9,5,3,2.0,35.5
7,10,0,0.6,36.8
6,6,1,7.9,30.1
11,8,5,3.4,10.0
1,3,0,5.8,66.0
11,7,0,8.0,13.5
7,8,1,0.3,41.8
0,6,0,3.6,66.9
1,6,6,0.2,55.6
0,13,6,5.2,15.3
9,13,4,1.3,10.0
4,13,5,7.5,10.0
10,10,2,7.0,10.0
1,9,3,5.2,38.8
6,0,6,1.3,61.1
8,9,0,2.8,31.0
2,9,7,7.8,17.7
3,3,9,2.5,46.5
6,0,7,7.9,39.1
0,8,2,6.6,45.2
10,11,0,4.3,12.6
3,14,0,6.8,18.5
10,10,9,7.8,10.0
0,5,4,2.3,62.5
7,0,8,0.9,48.4
6,9,9,0.7,12.5
10,14,5,4.9,10.0
9,4,5,2.6,29.2
2,4,7,3.1,47.3
5,9,1,1.2,46.6
7,9,4,0.7,27.5
4,8,0,2.6,50.5
1,2,6,1.4,67.1
3,2,7,0.5,59.9
4,8,5,0.3,36.5
1,3,0,0.5,86.7
11,5,7,5.8,10.0
0,12,8,4.9,16.9
4,9,0,5.5,35.2
6,10,2,6.5,17.5
6,11,2,5.0,15.3
8,4,4,3.8,34.8
3,1,0,6.5,69.1
6,8,5,5.0,19.1
8,11,6,5.6,10.0
10,9,8,3.5,10.0
0,14,9,3.6,10.0
8,14,6,3.6,10.0
3,8,6,2.3,30.3
1,1,7,4.9,56.6
5,8,8,3.5,17.9
8,14,4,0.4,10.0
2,13,6,5.6,10.5
10,8,7,4.0,10.0
5,14,7,1.5,10.0
6,12,4,0.5,16.3
11,13,1,1.5,10.0
0,11,2,4.1,39.8
11,7,9,0.5,10.0
3,6,2,4.9,42.3
8,10,7,2.2,10.0
5,4,5,7.7,32.6
8,10,1,6.3,12.1
5,4,9,0.9,36.7
1,8,4,5.7,38.9
11,12,8,6.7,10.0
11,14,6,6.9,10.0
6,8,7,4.4,17.4
11,3,7,6.9,10.9
10,7,6,6.1,10.0
4,9,1,4.5,37.1
7,8,4,3.4,24.1
3,2,4,0.0,69.8
2,14,3,4.9,16.6
6,0,0,2.0,73.9
3,0,4,1.8,71.7
3,7,3,1.1,48.7
0,14,6,5.5,12.2
6,7,9,5.4,10.4
11,10,0,3.3,12.9
7,8,0,3.7,34.1
7,0,4,6.1,47.8
8,2,2,1.2,58.0
11,9,3,1.8,14.6
0,7,0,7.5,53.0
2,3,8,8.0,36.3
0,8,3,4.1,52.5
1,8,1,3.7,51.5
2,6,0,0.7,69.0
4,1,7,5.4,46.7
6,9,5,3.7,20.9
6,11,6,4.3,10.0
8,7,8,7.5,10.0
8,6,5,7.4,12.5
8,6,2,7.3,24.2
5,8,6,0.8,29.0
4,3,5,3.1,50.2
6,9,5,5.3,15.9
4,7,1,1.1,52.8
11,9,1,7.5,10.0
2,8,9,4.6,20.2
6,13,8,4.8,10.0
7,10,6,1.0,12.9
1,4,9,0.1,53.8
6,9,7,5.1,10.0
3,0,6,1.7,67.9
3,2,8,6.6,39.4
10,13,2,0.4,10.0
0,11,5,1.4,36.0
3,3,4,6.2,50.1
6,3,1,0.1,63.6
11,10,2,1.9,11.3
2,4,2,5.8,59.0
5,2,0,5.6,60.2
5,2,8,1.6,43.9
11,1,7,6.3,18.7
5,13,4,3.4,10.8
4,8,0,5.6,40.4
7,2,3,3.7,49.1
5,11,5,0.1,23.4
3,1,5,0.0,71.4
3,3,7,7.9,35.9
7,7,1,1.6,42.0
6,6,6,6.9,19.2
1,0,4,1.8,77.2
4,14,9,3.6,10.0
1,6,5,7.9,37.5
9,1,5,1.1,46.3
8,7,7,4.4,10.5
5,8,9,2.9,17.6
10,2,3,4.6,39.8
5,9,9,4.2,10.0
7,0,4,1.0,59.5
1,13,5,4.5,19.8
11,11,7,2.9,10.0
0,6,3,2.1,62.9
5,14,0,1.1,23.0
9,2,7,5.3,28.1
5,13,3,5.7,10.0
8,6,4,6.5,19.5
4,14,3,6.5,10.0
3,9,9,8.0,10.0
10,7,7,1.9,10.0
10,5,5,4.5,20.5
5,10,1,4.6,30.4
11,13,4,4.3,10.0
5,1,5,2.8,57.7
10,1,6,1.4,37.7
4,12,0,4.6,27.1
2,9,3,1.2,45.7
2,8,2,0.1,52.0
5,0,1,5.3,65.8
5,8,4,3.5,28.7
6,10,5,7.7,10.0
7,12,3,2.7,11.8
9,8,8,7.9,10.0
6,3,3,0.1,60.3
11,10,2,0.5,14.9
2,6,0,5.3,57.2
0,4,7,5.1,49.0
5,10,0,4.3,31.7
4,12,9,1.5,10.0
8,2,3,0.8,56.1
4,13,7,0.5,10.1
7,14,5,6.2,10.0
3,10,9,7.0,10.0
2,0,8,6.6,53.2
11,8,6,1.2,10.0
6,0,8,6.2,40.0
2,11,5,7.8,16.2
6,13,2,4.9,10.0
7,9,0,3.1,35.3
11,9,6,0.8,10.0
3,4,0,2.4,66.5
2,11,7,4.7,16.7
1,12,6,3.3,22.0
4,14,9,4.1,10.0
2,4,2,5.5,59.3
6,3,0,3.5,60.8
8,6,5,1.6,31.3
1,11,9,0.6,26.5
4,3,6,3.3,45.7
4,1,3,7.0,54.1
6,14,1,5.4,10.0
6,5,6,1.9,41.1
4,12,1,4.0,26.2
4,9,3,1.7,35.5
7,3,0,1.1,60.8
9,7,2,6.2,20.8
3,13,0,3.4,29.8
10,11,4,0.4,10.0
11,2,6,6.5,15.3
7,10,7,7.5,10.0
6,1,1,2.7,65.8
10,2,2,4.0,43.2
0,10,9,6.1,19.1
11,7,2,0.3,24.3
1,2,9,7.3,43.4
5,8,5,8.0,20.3
6,12,8,4.0,10.0
0,12,0,4.3,43.4
8,12,7,4.2,10.0
4,12,2,6.6,13.8
6,14,9,4.2,10.0
2,3,0,5.2,66.1
7,10,3,5.2,11.5
6,7,3,4.2,29.5
3,11,7,7.4,10.0
0,4,9,6.8,40.3
11,12,5,0.6,10.0
7,9,8,3.3,10.0
2,6,3,4.7,49.7
10,6,9,6.3,10.0
0,14,2,2.9,32.3
2,6,4,4.9,47.1
1,6,9,3.5,39.0
0,7,2,1.0,66.8
2,5,8,8.0,29.3
5,9,7,5.4,10.4
2,1,2,2.4,72.0
3,3,0,5.2,62.9
5,2,4,2.2,58.7
4,10,5,5.8,14.5
7,1,4,1.9,53.1
9,7,6,7.8,10.0
11,12,6,4.4,10.0
4,4,1,6.4,54.4
0,6,7,5.7,42.5
1,4,1,6.9,60.0
2,7,9,6.7,18.5
1,13,9,0.5,17.9
6,0,3,2.4,63.8
8,6,6,4.5,17.8
2,11,5,6.7,18.7
7,0,9,7.0,33.5
9,7,1,3.2,29.5
11,11,3,6.0,10.0
9,5,2,5.1,32.7
2,4,5,7.3,40.6
11,11,5,6.9,10.0
3,3,7,2.0,50.6
3,2,7,2.7,53.1
0,3,4,2.2,73.0
9,7,3,4.1,20.6
0,10,2,0.5,52.0
4,4,8,2.9,38.5
11,0,4,7.4,31.0
5,7,3,6.1,29.1
6,2,1,2.6,60.5
5,0,5,3.5,57.5
10,2,4,5.7,33.2
3,6,1,7.5,47.3
10,9,4,6.2,10.0
6,7,7,7.8,10.6
9,8,3,7.9,10.0
4,2,0,1.5,70.2
6,7,7,0.2,31.0
10,10,6,6.7,10.0
0,9,8,7.1,22.0
11,10,7,3.6,10.0
2,10,6,0.5,32.9
0,4,6,1.4,61.9
4,10,9,0.9,16.1
7,1,0,1.4,65.2
10,8,5,0.7,17.5
4,13,8,0.9,10.0
11,4,6,5.7,16.8
11,11,4,0.3,10.0
8,5,0,6.9,34.9
8,6,9,6.7,10.0
7,0,5,5.0,45.6
11,2,3,7.3,24.5
9,3,2,0.7,47.8
3,1,4,2.0,68.6
10,7,0,3.8,29.4
5,3,6,1.1,55.8
4,7,2,5.0,41.1
3,14,5,6.7,10.0
5,1,6,6.8,45.8
10,0,3,2.4,47.1
10,0,6,1.2,43.8
7,4,9,6.2,15.6
10,4,7,2.8,18.1
4,2,9,5.2,39.9
10,2,8,0.6,32.0
8,10,8,3.9,10.0
8,14,6,2.4,10.0
5,14,0,5.4,12.2
11,11,4,4.9,10.0
7,4,9,3.6,22.3
0,13,0,7.5,28.8
2,0,0,4.4,85.0
7,4,1,0.1,56.4
0,6,2,4.2,62.1
9,12,8,0.5,10.0
2,7,2,7.7,39.7
4,6,3,5.9,39.7
9,14,2,0.1,10.0
8,14,1,3.9,10.0
4,13,3,7.5,10.0
0,7,9,6.4,27.6
10,4,8,2.2,17.9
0,7,5,5.4,43.3
8,0,0,6.1,59.9
4,8,5,5.2,27.4
3,0,4,7.2,60.3
2,8,7,1.9,35.7
8,2,8,6.0,26.6
4,2,3,4.8,53.7
2,1,7,7.7,50.7
3,10,7,5.5,15.5
9,5,3,3.5,32.9
2,6,0,0.9,67.1
6,8,3,5.1,29.2
5,13,9,7.7,10.0
1,14,6,2.7,13.8
9,9,2,5.3,13.2
5,9,5,6.3,18.8
10,4,1,7.0,28.0
3,11,9,6.1,10.0
9,12,6,3.3,10.0
4,9,7,0.1,28.2
5,10,8,4.7,10.0
8,14,0,4.4,10.0
3,3,8,3.4,46.6
5,1,2,5.1,61.0
10,6,6,0.3,23.8
10,3,5,7.3,19.5
5,1,8,2.4,47.1
8,12,8,1.0,10.0
3,6,3,1.6,52.1
1,13,4,4.8,22.1
8,11,3,6.2,10.0
7,9,8,1.3,12.2
3,6,4,5.5,36.2
10,7,8,1.2,10.0
1,3,7,5.7,47.2
2,1,1,5.5,71.9
5,1,5,6.9,46.6
9,11,6,5.3,10.0
11,2,2,0.5,47.4
8,9,8,6.7,10.0
9,10,3,5.2,10.0
11,13,3,1.7,10.0
8,1,3,7.5,39.5
5,13,2,7.0,10.0
6,1,5,3.4,52.9
10,9,8,4.7,10.0
4,10,5,5.4,18.7
3,1,1,6.8,68.2
0,2,6,2.8,70.6
11,4,7,5.4,11.7
11,11,8,5.7,10.0
4,10,2,3.0,32.8
5,0,8,3.4,53.0
2,1,5,3.4,63.4
4,11,9,3.2,10.0
4,14,6,4.3,10.0
8,11,0,0.4,27.4
1,6,8,8.0,26.4
0,4,2,2.5,71.6
10,3,1,4.3,41.4
2,3,8,2.3,53.4
4,0,2,7.5,59.1
7,8,6,7.8,10.0
7,7,2,7.8,24.6
11,8,1,3.5,20.2
11,5,8,4.8,10.0
8,8,2,6.6,15.0
0,10,0,1.2,55.7
10,7,8,3.1,10.0
7,14,2,2.5,10.0
11,7,3,3.9,13.7
7,8,2,6.4,16.1
11,11,1,5.0,10.0
7,8,8,0.9,17.2
1,9,0,1.6,58.0
10,11,6,1.1,10.0
11,10,0,1.7,17.6
11,0,1,0.2,51.7
1,3,3,7.1,58.4
4,13,2,6.8,10.0
8,0,4,4.4,49.0
0,5,9,6.2,36.4
4,1,7,8.0,40.4
5,13,4,4.7,10.0
4,6,1,4.9,46.8
6,13,7,6.9,10.0
1,8,8,4.2,28.1
1,9,0,0.4,63.3
6,13,7,2.8,10.0
4,3,3,5.7,49.6
2,9,6,5.6,24.4
10,13,6,8.0,10.0
2,9,9,5.9,12.6
2,7,7,0.6,39.9
9,12,5,7.6,10.0
6,3,3,0.2,62.1
6,14,7,5.2,10.0
3,2,8,2.0,52.4
5,9,9,2.0,15.8
11,3,0,4.5,37.9
0,9,2,0.2,59.4
8,5,4,2.2,33.4
2,4,8,1.9,50.0
6,10,7,3.2,10.2
10,10,6,0.4,10.0
1,13,5,2.6,24.3
11,6,7,1.4,13.9
8,13,0,1.7,16.1
10,14,1,6.6,10.0
11,1,7,8.0,13.9
6,5,5,3.5,36.1
5,11,6,0.8,17.1
1,8,4,6.2,35.9
2,0,6,6.7,57.8
2,3,8,2.3,49.4
11,6,4,3.6,13.4
2,11,6,2.8,23.8
5,3,3,7.8,40.7
10,1,4,6.8,33.2
11,5,9,2.2,10.0
1,3,4,5.3,61.2
9,0,4,5.0,44.7
0,10,2,3.9,43.8
3,10,4,5.7,23.2
2,3,5,6.6,49.9
10,14,6,7.6,10.0
2,7,3,3.8,46.9
8,6,2,5.2,29.2
7,0,7,5.9,36.6
7,11,4,4.1,10.0
0,7,6,6.6,39.6
1,3,7,0.1,59.4
6,11,8,5.6,10.0
7,11,5,1.4,13.3
11,13,9,3.2,10.0
1,4,9,6.6,38.5
0,9,6,6.4,26.7
11,8,7,3.7,10.0
11,3,5,0.2,35.4
1,1,5,3.0,68.8
4,5,1,2.7,59.3
0,4,9,1.6,51.0
7,9,4,1.0,23.7
10,4,2,2.5,36.9
10,3,1,3.3,41.0
4,12,4,5.8,10.0
3,10,5,4.5,21.5
2,11,2,4.5,30.0
5,4,6,6.8,30.5
6,11,2,7.2,11.4
4,4,2,3.2,56.2
5,1,5,6.7,46.2
0,13,8,6.6,10.0
3,5,1,1.8,62.8
8,14,5,0.4,10.0
8,0,9,7.4,27.0
2,2,4,7.9,52.8
5,3,3,4.8,49.4
3,7,9,2.7,26.9
6,9,9,5.3,10.0
3,12,1,0.4,37.5
5,10,7,6.0,10.0
0,0,2,1.7,87.1
10,11,3,0.8,11.0
10,12,8,7.2,10.0
3,10,8,4.5,16.7
11,14,5,3.9,10.0
10,14,9,4.9,10.0
7,2,2,8.0,38.1
2,6,6,1.5,46.0
6,8,1,1.7,42.6
4,4,6,5.7,35.6
9,4,3,6.6,28.8
5,9,5,7.5,15.0
10,4,8,6.4,10.0
4,8,6,4.2,26.5
5,13,7,5.7,10.0
3,14,8,4.3,10.0
2,13,4,5.2,16.6
11,9,0,0.6,22.7
8,13,7,5.2,10.0
6,13,3,2.5,12.2
6,5,5,4.3,32.5
8,12,6,1.1,10.0
7,10,4,4.4,11.4
9,8,8,5.3,10.0
3,11,0,1.6,39.2
5,11,7,0.8,17.5
4,0,6,3.0,62.4
8,0,2,3.6,57.1
4,11,0,5.1,28.0
4,3,0,1.4,68.4
7,11,0,3.8,20.1
7,6,8,7.3,10.0
0,9,3,3.3,45.5
4,8,4,1.4,35.4
6,5,5,6.7,26.1
3,9,0,3.4,44.3
4,7,7,5.0,22.4
7,4,0,7.1,41.4
6,9,9,5.0,10.0
2,10,5,6.7,17.4
7,0,3,5.2,55.8
10,12,1,6.5,10.0
7,11,5,3.7,10.0
4,2,1,7.8,56.7
10,13,7,4.3,10.0
0,13,5,5.5,23.6
11,14,5,1.5,10.0
4,12,1,3.3,24.6
11,12,8,3.7,10.0
1,2,4,6.6,63.4
9,8,6,6.2,10.0
0,12,2,4.3,36.7
9,1,8,6.4,22.7
1,1,3,6.5,63.8
1,9,8,5.3,18.9
11,0,0,7.5,44.1
7,11,8,6.9,10.0
3,4,1,1.7,66.2
9,1,9,2.8,29.8
6,13,1,1.0,20.3
11,7,8,3.4,10.0
1,0,1,2.7,88.6
11,11,6,6.3,10.0
6,12,7,6.4,10.0
9,11,0,3.7,14.6
9,1,5,4.1,40.5
11,11,4,7.0,10.0
3,5,6,4.2,38.6
6,0,9,7.5,33.3
4,5,4,6.7,36.4
2,1,3,3.6,67.9
1,4,1,7.5,58.5
9,13,9,6.3,10.0
8,5,0,7.7,33.8
0,2,2,1.7,80.5
0,12,6,5.5,23.2
11,14,5,7.4,10.0
10,13,6,0.0,10.0
1,12,7,0.8,28.2
6,14,7,1.0,10.0
8,7,9,3.2,10.0
9,4,3,7.0,24.9
10,8,3,3.8,15.9
6,6,0,0.7,58.1
3,5,4,1.7,50.7
6,9,0,2.8,40.6
5,4,5,7.0,30.5
9,0,3,1.6,56.3
9,0,7,5.6,33.5
3,1,4,6.8,57.0
11,7,6,4.1,10.0
6,8,5,4.9,19.5
5,13,5,4.3,10.0
11,1,9,6.1,17.0
2,5,7,4.2,40.3
9,8,1,7.5,15.1
1,13,6,6.9,10.0
7,9,4,6.0,14.3
4,11,2,2.7,28.4
4,12,2,4.8,21.0
6,9,4,1.0,29.7
8,9,1,3.2,25.1
7,3,6,4.3,33.4
4,13,5,2.8,10.5
10,7,9,0.7,10.0
0,5,3,2.5,61.6
4,4,7,7.4,28.9
1,6,4,4.9,47.7
9,6,6,1.6,21.2
2,10,7,6.4,18.1
8,7,7,7.2,10.0
2,5,5,4.5,49.4
0,1,8,3.5,62.5
8,4,7,2.9,28.0
6,14,4,1.3,10.6
7,0,1,0.4,73.8
7,12,8,1.7,10.0
1,6,9,3.9,36.0
10,9,9,0.4,10.0
10,3,8,7.8,10.2
10,6,4,5.6,18.0
3,2,7,2.7,56.5
9,0,0,3.4,60.6
0,3,9,7.9,44.9
8,9,7,2.8,10.0
4,14,1,1.2,23.0
11,11,1,3.5,10.0
9,7,3,1.6,26.6
5,5,2,4.7,46.3
6,8,8,3.0,19.4
11,5,9,2.1,10.0
9,13,2,2.3,10.0
5,6,8,7.7,17.5
10,4,4,3.0,30.2
11,3,7,7.5,11.4
8,0,6,4.4,41.4
10,13,7,4.5,10.0
9,3,8,0.7,32.6
6,13,1,7.8,10.0
2,1,8,4.2,54.5
2,10,0,6.8,36.5
2,6,7,5.5,38.3
10,10,3,3.9,10.0
4,2,3,5.5,54.9
6,6,3,0.9,46.1
5,0,5,0.5,65.3
4,2,9,2.8,48.6
3,0,9,1.5,59.7
4,9,4,7.1,22.8
0,0,5,2.4,82.0
5,10,4,5.3,20.4
0,13,4,7.3,18.4
6,10,4,0.5,27.3
1,14,1,5.7,24.6
3,5,9,0.1,44.7
11,2,4,6.9,22.7
1,3,2,7.9,58.9
8,2,8,1.8,36.2
5,10,9,1.3,11.1
3,0,9,4.0,52.5
1,12,5,7.6,16.1
7,3,0,2.4,57.0
3,12,8,2.5,10.0
7,14,7,5.0,10.0
8,0,9,5.7,29.9
9,14,8,4.3,10.0
8,10,5,1.8,12.4
6,7,1,7.2,28.0
8,10,2,4.2,16.1
0,4,9,7.6,42.8
2,10,7,3.8,25.2
0,14,8,1.1,16.2
4,13,8,2.9,10.0
5,2,0,4.3,65.2
0,3,8,1.5,57.1
5,2,8,3.2,44.6
2,2,1,0.9,80.7
1,12,0,7.1,30.8
5,0,0,7.7,62.5
3,14,2,3.6,17.3
7,2,0,7.2,49.8
1,3,3,1.4,67.1
5,8,9,0.6,21.5
1,13,3,2.6,30.3
1,3,7,1.9,55.2
0,7,5,1.9,51.9
7,12,1,6.2,10.0
3,0,4,6.5,64.5
4,9,8,4.5,14.4
7,3,2,5.8,43.7
9,1,1,2.3,56.9
0,11,1,5.6,38.7
2,0,5,6.0,60.6
9,3,6,7.5,19.9
5,4,7,0.7,40.9
2,5,0,6.8,58.5
8,3,2,1.3,50.1
10,2,9,3.4,20.4
9,11,3,0.1,20.1
9,0,7,7.6,27.5
2,13,9,7.7,10.0
11,8,9,7.7,10.0
1,12,1,0.7,41.3
5,4,9,2.5,32.9
3,14,5,3.2,11.1
11,2,3,7.8,27.9
1,2,7,6.3,51.9
3,2,0,5.2,65.7
10,6,0,3.1,39.5
8,0,9,7.8,23.2
4,3,8,5.7,34.5
6,14,3,4.2,10.0
9,9,1,4.1,18.0
9,6,3,0.6,31.7
1,2,5,3.0,66.8
11,7,2,1.1,24.6
9,12,0,5.9,10.0
6,7,8,7.0,10.0
2,12,6,7.4,10.0
0,10,1,7.8,37.2
7,6,8,1.7,21.3
3,13,3,4.1,17.2
8,8,5,5.9,10.0
9,6,7,5.2,13.3
9,12,3,8.0,10.0
7,6,4,2.0,33.7
1,9,6,4.7,30.5
1,3,4,2.2,67.4
8,13,3,5.4,10.0
6,4,8,2.3,28.9
3,1,6,5.8,52.9
4,6,1,5.1,44.9
3,3,0,1.4,74.4
8,8,8,1.8,13.7
1,1,2,3.9,77.5
8,7,9,5.6,10.0
1,13,8,1.3,17.5
10,6,5,2.3,20.1
7,10,1,1.0,33.5
6,13,4,0.7,14.1
6,3,5,3.4,46.6
2,8,6,1.8,37.9
2,6,3,2.3,54.2
11,4,1,5.0,30.3
3,0,8,5.4,55.0
6,9,9,0.3,15.6
3,10,3,2.7,30.8
3,2,6,2.9,57.4
9,12,0,7.0,10.0
0,7,2,3.6,56.6
5,5,7,2.7,37.7
4,9,7,1.4,28.5
7,11,3,6.7,10.0
1,6,8,7.0,30.2
6,1,5,7.8,38.1
3,4,8,7.1,28.3
6,4,2,6.2,41.9
8,13,6,4.0,10.0
0,2,5,5.8,63.3
10,5,4,4.8,23.4
1,3,5,6.0,56.2
6,1,0,5.6,61.7
1,0,7,3.6,66.5
4,2,6,3.8,50.7
7,6,9,5.2,10.2
11,0,7,6.9,23.6
3,8,0,3.6,46.6
3,5,6,3.0,45.3
5,8,4,6.8,22.3
1,1,3,2.3,74.4
5,7,9,7.3,13.3
1,7,6,4.3,34.8
5,0,6,2.9,56.2
0,6,1,3.2,58.9
3,8,0,4.4,43.9
3,8,5,2.6,36.5
2,4,2,6.2,58.0
0,8,4,7.9,33.3
3,10,0,6.6,36.4
4,8,8,1.0,26.6
6,3,2,2.6,56.3
11,14,4,4.1,10.0
6,9,5,7.1,13.6
1,14,0,3.7,29.7
3,0,8,2.6,58.1
4,5,2,6.2,44.0
7,4,3,5.9,34.9
2,2,2,1.1,75.8
7,2,5,1.3,50.7
1,12,0,4.1,40.8
6,4,8,6.9,22.1
0,5,1,2.2,67.3
11,14,1,5.1,10.0
10,5,3,3.4,28.9
10,6,0,0.2,39.1
4,0,2,3.8,71.2
1,7,9,5.1,30.5
5,1,5,6.9,43.7
1,0,0,2.3,89.3
11,12,4,4.7,10.0
1,1,4,7.4,59.0
1,8,3,4.8,42.5
3,2,1,7.3,59.9
2,11,3,4.7,31.7
10,6,1,4.9,23.2
8,5,9,5.7,13.7
7,5,2,6.0,34.1
6,7,0,4.1,40.2
3,2,2,5.2,63.6
3,3,0,5.6,65.8
8,10,7,1.3,10.0
8,10,0,2.4,24.7
7,4,0,7.2,43.0
9,4,9,1.9,21.9
5,5,6,5.1,34.0
11,14,1,0.4,10.0
4,12,3,6.6,12.8
11,11,0,4.7,10.0
6,9,5,4.0,16.6
5,9,2,5.9,24.3
7,14,2,6.1,10.0
6,4,8,2.0,35.5
9,0,6,7.8,29.1
11,11,8,7.3,10.0
7,3,8,1.7,33.6
1,4,8,2.6,48.9
6,12,6,3.0,10.0
7,4,3,6.3,37.6
11,2,4,2.7,32.3
1,11,5,5.4,23.8
7,6,9,5.3,11.4
8,4,9,4.5,19.6
1,5,7,5.0,44.3
10,10,1,1.8,17.9
3,8,6,1.2,36.9
3,7,4,2.7,39.4
11,4,4,3.9,23.9
0,11,6,4.3,27.9
5,3,0,1.4,67.5
2,0,0,5.6,78.2
7,4,8,0.8,33.1
6,3,3,7.9,40.4
0,9,9,6.3,17.5
9,3,7,7.2,17.9
9,14,9,3.7,10.0
8,7,7,7.6,10.0
6,10,8,7.9,10.0
0,1,7,3.8,62.2
7,14,0,6.7,10.0
9,7,3,5.4,19.8
9,14,4,1.6,10.0
7,14,8,3.2,10.0
11,9,3,5.7,10.0
10,8,7,1.3,12.4
0,0,9,2.6,68.6
7,9,3,2.6,22.3
0,2,5,3.3,67.9
9,14,5,0.0,10.0
0,12,7,2.4,26.2
9,9,6,1.7,13.3
1,0,2,7.5,71.5
8,12,0,6.7,10.0
1,1,8,4.2,54.3
9,13,7,0.7,10.0
11,4,7,7.6,10.0
11,11,5,3.1,10.0
2,8,1,6.2,46.3
1,10,1,1.8,48.4
5,3,7,5.0,38.6
10,5,5,3.5,20.1
7,13,0,4.1,11.9
1,4,0,1.6,77.8
6,6,3,7.0,27.7
9,7,6,5.5,10.0
2,7,9,3.3,29.2
0,3,7,2.9,60.3
8,13,9,0.5,10.0
8,14,3,3.2,10.0
9,9,5,1.8,14.6
6,13,5,6.7,10.0
8,1,0,2.4,62.4
1,1,9,4.7,52.6
0,14,3,5.2,23.0
3,14,2,4.9,13.5
0,6,5,5.0,47.4
11,6,2,6.3,12.3
1,11,6,3.5,25.2
7,0,2,1.2,66.4
6,2,8,4.0,37.8
1,4,3,0.1,70.6
7,0,4,5.8,49.0
4,12,7,0.8,14.2
4,6,8,2.3,34.1
3,13,1,2.8,26.8
0,11,2,6.8,32.9
2,0,8,6.2,53.0
9,2,6,6.9,28.9
1,6,1,7.9,50.4
7,1,9,4.5,30.4
3,2,4,1.2,67.8
2,10,3,4.0,34.6
8,10,0,6.8,15.9
0,9,9,2.4,33.5
3,2,7,4.6,50.5
1,3,0,1.2,82.5
0,10,8,1.2,31.7
6,10,3,4.8,18.4
0,5,3,7.6,50.4
4,11,0,2.1,36.5
2,0,2,5.5,74.8
2,11,2,6.3,32.2
5,4,7,2.1,36.8
10,6,6,1.9,17.1
2,6,5,6.4,39.3
10,9,5,0.6,10.0
7,6,7,2.6,23.8
0,7,3,4.2,52.8
7,11,3,2.2,13.0
6,1,3,0.8,62.9
10,6,4,7.2,10.0
0,11,5,3.6,29.1
6,10,2,1.3,30.5
4,10,5,7.8,12.9
3,7,4,7.2,29.5
3,4,9,2.2,39.3
1,0,5,0.3,80.3
3,6,5,2.6,43.1
9,11,0,0.8,23.0
8,12,9,3.5,10.0
2,11,1,4.5,36.1
8,1,9,0.5,37.0
6,4,1,7.8,35.5
0,0,9,4.0,63.7
7,5,4,5.2,29.5
0,6,2,2.1,64.5
11,3,0,4.8,36.5
0,7,4,3.8,51.6
11,9,5,6.8,10.0
0,9,1,1.7,58.4
4,13,7,0.0,13.1
11,12,9,1.4,10.0
9,2,4,1.8,40.4
2,4,2,3.5,63.3
2,12,1,3.0,33.5
1,1,5,2.2,68.0
3,8,0,2.3,51.7
11,12,7,1.6,10.0
5,6,4,0.6,48.1
8,6,0,6.2,32.0
2,10,8,0.3,28.9
1,5,6,5.0,47.0
4,1,0,6.9,60.5
10,2,6,3.0,30.9
9,7,2,4.8,21.4
4,1,1,5.0,65.3
8,5,5,1.0,35.7
11,1,9,1.8,25.1
11,12,2,1.7,10.0
6,1,8,0.9,48.8
0,14,2,5.3,25.5
7,14,8,3.7,10.0
9,0,3,3.0,52.6
10,10,9,6.9,10.0
10,13,9,7.6,10.0
6,3,3,3.9,48.3
4,1,9,6.7,40.9
4,12,9,7.3,10.0
1,7,1,2.5,64.5
2,3,8,0.2,56.9
11,0,4,5.8,34.0
5,13,0,2.4,24.1
0,10,8,0.2,33.3
0,0,8,3.2,67.1
10,14,8,3.9,10.0
10,12,1,3.2,10.0
5,11,5,2.2,15.4
8,5,3,6.9,21.3
4,8,0,4.1,43.3
11,1,7,6.3,19.4
10,11,6,2.7,10.0
11,10,9,2.4,10.0
3,4,7,6.4,33.7
7,12,7,7.3,10.0
4,6,2,5.8,39.8
9,10,6,2.7,10.0
2,4,9,7.5,28.0
10,4,8,6.0,10.5
10,10,1,4.9,10.6
3,12,2,4.2,24.7
1,2,3,5.1,69.0
1,4,5,0.3,64.9
0,0,8,5.2,60.9
1,8,8,2.3,30.2
4,0,8,3.3,51.5
9,11,5,4.6,10.0
0,14,5,2.4,20.0
4,14,9,1.6,10.0
8,2,7,1.7,38.6
2,7,4,7.8,36.6
7,0,0,1.2,74.6
1,6,0,6.0,57.9
11,12,9,7.5,10.0
2,2,9,7.2,40.7
7,2,8,4.3,33.9
0,4,4,3.0,64.8
9,13,1,3.8,10.0
2,5,9,0.2,48.7
0,1,8,5.4,56.1
10,2,4,4.9,33.2
3,6,6,3.4,40.6
7,13,2,7.8,10.0
2,5,2,1.4,65.5
11,11,5,4.7,10.0
10,11,0,4.5,10.0
11,6,5,0.9,23.4
4,1,4,3.8,59.4
7,6,1,0.4,50.5
5,0,7,3.4,53.3
0,5,7,0.1,61.6
8,8,8,1.2,11.4
7,10,2,3.7,22.0
0,12,9,6.0,10.1
10,7,8,4.0,10.0
5,10,9,4.2,10.0
2,1,8,3.0,59.3
10,8,1,4.8,20.4
5,11,1,6.6,21.3
0,10,4,7.3,27.5
11,9,5,8.0,10.0
0,13,0,6.0,33.8
3,13,0,0.9,37.4
0,10,5,1.2,43.0
1,8,5,4.0,40.3
1,12,5,5.4,21.7
9,7,7,1.0,16.2
9,5,2,3.2,36.4
10,3,1,4.7,41.2
1,6,3,1.6,62.0
9,1,8,5.6,27.5
1,7,0,2.7,59.0
8,0,5,2.2,48.7
3,6,7,0.6,46.0
11,5,1,5.5,26.8
2,3,3,1.7,72.1
3,13,9,1.0,10.0
5,6,3,2.4,44.9
11,0,3,5.8,37.4
7,0,1,2.3,68.7
11,2,6,0.2,33.1
9,7,5,4.9,12.6
3,6,7,4.6,33.3
1,11,8,6.9,12.9
1,12,2,1.3,34.8
3,0,3,7.6,61.6
1,6,5,0.4,57.1
11,14,2,4.5,10.0
8,6,2,6.2,30.3
0,14,8,6.1,10.0
11,14,2,5.3,10.0
7,12,7,7.7,10.0
2,13,2,3.4,25.4
1,4,1,5.3,68.7
11,0,2,1.0,53.4
1,6,5,2.8,52.1
11,10,2,0.9,12.2
10,9,2,4.5,11.4
6,14,2,7.1,10.0
6,9,7,2.9,15.6
9,0,8,5.6,30.4
4,5,4,2.0,46.1
7,2,2,4.5,47.3
0,1,5,1.2,76.1
4,0,0,0.1,89.3
11,11,9,7.9,10.0
6,7,3,6.7,22.6
10,0,9,5.0,25.5
10,8,1,2.1,26.1
11,4,6,6.0,12.3
9,14,4,0.8,10.0
2,4,0,5.1,64.0
6,2,0,6.4,54.6
8,9,6,5.4,10.0
0,2,5,6.1,61.4
5,4,3,0.6,56.9
10,14,5,0.3,10.0
7,0,9,3.5,39.3
6,14,1,6.3,10.0
7,12,2,2.4,15.4
9,8,4,5.9,11.9
4,14,4,0.6,18.5
2,10,2,5.2,31.3
6,7,3,7.4,24.0
2,6,5,3.7,46.2
6,10,6,0.5,15.9
3,2,7,5.8,43.4
8,2,1,7.1,41.2
4,10,8,2.9,14.7
1,0,8,3.0,65.5
3,13,1,2.6,28.3
9,13,6,0.9,10.0
0,0,0,2.4,93.0
5,14,5,3.4,10.0
0,2,2,3.3,82.8
4,10,5,1.6,28.7
6,8,2,4.4,31.1
9,8,6,4.3,11.1
4,2,4,3.1,58.0
4,5,0,7.5,49.7
3,1,0,7.7,63.8
5,11,6,5.4,10.0
8,9,8,2.3,10.0
2,5,2,7.5,46.7
9,1,2,5.8,43.5
1,13,5,3.5,20.5
3,12,2,7.0,18.7
2,11,2,1.2,40.3
11,10,2,5.3,10.0
9,14,6,2.2,10.0
4,10,2,4.4,28.0
0,1,5,2.3,71.1
6,5,1,4.6,43.4
11,4,9,3.4,10.0
10,1,8,4.7,24.8
6,8,7,0.6,25.9
1,9,8,0.0,34.0
3,1,6,6.3,52.2
10,13,2,2.2,10.0
9,0,2,5.6,51.3
7,7,0,0.3,47.1
2,0,4,5.3,70.8
3,9,6,5.7,23.2
11,12,0,5.7,10.0
3,8,3,6.8,29.8
2,3,1,6.9,59.5
2,8,3,1.6,46.4
11,10,8,4.6,10.0
9,5,5,0.2,31.6
7,8,6,0.7,23.0
4,0,7,3.4,55.5
5,7,1,0.3,47.5
7,11,0,2.8,25.1
7,7,4,5.1,18.1
6,4,0,6.5,47.4
8,7,0,3.5,36.2
7,5,4,3.9,33.2
5,9,9,0.0,20.2
9,3,6,6.9,25.5
2,11,2,7.9,25.1
6,3,5,3.6,44.2
2,12,8,2.4,15.7
0,1,4,1.4,84.0
0,8,7,5.8,33.9
7,2,5,3.3,45.5
6,5,2,2.7,47.7
5,11,5,4.7,12.4
8,7,8,6.5,10.0
3,9,3,5.7,28.5
2,14,0,6.5,20.3
5,4,8,4.2,29.8
0,12,7,4.6,19.4
11,1,4,0.1,43.0
5,11,7,3.4,10.0
5,2,8,6.4,35.8
11,5,2,5.0,24.4
2,5,0,5.5,58.0
6,4,9,1.2,31.5
0,8,5,7.3,36.7
11,12,1,6.0,10.0
11,2,7,7.2,12.7
9,1,0,2.3,59.6
1,7,4,4.7,46.9
6,1,3,6.4,53.0
11,11,8,3.3,10.0
0,12,5,2.7,28.6
5,14,1,3.2,15.3
2,0,1,5.1,76.6
8,11,4,3.0,13.1
9,9,1,1.8,29.7
7,10,8,4.1,10.0
7,7,3,0.5,36.6
3,2,7,7.2,42.1
1,0,2,7.5,68.8
9,3,4,7.9,23.4
7,8,7,6.1,10.0
8,0,2,6.4,50.9
4,7,7,6.7,19.1
0,12,7,1.4,26.4
8,10,5,1.6,10.0
11,12,9,6.6,10.0
4,0,5,3.3,64.6
4,4,1,6.3,50.8
9,13,4,1.2,10.0
7,6,6,0.4,30.2
3,13,4,3.2,17.3
2,8,1,2.2,51.7
2,6,8,6.5,32.2
4,7,8,7.3,13.1
4,0,1,5.2,69.9
11,5,2,0.8,36.8
1,3,9,0.1,56.4
2,11,0,6.2,34.9
0,8,6,7.0,34.5
0,13,4,7.6,16.4
8,10,7,5.7,10.0
6,10,0,0.3,37.3
7,4,8,3.8,26.7
11,13,2,3.9,10.0
11,1,0,0.3,55.8
4,10,5,7.3,15.5
9,12,8,6.1,10.0
5,7,0,1.6,47.5
0,3,6,5.2,56.1
0,8,2,6.5,44.4
9,9,3,6.8,10.0
4,14,3,6.9,10.0
5,3,0,6.3,54.0
1,8,6,5.0,34.2
5,9,5,0.7,30.8
11,6,1,2.1,25.6
9,2,2,4.3,49.3
8,6,1,2.9,31.0
4,3,6,5.7,40.0
0,7,3,0.9,58.9
10,5,6,7.5,11.1
1,7,4,2.7,50.4
0,8,4,4.1,50.1
10,3,9,2.7,20.8
10,6,0,6.4,25.8
9,14,1,1.2,10.0
5,7,0,2.8,48.2
10,1,3,4.9,40.1
11,3,0,0.4,48.5
4,7,1,4.9,44.9
1,1,6,5.6,61.4
0,13,4,7.6,18.8
4,11,2,7.8,17.7
5,5,8,2.1,33.9
1,1,9,5.4,51.6
3,3,1,0.7,73.3
10,3,0,5.8,39.4
9,3,4,2.7,40.2
9,1,3,1.7,54.1
0,1,4,0.1,83.8
0,1,9,4.2,59.2
4,6,8,1.4,33.6
9,14,9,4.6,10.0
2,0,1,4.1,78.4
10,3,8,4.9,18.1
5,9,7,2.0,21.5
8,6,2,0.9,39.2
7,5,4,6.3,29.2
1,2,8,7.9,47.6
2,7,4,3.0,46.0
2,10,0,3.1,47.9
8,0,7,6.9,36.7
0,3,8,1.4,59.2
0,11,1,2.8,46.0
3,12,9,2.2,10.0
5,10,6,1.0,20.8
5,5,9,4.3,24.0
9,5,2,5.0,31.3
2,10,1,7.0,32.8
1,13,9,5.2,10.0
10,3,1,0.4,48.3
9,9,1,0.4,31.1
8,4,9,0.5,29.6
5,1,0,2.0,73.3
7,1,9,2.0,40.0
9,11,6,6.2,10.0
4,8,1,0.4,55.8
9,14,8,4.9,10.0
10,5,7,4.8,12.2
11,11,6,4.1,10.0
8,9,4,0.2,24.3
4,5,5,6.6,32.7
4,3,5,3.0,49.8
10,3,7,3.6,23.5
1,7,2,5.4,47.8
9,13,3,5.3,10.0
9,14,0,2.2,10.0
9,0,7,0.1,48.3
0,4,8,6.4,43.5
2,5,9,6.1,31.6
8,4,8,5.1,15.4
6,9,6,7.5,10.0
5,4,2,1.6,55.8
6,14,1,0.8,19.0
1,1,7,8.0,48.1
9,6,1,6.9,25.1
6,10,8,0.3,13.4
1,0,0,2.6,87.7
10,13,7,4.1,10.0
0,4,7,5.0,51.8
10,5,4,3.3,24.2
1,9,8,0.7,35.2
6,0,0,3.8,70.7
6,9,1,4.4,26.4
0,6,3,2.5,60.0
8,0,5,1.3,52.2
1,14,0,4.1,31.1
2,14,4,2.2,20.2
6,3,4,1.9,50.3
8,5,2,5.8,30.8
6,2,5,4.5,41.9
1,5,9,5.9,34.7
8,13,1,3.6,10.3
1,2,0,0.6,85.7
2,12,0,3.9,36.1
3,8,7,4.8,25.0
11,0,8,6.2,18.7
9,13,0,4.7,10.0
2,9,9,6.4,15.1
10,3,4,4.1,32.2
3,12,4,4.9,19.2
7,1,1,0.2,69.3
0,9,9,6.9,19.3
2,3,3,1.3,73.4
11,4,8,5.9,10.0
8,3,4,3.6,39.7
2,11,8,7.1,10.0
5,7,2,2.4,38.5
8,7,5,7.8,11.5
7,14,9,5.9,10.0
11,1,0,4.9,44.1
10,11,8,7.5,10.0
5,7,1,4.3,37.2
11,9,9,2.9,10.0
3,9,0,5.6,38.3
7,11,6,2.0,10.0
6,10,1,4.2,25.9
2,8,5,7.2,30.3
8,5,9,3.5,19.4
11,3,5,3.4,25.1
11,0,9,2.7,27.7
7,1,3,5.3,50.1
7,14,4,2.1,10.0
11,8,4,6.5,10.0
4,10,5,5.1,16.8
5,2,6,7.7,38.0
7,0,2,7.4,51.3
9,9,3,2.5,15.0
4,5,1,6.6,47.8
6,5,1,0.4,55.3
7,12,1,2.6,16.4
11,13,0,6.2,10.0
0,0,1,0.6,95.7
11,3,7,4.8,12.6
3,2,2,6.1,60.0
4,3,2,5.7,56.4
11,1,6,6.2,21.8
11,5,7,1.3,18.3
0,4,0,2.5,76.3
9,6,5,6.1,13.9
1,14,3,4.7,14.3
6,6,3,0.7,45.1
9,9,9,7.4,10.0
1,6,1,1.4,66.2
11,6,3,4.7,17.1
10,4,0,1.7,47.3
7,2,5,6.5,38.7
5,11,4,4.7,15.5
2,10,3,3.3,35.7
11,5,7,5.9,10.0
3,7,0,2.8,55.3
7,1,1,0.0,67.2
5,0,0,0.7,81.6
1,6,7,0.5,53.2
3,4,0,1.8,67.9
4,0,6,7.3,47.6
0,2,5,1.5,72.1
8,4,9,4.7,18.1
4,9,9,6.3,10.0
8,9,4,5.9,10.0
6,7,1,2.6,40.6
6,11,0,3.8,23.1
2,1,1,0.6,83.7
9,10,2,0.8,20.6
10,3,4,2.0,35.9
10,11,1,1.2,14.2
4,6,6,0.5,39.0
4,6,3,2.1,46.2
6,14,1,4.3,11.2
1,6,0,1.7,70.2
5,2,4,2.2,53.3
4,10,3,6.6,19.1
0,6,9,6.0,36.0
8,14,6,0.2,10.0
8,1,1,0.6,63.5
5,9,0,7.4,25.7
8,4,8,2.9,26.6
2,11,1,0.2,44.8
5,1,6,3.1,49.9
0,11,8,6.1,18.2
1,7,7,7.2,30.1
3,3,3,5.6,49.6
2,0,7,2.2,66.8
0,12,1,7.9,29.5
2,8,3,1.2,48.8
8,13,5,2.9,10.0
4,7,5,2.8,34.3
9,12,9,3.9,10.0
1,8,1,0.9,60.2
11,5,1,4.9,27.4
7,8,5,5.1,15.1
7,3,5,3.6,41.8
6,3,8,0.8,39.3
3,8,4,6.1,25.8
7,10,8,7.4,10.0
3,5,8,2.8,41.4
8,8,3,1.9,26.5
1,12,9,7.6,10.0
0,10,7,1.1,36.0
8,10,9,3.8,10.0
1,13,8,5.6,10.0
1,5,8,0.3,52.6
11,0,2,6.5,39.4
2,12,0,5.4,33.4
4,4,5,6.0,39.4
3,5,5,1.7,48.6
1,9,9,2.2,25.3
11,5,3,8.0,11.8
7,0,8,2.9,43.8
5,9,6,0.2,29.5
11,4,2,2.8,36.7
0,0,1,3.0,90.5
6,11,9,7.1,10.0
2,14,6,2.2,13.7
6,6,1,6.3,39.3
1,11,0,0.9,50.9
5,1,3,4.1,63.6
9,14,1,3.3,10.0
11,0,9,2.6,25.8
7,10,9,6.2,10.0
7,7,2,4.8,29.8
11,14,5,7.6,10.0
6,11,5,2.9,12.0
1,8,8,1.0,37.3
6,3,6,1.9,46.1
9,0,3,5.5,45.5
9,8,3,5.3,13.9
10,9,9,5.0,10.0
2,12,3,5.8,23.1
7,12,6,0.8,10.0
4,0,4,2.3,68.6
6,0,8,4.6,46.3
3,11,8,3.5,14.4
0,0,5,4.1,73.9
4,0,6,1.7,61.6
10,4,9,4.9,10.0
6,11,1,2.7,26.6
5,10,8,6.4,10.0
6,11,9,4.7,10.0
2,4,7,8.0,35.7
11,1,4,4.7,35.4
7,8,7,0.4,21.3
10,3,3,1.7,39.9
9,11,6,2.0,10.0
0,3,6,0.2,71.7
8,3,4,7.3,31.5
0,14,1,5.0,27.9
3,0,8,6.5,49.0
7,0,7,4.7,45.1
11,0,3,6.9,39.1
7,4,5,5.0,30.9
9,0,2,0.7,60.6
9,2,3,0.2,51.4
10,4,2,3.5,33.1
10,13,8,5.1,10.0
5,13,9,6.8,10.0
10,6,7,7.2,10.0
11,0,3,6.6,35.3
10,3,0,0.8,53.6
6,9,6,6.0,10.0
11,2,3,2.8,39.7
8,7,3,6.9,18.6
10,13,2,6.6,10.0
0,14,6,5.2,11.5
6,13,1,7.3,10.0
3,12,2,4.3,20.6
0,7,6,1.9,51.6
11,13,0,5.2,10.0
0,10,2,1.5,53.7
11,7,9,6.1,10.0
4,12,9,7.0,10.0
9,4,1,5.3,35.5
1,3,3,3.9,68.8
10,14,5,7.6,10.0
2,14,3,6.3,13.4
7,10,2,3.7,23.8
8,3,1,4.4,43.0
10,8,3,5.7,10.0
11,11,1,3.5,10.0
2,6,5,3.2,42.3
5,1,9,6.9,35.0
10,11,4,2.9,10.0
10,6,3,7.9,14.2
5,6,2,2.7,45.7
1,7,2,6.0,50.7
11,7,1,4.1,16.6
5,5,6,0.5,43.8
11,10,8,6.4,10.0
4,6,0,6.7,41.5
1,2,8,6.0,48.3
6,11,7,7.4,10.0
3,2,9,0.5,54.4
9,9,0,2.5,25.9
11,0,0,7.9,36.9
1,7,5,4.0,45.0
11,0,6,2.2,36.7
1,10,8,2.9,25.8
6,10,9,7.5,10.0
8,8,5,5.8,11.2
4,6,4,1.0,47.9
8,1,1,2.0,63.2
8,3,6,0.9,40.1
9,8,0,6.9,14.0
1,8,3,2.9,50.4
9,0,4,7.8,37.4
1,10,5,7.8,21.8
7,10,0,5.3,20.3
5,13,8,5.5,10.0
7,4,8,3.9,23.1
9,8,3,3.3,20.8
2,7,0,3.1,57.4
6,10,7,7.4,10.0
3,8,7,3.2,29.7
3,3,6,7.7,40.2
5,10,9,6.3,10.0
0,8,2,1.9,55.8
11,14,1,2.7,10.0
1,10,6,1.2,38.6
11,6,9,1.2,10.0
11,13,6,4.4,10.0
7,1,4,2.2,53.1
10,9,8,7.6,10.0
7,7,6,2.9,21.1
1,11,7,0.4,36.0
4,12,5,0.9,21.4
6,11,0,2.9,28.7
1,7,8,4.2,33.3
2,13,6,0.2,20.4
5,8,9,2.8,11.2
0,9,7,5.9,28.4
0,13,1,0.8,51.0
2,2,6,0.9,64.6
11,8,9,2.5,10.0
10,13,2,0.8,10.0
6,5,2,3.1,44.4
9,8,3,5.8,14.3
7,13,9,7.9,10.0
6,13,8,0.4,10.0
7,10,8,4.6,10.0
5,5,4,1.8,44.8
2,11,9,3.5,12.1
1,3,9,8.0,37.4
11,4,2,7.9,17.8
1,4,5,4.9,55.7
5,2,4,1.3,58.4
10,13,5,4.0,10.0
6,4,3,6.7,40.2
11,7,6,4.6,10.0
1,3,0,5.7,71.6
2,6,7,6.2,31.8
11,14,4,3.6,10.0
6,0,8,5.4,41.4
0,2,9,1.0,64.2
9,11,2,3.1,10.0
11,3,5,4.1,27.6
1,4,2,5.8,59.5
0,3,6,3.7,56.8
9,5,0,7.7,26.2
0,0,5,2.3,80.7
6,14,3,1.4,10.0
8,6,1,1.6,42.9
3,0,5,3.0,68.6
0,8,0,4.2,56.2
4,5,3,2.5,52.8
7,1,0,6.9,55.7
11,1,7,5.6,23.0
5,14,2,2.1,14.8
8,5,1,6.1,34.0
2,8,7,4.6,29.1
10,1,5,5.5,34.2
5,3,6,7.5,37.5
9,6,7,2.0,20.9
7,14,4,7.4,10.0
2,2,0,5.6,70.5
4,4,7,1.7,44.3
10,9,4,7.3,10.0
3,5,5,3.5,46.2
6,4,1,1.7,54.3
5,9,5,2.1,24.6
9,7,5,5.8,12.5
7,5,8,7.5,11.1
7,4,6,1.9,36.1
4,14,7,7.3,10.0
2,5,2,0.5,62.1
6,11,3,1.0,21.7
1,12,9,2.9,16.2
1,9,7,4.7,27.9
10,4,9,4.6,11.8
1,11,9,0.4,21.6
10,12,2,0.3,11.8
8,10,7,5.3,10.0
6,1,2,3.6,61.9
11,1,7,3.8,23.5
4,3,1,0.2,69.1
6,6,0,8.0,33.8
9,1,2,4.7,46.2
1,8,7,7.3,25.1
8,10,5,2.9,14.2
6,9,3,4.5,21.6
10,13,1,3.4,10.0
0,2,2,1.0,86.2
4,2,4,3.5,56.9
4,11,4,1.9,27.7
10,7,0,2.1,28.3
5,8,6,6.0,17.3
0,7,2,2.7,59.2
8,12,6,5.9,10.0
11,11,8,7.9,10.0
10,4,4,2.6,30.8
3,3,4,1.9,61.6
11,1,0,6.0,44.0
10,7,9,4.6,10.0
4,11,6,6.4,10.0
0,10,1,1.3,54.5
11,0,9,5.2,20.8
8,7,9,5.8,10.0
0,9,1,1.1,60.2
10,12,0,1.2,13.7
6,6,7,7.5,13.8
7,11,2,1.5,22.2
6,11,2,5.5,15.8
11,1,1,4.3,43.6
1,4,6,6.6,45.8
5,2,8,0.4,46.3
7,12,3,0.1,17.2
7,13,3,6.0,10.0
7,14,5,7.0,10.0
8,10,3,5.1,10.0
2,9,6,3.1,34.5
1,5,5,3.5,57.4
1,1,8,6.2,51.5
2,0,4,4.1,72.6
8,11,3,5.5,10.0
4,3,2,7.6,48.3
3,8,9,2.2,25.2
0,3,7,1.2,64.1
0,2,7,6.8,54.7
5,5,9,5.6,24.3
6,14,2,3.9,10.0
9,11,9,4.5,10.0
11,14,5,7.3,10.0
11,8,0,7.7,10.0
2,5,8,0.1,49.2
8,1,6,5.8,34.9
10,0,3,7.8,34.4
10,5,1,1.5,42.6
5,14,2,1.4,17.3
10,5,6,1.0,25.0
3,1,0,3.4,77.0
2,7,3,6.2,41.6
4,13,6,4.3,10.0
5,3,8,3.1,36.9
6,7,3,4.6,30.9
11,1,6,2.8,30.5
6,11,3,4.1,15.0
6,10,1,3.8,27.1
3,4,1,7.3,51.9
6,10,6,4.3,11.0
8,10,3,5.3,10.0
5,9,5,2.4,23.5
10,11,5,2.9,10.0
2,1,1,7.8,65.9
0,11,8,4.9,17.3
8,9,9,2.4,10.0
1,0,3,0.6,84.5
2,10,0,4.9,42.7
7,11,7,0.7,10.0
5,4,3,1.3,53.1
9,14,7,1.7,10.0
11,0,0,5.1,47.7
3,0,7,3.2,60.5
6,12,5,5.8,10.0
5,13,9,1.8,10.0
8,9,2,7.1,17.7
1,5,2,1.7,68.7
4,9,6,0.3,31.3
10,14,7,3.6,10.0
1,6,8,1.0,46.3
0,1,1,3.4,82.8
0,1,8,7.8,50.9
1,3,7,6.4,46.0
6,6,9,3.7,22.4
9,0,5,5.8,37.2
8,12,4,3.4,10.0
3,4,1,0.0,65.8
8,7,4,6.4,17.0
11,3,3,6.1,23.8
6,7,5,7.3,18.8
3,13,0,0.9,36.5
9,13,8,6.5,10.0
9,13,0,6.5,10.0
9,12,1,2.9,12.3
8,0,5,3.2,48.6
5,7,1,3.4,44.1
6,7,3,2.8,34.4
10,1,8,4.7,25.0
7,13,9,4.1,10.0
2,3,5,4.6,58.6
10,14,7,4.8,10.0
6,1,1,5.6,56.4
10,2,7,2.4,29.2
9,8,5,1.5,21.3
9,9,0,4.2,23.2
10,3,7,3.5,21.7
9,0,3,5.7,42.5
6,0,7,4.6,46.6
10,1,4,5.5,38.5
8,10,1,1.6,26.7
3,6,6,7.9,29.3
11,8,1,1.8,21.7
3,0,5,3.2,66.6
2,4,5,5.8,48.6
6,11,5,0.2,23.4
0,9,8,6.6,25.7
5,10,9,4.6,10.0
3,9,4,7.0,24.6
1,14,6,4.3,12.3
5,6,6,0.2,42.5
10,6,2,3.9,22.6
2,12,1,7.2,29.0
5,0,6,2.1,56.2
1,14,4,2.6,21.2
8,0,4,0.3,60.5
5,5,1,6.8,43.2
11,4,7,6.9,10.0
7,9,3,1.3,26.1
8,6,5,1.7,29.0
9,13,9,4.3,10.0
9,13,1,1.7,11.7
2,0,2,1.7,81.3
0,0,9,3.2,63.2
9,13,5,4.5,10.0
10,2,7,0.2,35.0
3,6,5,7.0,32.9
4,4,8,5.8,30.6
5,6,4,0.7,44.4
5,11,7,4.6,10.0
2,8,6,1.1,40.8
4,10,8,5.5,10.0
6,3,4,1.6,52.6
7,11,2,1.9,22.2
7,6,2,6.7,29.1
10,0,7,2.5,36.4
2,3,3,6.7,57.0
1,11,9,6.1,10.0
10,9,2,2.6,20.6
11,8,1,5.5,14.2
5,0,5,0.1,66.4
8,14,8,4.6,10.0
7,9,9,6.6,10.0
2,12,0,6.8,29.3
1,14,7,5.0,10.0
3,4,3,2.8,56.9
0,7,3,7.8,44.0
2,7,7,7.9,24.7
1,13,8,0.2,19.2
0,10,3,1.3,46.9
8,6,5,7.8,15.9
9,0,4,7.9,37.3
0,3,6,7.6,51.5
5,7,1,0.6,51.2
5,7,0,5.2,38.9
11,5,3,0.5,30.0
5,0,8,3.8,51.2
8,11,3,7.8,10.0
5,8,9,6.9,10.0
6,13,6,1.0,10.0
2,4,1,4.3,65.1
9,10,7,1.1,10.0
1,12,3,1.2,39.4
7,5,3,1.0,41.7
3,3,5,0.8,61.6
1,5,0,1.6,71.1
9,2,8,7.3,18.4
3,14,0,2.9,27.3
4,8,2,6.8,30.3
8,4,5,0.3,40.0
7,6,8,4.7,16.3
1,7,8,4.6,33.2
0,3,4,7.4,56.0
0,6,8,1.1,51.0
0,3,1,6.1,66.1
11,4,4,6.3,17.4
2,7,7,4.2,33.5
5,4,7,1.8,40.2
7,3,4,2.7,45.1
5,0,7,4.3,52.7
3,6,4,3.9,42.8
2,6,4,5.6,43.0
5,4,1,2.0,57.0
8,11,7,2.4,10.0
3,4,2,7.2,50.8
2,5,8,5.9,34.8
4,8,8,2.8,21.3
5,10,2,5.8,22.7
10,10,0,0.2,22.3
6,7,0,2.8,45.1
3,7,4,1.1,46.8
1,7,0,2.3,59.8
10,1,7,4.5,28.0
7,4,2,5.2,37.8
10,14,2,7.7,10.0
5,8,9,4.9,16.4
10,9,8,2.4,10.0
8,4,4,6.3,24.6
7,14,4,3.1,10.0
6,3,5,1.0,48.7
6,3,9,4.9,25.8
2,2,7,4.4,50.2
3,7,6,0.2,43.7
11,4,1,1.5,37.1
1,4,4,1.1,63.8
8,0,7,3.5,44.6
7,9,6,8.0,10.0
1,9,3,6.0,34.4
10,7,0,2.5,30.6
4,1,7,7.6,40.3
0,7,0,4.3,59.0
5,10,0,6.7,26.8
4,4,1,7.9,44.8
10,5,3,6.5,15.7
1,0,1,6.6,72.1
2,7,0,7.6,46.1
3,11,3,1.7,29.8
1,9,5,6.8,28.6
3,11,1,1.4,41.4
10,1,5,4.4,35.0
1,14,8,0.9,13.6
2,5,8,2.7,42.8
0,9,1,1.2,60.0
2,2,3,6.7,58.3
11,10,4,4.9,10.0
7,0,3,1.6,63.1
0,3,9,6.8,43.3
9,6,3,5.1,22.6
11,7,8,0.6,10.0
4,7,8,2.5,27.6
3,8,8,1.1,30.2
11,7,2,0.7,23.4
0,6,2,5.4,54.0
6,11,9,1.0,10.0
10,6,3,1.2,29.6
4,3,8,6.2,35.5
9,4,6,7.4,19.9
1,14,0,2.1,35.7
4,13,5,7.6,10.0
1,5,4,2.2,58.5
3,10,9,2.9,15.6
6,10,2,5.2,24.2
9,14,9,5.9,10.0
7,11,8,7.9,10.0
11,4,5,6.2,15.6
4,11,7,3.5,10.0
6,4,1,0.9,57.8
4,7,7,5.0,24.3
8,7,0,6.7,28.0
9,5,3,6.7,24.3
8,14,3,5.7,10.0
11,7,7,6.1,10.0
7,6,1,1.0,41.8
1,12,8,1.0,20.8
5,5,0,4.6,51.7
8,4,3,0.5,45.1
5,3,3,1.5,56.1
6,8,7,5.9,10.0
6,5,7,0.2,37.1
11,2,8,1.3,25.6
3,13,9,6.3,10.0
9,0,2,7.4,45.4
7,7,3,2.0,37.6
9,5,3,4.1,29.2
10,7,6,7.1,10.0
1,0,3,6.4,74.3
2,7,8,6.8,25.3
9,12,4,2.6,10.0
11,14,6,2.3,10.0
7,11,0,5.8,19.9
2,4,5,4.2,56.8
8,11,1,7.0,10.0
5,2,3,5.9,51.6
9,5,5,2.8,27.3
11,1,6,6.6,24.0
8,2,8,7.4,21.8
1,4,6,0.9,56.8
1,10,4,4.3,35.0
10,4,0,4.6,34.6
2,14,9,0.5,10.0
10,14,2,0.1,10.0
3,13,6,1.4,18.5
7,7,6,6.7,12.1
2,11,6,5.1,15.0
0,9,5,1.4,50.5
7,12,9,4.9,10.0
2,4,8,5.0,40.2
3,14,8,3.7,10.0
0,5,5,4.2,58.1
11,10,8,5.5,10.0
10,13,7,7.2,10.0
4,0,2,6.9,64.6
0,0,6,5.7,67.3
9,4,1,6.8,31.7
0,6,4,5.0,49.0
11,5,6,6.0,10.0
10,0,5,7.1,31.7
8,10,5,7.0,10.0
8,0,1,6.5,55.3
0,14,7,4.4,11.9
9,14,9,1.5,10.0
2,1,2,6.7,67.9
4,13,1,6.1,14.1
0,12,0,6.2,35.9
3,7,4,1.0,46.4
3,5,0,6.9,51.3
3,7,3,6.4,38.3
1,10,7,3.2,30.5
6,4,8,3.8,28.3
3,7,5,7.6,30.4
9,13,2,0.4,10.0
5,5,3,1.1,51.1
8,11,8,6.5,10.0
4,10,8,4.9,10.0
4,0,1,0.4,81.3
4,12,0,5.6,20.5
4,2,6,3.1,50.3
4,3,4,3.7,52.7
8,2,8,1.8,36.5
11,2,5,1.4,32.5
1,11,7,3.4,25.2
8,9,6,4.7,10.0
8,9,0,1.7,31.8
8,9,6,3.6,10.0
9,0,2,4.7,45.6
5,6,7,3.9,24.5
7,14,9,3.7,10.0
9,12,5,2.3,10.0
3,14,9,0.9,10.0
10,7,4,7.6,10.0
11,6,1,7.2,17.2
4,5,2,7.4,43.5
7,8,0,4.4,34.0
9,6,4,2.1,27.1
11,0,3,2.6,48.3
0,11,4,4.8,35.1
7,13,7,5.7,10.0
8,8,1,5.2,27.0
11,12,6,1.4,10.0
8,2,9,7.1,17.4
4,11,7,4.9,10.0
3,6,6,6.9,32.0
8,14,6,4.9,10.0
10,1,0,3.2,55.0
0,8,9,0.7,37.2
5,3,3,2.4,56.1
9,7,7,1.5,14.5
5,5,3,7.7,33.7
2,8,0,3.2,50.4
11,4,6,7.2,10.4
4,9,8,2.6,18.2
8,2,5,1.0,48.1
9,13,8,6.5,10.0
8,10,5,3.8,10.0
10,14,1,6.8,10.0
6,1,3,4.5,53.4
4,2,8,0.8,51.1
6,1,9,0.3,47.3
9,4,1,1.3,44.0
1,14,5,2.6,20.6
10,12,2,3.3,10.0
7,10,4,6.9,10.0
6,14,7,7.0,10.0
7,6,1,3.7,41.2
1,11,8,5.2,14.1
5,14,5,1.0,10.0
11,14,8,7.6,10.0
11,0,2,2.7,52.1
1,2,1,5.2,68.2
7,5,0,4.4,42.4
1,10,8,6.1,21.6
0,0,6,7.9,65.5
9,7,1,3.5,28.4
8,4,1,2.4,46.0
5,13,1,0.8,26.9
5,5,0,6.3,46.4
10,10,3,2.5,10.0
5,1,4,3.6,56.3
0,0,9,7.7,55.8
7,0,5,7.6,37.4
3,3,1,5.6,57.4
0,12,5,0.8,33.1
0,12,2,3.6,38.9
0,10,0,7.3,39.5
6,5,7,4.0,29.7
5,0,9,7.9,34.4
6,6,4,1.5,38.5
6,6,4,4.8,29.4
4,1,6,1.5,61.1
6,6,0,6.4,36.4
1,12,6,7.3,11.5
10,1,4,0.5,49.3
0,11,6,3.4,28.1
9,3,5,0.3,39.9
4,1,0,0.6,78.9
0,6,2,2.9,63.8
6,9,8,4.7,10.0
1,10,1,6.8,36.0
4,0,6,7.6,50.2
11,8,5,2.1,10.5
2,11,5,1.8,32.1
0,4,2,1.3,74.8
9,4,5,0.2,38.4
2,10,4,4.3,31.6
3,14,6,4.3,10.0
8,5,0,0.7,53.1
3,4,0,0.1,74.3
6,13,8,3.1,10.0
5,3,3,0.6,61.2
10,3,0,0.5,54.8
0,7,8,4.0,36.3
4,7,2,6.5,36.3
4,13,6,5.4,10.0
9,0,6,1.2,49.2
3,10,5,5.3,23.1
1,5,3,2.8,60.2
8,14,6,0.7,10.0
0,11,9,3.0,25.4
7,8,5,6.9,10.3
5,2,0,1.6,69.8
11,5,7,3.9,12.5
8,10,0,2.8,25.7
3,9,9,6.4,11.7
8,4,8,4.8,22.7
2,12,3,3.3,28.4
11,0,6,3.5,35.5
3,13,7,7.2,10.0
8,13,6,2.0,10.0
11,12,6,0.7,10.0
1,12,5,6.8,18.7
10,11,7,3.8,10.0
1,8,9,0.4,36.4
10,7,5,7.2,10.0
6,8,8,5.0,10.0
4,12,0,2.0,31.6
0,12,9,5.6,10.0
3,4,4,2.1,56.4
2,13,8,3.1,10.2
0,5,4,2.8,59.8
4,2,6,6.0,45.9
2,0,6,0.9,73.1
3,2,3,2.3,65.0
2,13,9,7.2,10.0
1,4,2,7.1,56.7
4,12,8,7.8,10.0
2,8,4,0.2,49.1
6,5,4,0.9,43.7
2,3,4,7.7,52.7
4,6,0,2.3,57.9
0,11,7,5.8,21.4
2,8,6,7.6,26.7
10,6,1,6.6,19.1
0,6,4,3.1,57.6
5,0,1,4.9,63.2
6,2,2,3.4,57.5
9,6,9,2.5,12.9
0,7,7,5.9,34.5
5,13,5,7.8,10.0
7,5,3,3.6,43.2
2,7,5,4.4,37.9
11,6,3,3.5,16.3
2,11,0,7.8,32.8
2,9,1,5.8,38.6
3,10,4,4.0,25.2
3,5,2,6.1,48.0
9,9,3,1.2,17.9
8,13,8,0.3,10.0
4,13,3,4.1,16.5
3,9,8,5.5,17.4
8,14,6,0.8,10.0
9,0,0,2.1,63.7
3,6,6,7.9,28.6
0,11,7,1.4,29.8
6,11,9,1.3,10.0
9,6,5,3.0,22.5
8,12,6,8.0,10.0
7,10,0,2.5,27.0
8,10,9,1.6,10.0
3,8,6,1.4,38.4
9,7,5,6.4,10.8
10,7,8,6.7,10.0
3,3,7,5.7,42.7
10,0,0,7.1,43.3
0,10,6,7.2,24.2
5,4,7,6.3,28.9
1,8,5,5.2,39.1
10,0,1,6.2,50.8
8,2,3,7.7,36.3
0,3,5,5.7,58.2
6,10,2,5.9,16.9
10,12,7,2.7,10.0
9,5,5,3.8,24.6
7,11,0,7.7,11.6
4,12,1,7.1,17.4
0,2,4,1.2,78.7
0,3,8,0.8,61.7
4,5,0,3.6,53.3
0,2,2,1.4,80.6
8,13,1,7.7,10.0
9,0,7,6.0,33.7
10,6,2,6.7,19.2
8,14,3,5.3,10.0
8,5,1,6.3,32.1
6,8,5,1.8,27.7
9,11,6,7.9,10.0
8,13,8,4.7,10.0
6,3,0,2.7,60.8
11,12,1,7.9,10.0
10,14,1,0.2,10.0
10,10,4,5.5,10.0
0,5,2,6.6,59.2
9,4,5,0.7,36.3
4,14,9,6.5,10.0
2,13,6,5.6,11.3
10,2,3,2.4,42.4
0,1,5,0.9,75.4
8,12,3,6.2,10.0
2,3,8,7.4,38.6
6,5,6,3.4,34.2
3,8,6,4.6,28.6
11,14,0,3.2,10.0
9,10,3,6.1,10.0
6,7,5,6.9,15.9
7,12,9,4.9,10.0
1,14,7,3.9,10.0
1,2,8,5.7,50.3
0,13,2,3.4,33.2
6,12,3,4.9,10.0
1,3,0,4.1,75.3
2,6,7,1.4,42.4
5,14,0,3.2,17.4
1,1,4,2.1,74.1
10,12,8,2.2,10.0
8,5,4,0.1,36.4
0,7,6,6.6,37.0
11,5,6,0.2,23.7
6,2,4,6.1,45.5
2,12,2,1.4,36.9
3,6,9,7.5,20.1
4,7,8,6.4,24.1
10,4,2,0.9,37.3
3,6,6,6.4,30.0
0,10,7,2.9,29.4
8,4,5,7.3,23.0
10,8,6,4.1,10.0
8,9,8,5.9,10.0
11,11,1,0.2,13.3
11,5,6,0.4,23.0
1,9,2,0.0,53.4
9,4,2,0.3,44.5
8,14,0,4.4,10.0
5,12,9,6.3,10.0
1,1,3,0.4,83.3
7,13,4,2.2,10.0
9,5,9,3.7,11.6
10,1,9,4.1,22.0
0,10,8,5.3,24.7
9,2,2,0.6,55.4
2,11,4,6.1,22.0
4,1,6,1.2,61.5
0,0,5,3.3,77.1
5,9,0,2.3,36.7
1,1,9,3.9,52.4
9,1,0,1.7,59.1
5,6,6,5.7,27.4
7,4,4,4.9,33.9
10,6,0,5.0,29.1
4,9,2,5.8,29.2
6,1,3,1.7,61.7
6,5,5,4.5,34.0
3,12,5,4.5,19.0
6,14,5,5.3,10.0
9,11,9,6.2,10.0
3,6,9,7.2,20.2
3,7,7,1.0,36.1
9,4,1,1.0,45.9
11,14,3,0.9,10.0
9,13,2,7.1,10.0
11,3,0,2.8,42.8
0,8,9,5.3,29.7
0,0,5,2.9,77.3
0,4,1,3.8,70.5
4,13,5,5.0,10.0
11,10,2,3.4,10.0
3,2,9,0.7,52.4
2,7,8,4.6,26.6
5,13,4,7.1,10.0
6,5,4,4.1,36.7
11,3,8,7.3,10.0
1,3,7,4.6,48.4
1,7,5,5.4,40.0
7,8,5,2.5,23.2
4,0,5,3.3,62.1
4,10,8,4.9,10.3
6,0,1,6.4,62.6
4,12,1,5.7,19.2
5,12,9,5.2,10.0
8,8,1,7.6,19.9
8,14,2,0.4,10.0
11,3,9,7.1,10.0
8,9,4,3.4,14.4
5,14,0,1.4,19.9
10,5,6,0.9,23.9
8,4,6,7.8,18.8
11,12,5,7.6,10.0
9,8,3,7.9,10.0
2,2,4,4.8,59.7
5,4,1,4.0,55.8
10,13,3,5.4,10.0
7,3,4,2.6,44.6
1,6,4,2.5,54.5
1,2,6,4.5,59.7
7,14,0,6.9,10.0
0,13,8,7.7,10.0
8,1,1,2.7,64.0
2,6,0,7.2,48.8
0,14,6,1.0,22.9
0,11,7,1.1,31.1
6,5,5,7.6,24.1
1,14,1,7.5,18.1
1,14,3,0.9,24.4
1,7,7,7.3,28.5
1,8,9,3.9,25.7
8,5,3,6.7,27.8
5,13,3,2.3,14.8
5,13,0,5.6,12.2
9,10,1,7.0,10.0
1,5,9,6.4,34.2
3,12,2,2.8,28.4
5,7,9,0.7,29.5
5,11,5,6.8,10.0
5,12,4,3.0,13.9
3,0,2,4.8,70.3
8,14,2,0.1,10.0
9,11,2,7.8,10.0
6,0,9,1.1,48.8
0,13,7,5.2,11.2
7,11,9,6.5,10.0
2,3,8,0.9,55.3
0,4,9,4.6,46.4
3,13,0,7.7,17.6
3,4,0,7.3,57.4
1,4,4,2.2,64.8
11,6,4,7.7,10.0
11,11,2,7.7,10.0
8,12,8,3.6,10.0
10,3,8,1.3,25.1
1,7,6,0.5,47.4
4,11,7,3.6,14.0
4,10,6,4.3,14.5
10,14,1,2.1,10.0
5,12,3,0.0,23.5
2,8,2,1.1,55.1
6,9,3,1.9,29.5
4,14,7,2.5,10.0
5,12,8,3.3,10.0
10,13,6,5.7,10.0
11,5,8,6.3,10.0
5,7,1,2.8,47.3
6,14,0,7.4,10.0
6,11,3,1.4,23.1
3,14,3,2.6,16.7
0,13,9,1.1,17.2
0,8,9,5.4,27.6
0,11,8,1.7,26.2
2,13,0,5.4,23.7
1,2,3,0.3,75.1
11,8,1,1.7,19.8
4,6,3,3.9,41.9
4,13,6,6.2,10.0
4,8,1,1.3,43.8
2,2,5,1.7,63.3
3,11,1,4.9,29.9
9,10,2,6.5,10.0
4,2,4,4.5,53.3
2,9,3,4.9,33.8
5,4,3,7.8,37.8
7,2,8,6.4,30.6
5,0,5,3.7,59.2
6,0,1,0.7,73.4
2,11,8,7.1,10.0
1,8,7,6.5,27.2
1,14,8,3.4,10.0
0,1,4,6.4,72.3
6,10,6,5.8,10.0
0,14,5,1.6,24.9
0,3,4,1.4,73.9
11,1,6,6.3,27.5
0,12,7,4.5,20.8
0,10,1,3.6,45.0
10,6,3,3.0,27.1
9,5,6,5.8,14.3
5,3,6,3.2,46.3
2,3,4,0.1,68.7
1,2,0,2.5,80.4
2,14,5,7.2,10.0
7,0,0,3.0,66.4
10,10,5,0.3,10.0
9,7,2,5.8,19.3
3,11,5,2.2,25.1
6,13,1,0.5,21.6
1,3,1,6.4,65.8
9,5,9,0.1,24.4
1,14,9,1.3,10.5
6,13,5,1.6,10.0
1,3,6,5.5,53.1
2,11,3,0.9,38.0
0,13,0,5.6,36.3
3,14,3,2.5,12.8
8,10,4,4.1,13.3
10,11,0,6.5,10.0
11,0,6,3.5,35.7
9,14,9,1.2,10.0
5,13,7,1.1,10.0
7,11,8,3.1,10.0
6,13,3,1.2,16.5
7,4,9,5.0,22.0
10,5,7,4.8,17.2
0,11,9,5.7,17.0
0,13,6,4.8,17.4
11,9,0,2.9,15.5
7,0,3,4.8,56.3
5,6,4,6.9,28.0
9,12,9,0.3,10.0
5,9,2,0.7,39.8
7,5,1,7.8,33.7
11,8,7,6.1,10.0
3,11,2,0.6,39.7
0,11,9,7.5,11.3
6,3,7,7.5,27.2
1,11,5,5.4,26.3
6,0,6,7.4,42.4
7,2,8,2.7,38.0
5,5,7,3.2,32.6
9,5,6,3.5,19.8
1,1,3,7.3,64.7
6,11,4,7.5,10.0
8,11,7,4.8,10.0
9,14,8,7.2,10.0
0,10,0,6.9,43.0
5,13,9,3.4,10.0
6,0,5,5.6,50.2
3,7,0,1.5,57.9
6,10,2,1.2,28.4
2,6,9,5.4,29.3
9,11,3,3.5,11.3
8,5,9,5.6,10.0
0,3,6,6.4,54.0
3,2,8,3.4,50.6
7,1,3,7.6,45.4
2,0,4,7.3,62.5
5,12,0,0.8,33.5
2,10,3,1.1,37.5
1,7,3,1.1,55.1
11,8,8,4.2,10.0
7,13,9,3.8,10.0
3,10,0,7.1,31.5
8,8,2,3.0,27.7
6,9,5,3.6,21.0
6,9,0,7.0,23.3
9,14,2,4.4,10.0
6,8,5,4.8,17.8
3,0,3,0.9,76.8
10,0,1,0.3,60.8
11,7,1,6.3,13.8
0,10,4,2.3,43.0
11,11,2,4.0,10.0
2,12,3,6.8,19.6
9,13,1,3.2,10.0
9,10,1,7.5,10.0
3,9,5,5.4,24.1
8,9,1,0.5,29.5
1,8,0,1.0,61.8
10,1,8,6.5,17.7
7,8,0,7.9,21.3
7,1,3,1.3,56.1
0,10,2,4.4,43.6
0,0,6,3.4,75.7
3,11,0,2.9,36.1
6,11,3,5.9,10.0
0,5,5,0.1,64.1
4,12,8,5.5,10.0
7,13,6,1.0,10.0
4,10,1,3.2,35.8
5,5,8,3.1,29.0
0,10,8,2.6,28.1
3,3,2,7.6,53.2
7,0,2,5.2,58.0
5,11,1,3.2,29.4
2,13,2,0.9,33.7
1,5,5,0.8,59.3
2,9,8,5.6,19.5
8,10,4,1.4,20.0
8,12,0,5.5,10.0
3,13,8,7.7,10.0
3,5,8,5.9,32.5
10,12,0,3.6,10.0
1,2,2,5.2,70.8
6,7,3,1.1,39.7
0,5,7,3.2,51.0
4,4,2,4.3,53.5
1,3,5,2.7,65.3
8,4,6,4.5,27.7
6,1,1,1.3,69.7
11,0,4,6.3,36.2
10,4,3,2.9,35.6
9,12,3,1.8,10.0
3,9,0,4.0,44.4
10,13,4,4.8,10.0
2,9,6,4.0,27.3
5,1,7,0.5,54.5
7,10,7,2.7,10.0
5,14,6,1.7,10.0
9,2,8,6.4,19.7
2,5,3,7.7,43.7
2,5,3,5.3,49.8
4,11,6,7.4,10.0
9,6,1,6.5,24.8
2,9,8,0.4,31.4
0,3,4,6.7,57.4
3,14,4,5.7,10.0
2,11,5,2.0,33.4
10,1,3,2.6,45.0
10,4,0,6.1,37.9
5,12,4,7.4,10.0
11,4,6,1.7,22.6
4,8,3,6.2,28.9
1,10,2,5.9,36.9
1,5,7,6.3,43.2
9,11,8,4.0,10.0
1,11,1,0.3,53.2
7,0,1,1.1,72.7
1,1,5,3.4,70.7
0,0,5,5.8,70.9
5,9,4,6.6,16.8
4,12,0,6.3,23.0
2,14,9,5.6,10.0
3,11,5,6.6,14.3
9,1,1,4.6,46.0
7,7,4,0.0,38.3
1,0,8,5.1,55.7
4,10,9,6.9,10.0
4,7,1,4.0,43.8
11,9,4,5.0,10.0
3,3,1,7.0,58.3
11,14,5,7.1,10.0
1,3,8,5.9,47.9
4,5,1,2.1,58.1
0,11,5,0.7,38.8
5,10,9,2.2,14.4
3,10,6,7.8,14.4
5,7,1,4.0,43.0
7,12,3,6.4,10.0
5,4,1,2.1,60.1
5,2,3,6.8,48.0
11,5,8,2.5,10.0
6,4,8,7.8,20.7
0,3,2,4.6,71.9
9,0,7,7.1,29.3
9,10,0,0.0,30.2
6,6,5,2.7,31.8
7,14,8,3.1,10.0
5,4,3,5.3,43.9
8,5,7,4.3,18.1
1,1,0,5.4,77.2
6,2,1,3.5,61.1
1,0,7,2.1,74.6
7,2,8,7.6,29.5
11,13,4,1.7,10.0
10,4,5,6.7,18.6
6,2,2,7.2,47.5
3,9,7,2.2,24.9
10,1,3,4.7,41.2
7,5,5,5.9,26.4
4,14,6,7.0,10.0
0,9,9,6.7,21.9
3,6,5,6.5,35.1
3,13,5,0.6,18.7
10,3,5,7.8,20.3
0,3,1,4.2,73.9
9,0,8,2.5,36.8
2,1,6,1.6,64.7
10,12,1,7.7,10.0
5,6,0,0.5,57.8
8,11,5,7.4,10.0
11,12,1,1.7,10.0
5,3,4,7.8,36.2
1,4,9,0.3,52.7
1,13,5,1.1,23.9
9,3,7,0.1,33.6
0,10,3,0.1,51.6
3,3,2,7.4,54.8
11,4,3,6.1,22.0
10,11,9,7.2,10.0
0,4,6,0.2,67.8
6,8,3,0.5,36.6
8,3,7,7.9,19.3
7,3,2,3.9,50.6
6,6,6,1.1,37.4
1,5,5,3.6,51.7
1,9,0,0.8,57.7
2,11,8,7.8,10.0
7,7,4,5.7,22.9
1,9,4,1.6,42.9
9,7,2,4.5,25.0
1,0,7,5.8,59.5
3,0,5,5.9,56.8
5,9,9,2.4,11.7
10,9,3,0.6,21.0
1,8,9,7.0,21.6
8,13,1,7.4,10.0
8,5,3,4.3,32.0
0,3,0,6.9,70.4
0,3,0,4.3,79.2
9,4,7,2.1,24.3
8,3,3,5.3,36.6
0,4,8,4.5,49.0
6,9,5,7.3,10.8
10,13,9,7.5,10.0
4,9,3,3.5,32.7
9,10,8,1.4,10.0
5,7,9,6.3,11.4
3,3,0,1.9,74.5
1,4,3,4.7,55.5
2,0,6,5.3,62.8
9,13,2,6.8,10.0
7,13,9,1.7,10.0
1,9,5,6.7,29.2
6,11,9,4.1,10.0
11,3,3,4.2,31.9
2,2,8,7.5,42.0
10,11,9,3.0,10.0
1,1,3,0.2,85.7
9,5,3,2.1,33.8
3,14,9,6.1,10.0
8,2,8,6.8,20.4
6,7,1,4.0,37.7
8,1,1,3.7,54.9
4,10,3,2.8,33.1
0,11,1,6.6,35.0
2,12,1,3.3,30.4
1,0,5,2.0,74.5
8,2,3,5.8,41.1
1,12,9,4.1,11.4
6,4,2,0.6,55.4
11,11,3,5.4,10.0
4,9,6,3.3,20.8
1,2,6,6.8,55.0
10,0,2,7.6,41.9
2,12,8,7.7,10.0
11,5,9,7.9,10.0
7,11,1,6.8,10.5
1,1,1,2.9,81.5
4,3,2,2.1,59.9
4,6,5,1.6,45.1
7,12,5,5.9,10.0
4,3,6,5.1,40.2
2,7,6,4.6,30.9
2,0,0,3.3,83.6
3,11,6,6.2,13.6
2,12,0,3.2,37.1
0,5,2,3.6,65.7
8,13,3,2.7,10.0
11,7,5,3.8,10.0
7,0,3,1.0,62.4
2,3,3,7.3,53.4
0,0,5,6.0,69.3
7,2,3,4.5,47.4
11,6,5,6.9,10.0
0,6,9,1.1,49.3
2,6,2,1.1,60.1
10,8,7,6.2,10.0
1,0,5,3.0,72.6
10,6,8,6.2,10.0
2,6,1,6.4,50.1
8,0,4,7.3,42.8
11,3,9,2.5,16.7
6,11,8,0.4,10.0
6,1,5,3.9,49.1
8,0,5,0.7,55.4
8,8,6,4.1,10.0
1,14,6,7.0,10.0
0,10,4,4.3,35.9
11,12,7,1.5,10.0
6,3,5,1.8,48.9
6,7,3,7.0,23.1
11,13,0,6.8,10.0
7,9,0,3.7,30.4
1,2,5,6.1,56.4
0,9,4,0.1,52.1
2,2,2,6.9,63.5
10,11,5,1.6,10.0
10,4,7,1.9,22.8
11,6,4,4.3,16.1
2,8,3,3.7,42.6
11,11,7,1.1,10.0
9,2,3,5.6,39.2
4,5,7,4.6,33.9
7,3,5,7.3,30.4
0,7,9,7.7,29.7
2,5,4,3.1,49.7
5,7,0,3.1,43.5
11,1,1,6.8,37.1
3,11,6,1.0,24.6
11,12,1,0.3,10.0
9,10,9,0.1,10.0
8,5,2,7.6,25.9
1,3,6,3.5,59.3
2,2,2,5.1,69.9
1,8,8,1.1,37.9
1,12,8,0.3,24.0
10,6,6,7.1,10.0
9,2,4,5.9,35.0
3,0,1,6.0,71.8
11,13,4,3.7,10.0
2,4,4,5.0,53.7
7,9,1,5.0,25.8
5,10,8,7.9,10.0
0,10,4,3.8,38.1
5,12,8,3.2,10.0
2,13,7,5.7,10.0
2,0,8,5.5,55.6
3,1,5,4.8,53.7
7,2,7,3.1,39.9
6,3,2,3.6,55.7
2,5,2,2.0,61.0
0,9,9,1.9,33.6
5,3,8,6.9,31.0
0,12,0,1.7,51.0
4,2,4,6.8,49.7
3,8,2,1.4,45.3
5,10,4,4.3,19.3
1,3,4,3.8,63.2
1,1,5,6.1,62.8
11,7,7,7.1,10.0
4,4,0,2.0,65.3
0,8,7,3.6,39.8
11,3,4,1.5,34.4
2,5,7,2.7,44.9
9,0,1,2.0,61.6
5,5,4,7.7,35.6
0,9,4,3.5,43.9
10,13,1,2.2,10.0
10,4,6,0.8,30.0
1,12,0,2.8,42.6
1,6,6,7.2,34.7
9,4,9,5.7,10.0
8,10,2,1.1,23.9
6,5,2,0.1,53.7
1,11,4,4.8,31.5
0,0,8,7.7,56.4
0,9,2,2.3,53.0
10,2,3,3.0,36.8
8,13,7,6.5,10.0
4,11,5,3.0,17.2
7,4,5,4.3,35.6
4,8,6,0.3,34.6
1,4,6,5.4,48.8
10,10,5,0.1,10.7
11,11,8,3.0,10.0
0,0,2,0.7,96.3
11,11,9,0.4,10.0
6,1,5,0.0,63.3
6,12,1,0.2,27.4
8,5,8,4.7,14.9
5,9,8,0.2,19.6
5,11,3,0.6,24.7
0,2,8,3.3,58.5
10,8,6,3.3,10.0
1,8,7,2.1,35.1
2,10,2,5.3,34.5
11,3,4,0.5,37.4
11,3,3,2.3,34.6
0,6,5,5.6,48.7
9,7,2,0.8,33.9
4,0,2,5.7,64.9
9,3,0,0.1,56.3
7,0,9,5.6,35.7
5,8,2,6.3,28.6
7,1,4,5.6,44.8
7,0,3,6.1,52.4
8,0,3,6.6,45.3
7,2,9,3.8,31.3
4,7,9,2.9,22.2
5,4,6,5.3,34.8
5,1,6,4.6,52.7
8,14,9,5.7,10.0
5,11,4,6.5,10.0
2,5,5,0.3,59.6
3,7,0,4.8,50.4
9,3,5,4.7,30.7
2,3,0,6.0,67.4
7,1,9,7.2,29.2
6,9,8,1.8,13.0
7,4,5,7.2,25.6
5,10,7,6.0,10.0
10,6,1,2.0,33.4
2,12,5,5.3,14.5
4,10,7,5.4,14.5
2,5,3,2.6,56.6
9,5,4,3.0,27.0
4,10,4,0.7,34.1
8,4,9,4.2,19.3
4,10,1,7.8,26.1
5,6,6,0.5,37.8
6,10,9,4.9,10.0
11,6,4,0.2,25.1
0,2,0,0.4,92.0
7,6,2,4.7,35.7
1,14,8,5.6,10.0
7,3,9,4.9,23.6
10,1,5,4.0,35.8
3,6,0,6.2,52.7
0,13,7,1.4,22.8
6,2,8,7.4,27.8
8,10,5,5.7,10.0
8,8,4,6.2,14.7
3,1,5,0.4,67.5
11,1,4,4.6,35.7
7,4,1,4.1,49.2
6,13,7,6.8,10.0
3,10,1,6.3,29.4
7,9,3,2.6,22.2
0,8,6,1.1,48.8
8,7,4,2.2,28.2
11,5,6,7.2,10.0
3,9,4,3.1,34.1
0,2,3,7.4,62.7
11,12,9,3.1,10.0
11,4,8,7.9,10.0
8,3,8,2.3,29.6
1,4,9,3.4,46.0
1,8,6,2.5,38.7
11,4,9,7.9,10.0
10,3,1,3.4,39.3
1,1,0,6.5,76.6
7,13,4,1.3,10.0
5,3,2,0.8,63.1
7,1,6,7.2,36.2
11,11,1,3.2,10.0
2,0,8,5.7,56.8
8,14,6,3.4,10.0
2,5,9,6.5,31.7
3,4,2,4.9,54.4
1,14,8,5.8,10.0
1,0,2,6.1,78.4
8,0,6,1.4,52.0
1,13,8,2.8,16.5
5,12,4,2.5,16.5
4,0,1,4.9,70.5
9,14,3,0.4,10.0
2,2,2,1.3,72.8
9,14,0,0.0,14.9
5,0,3,3.1,68.6
2,11,0,3.5,41.9
8,0,0,1.4,69.2
5,4,3,1.4,51.3
4,10,6,3.4,18.3
6,4,4,2.0,46.3
5,14,7,0.6,10.0
11,9,6,7.4,10.0
10,12,6,6.9,10.0
8,8,1,0.4,35.6
6,1,3,1.6,64.3
0,12,6,5.7,21.7
11,2,2,0.5,43.0
3,1,2,7.4,60.2
4,3,1,0.1,69.3
10,1,6,4.3,33.1
1,9,2,3.2,46.8
3,0,1,3.8,74.1
0,4,5,5.8,56.3
8,1,5,0.2,52.0
3,9,2,5.0,32.9
8,9,6,6.7,10.0
2,12,8,5.6,10.0
4,10,6,2.9,22.1
5,12,1,1.5,27.9
4,10,2,5.7,26.0
1,7,1,2.9,59.6
9,9,7,6.4,10.0
7,12,5,0.2,12.7
0,4,4,0.1,72.4
0,4,9,3.9,44.9
3,9,1,0.9,47.9
7,13,1,6.6,10.0
5,1,5,0.7,61.5
7,2,4,7.6,37.9
9,10,1,2.3,19.9
5,6,0,7.0,42.5
9,12,2,2.2,10.0
10,11,8,3.3,10.0
5,8,7,1.7,27.8
4,6,9,0.4,35.3
8,1,5,4.8,39.5
6,8,3,6.4,22.5
11,14,7,5.8,10.0
1,8,1,7.8,44.9
11,0,6,7.3,26.2
1,2,4,1.1,73.5
2,14,8,5.0,10.0
9,1,3,3.8,43.9
8,3,2,1.5,50.9
5,5,9,6.0,19.6
6,3,8,3.9,32.7
0,11,8,5.6,18.1
2,12,6,0.5,22.8
6,9,1,0.9,44.1
11,2,8,3.5,24.5
5,10,4,0.2,30.8
10,4,5,1.5,29.4
8,13,8,6.7,10.0
5,2,6,3.8,47.1
2,1,8,5.7,49.9
7,7,2,1.3,38.3
10,4,8,3.1,15.6
8,3,6,6.6,27.1
1,0,5,0.3,80.8
1,11,6,2.5,30.6
4,7,3,4.1,40.0
10,7,9,5.0,10.0
5,6,7,1.2,35.8
6,0,7,7.4,40.0
6,1,3,5.9,50.7
4,13,7,0.5,10.0
10,1,1,3.6,47.0
8,14,0,7.1,10.0
2,9,8,7.2,18.8
1,10,7,7.0,19.9
0,9,7,1.0,40.5
8,4,6,4.0,25.6
4,10,3,3.6,28.4
2,2,6,3.4,57.6
1,10,5,3.0,36.5
5,10,3,6.9,18.1
1,11,3,6.3,28.2
2,1,4,1.5,77.3
10,11,4,6.3,10.0
3,12,9,5.4,10.0
9,6,8,0.4,18.1
2,4,9,0.8,51.2
9,7,4,7.6,10.0
11,3,3,4.2,31.6
3,4,7,8.0,33.8
10,7,9,7.7,10.0
11,11,8,6.1,10.0
1,2,4,2.6,67.7
8,6,5,1.6,34.1
8,2,8,0.1,42.1
0,0,0,1.2,96.2
0,2,5,7.0,59.7
7,3,7,5.7,28.3
10,4,1,6.8,30.2
4,11,0,6.7,24.0
11,10,3,7.8,10.0
11,5,2,5.6,20.1
10,8,1,4.5,18.8
7,3,7,4.7,30.9
4,7,5,5.5,25.9
9,11,7,3.7,10.0
3,14,9,5.5,10.0
4,2,8,4.7,43.1
3,9,3,1.3,42.1
6,13,9,0.9,10.0
5,10,5,1.8,20.4
7,2,7,6.2,31.3
9,0,8,2.1,35.1
3,4,6,6.9,39.4
6,1,6,2.3,50.2
11,1,0,4.9,44.4
4,12,1,6.9,19.0
0,6,9,6.8,31.3
2,7,4,6.7,37.8
0,14,6,6.6,10.0
2,7,8,5.5,26.7
0,4,9,5.8,42.9
3,10,6,7.6,12.8
4,12,8,6.2,10.0
2,9,0,1.1,58.4
0,8,9,1.9,34.9
5,11,9,2.7,10.0
9,6,5,0.7,29.7
10,5,7,7.1,10.0
7,14,1,3.3,10.0
9,13,8,3.4,10.0
5,4,1,3.3,56.1
4,5,0,3.8,53.1
4,12,5,1.6,20.8
1,9,4,5.8,37.2
8,2,3,7.0,38.2
9,6,1,5.8,28.8
6,8,5,2.2,24.2
10,1,1,0.2,59.1
4,8,4,1.1,41.6
1,12,8,5.4,10.0
5,7,0,6.1,40.3
9,3,6,3.9,25.8
7,0,1,0.2,73.0
1,3,2,3.9,72.5
4,1,0,7.1,66.7
6,0,7,1.0,60.7
2,9,9,7.3,17.3
3,14,2,7.6,10.0
10,12,2,5.3,10.0
8,4,8,0.5,28.4
6,5,4,2.7,39.9
9,13,5,6.9,10.0
3,0,7,5.8,55.2
4,3,7,3.9,42.2
6,1,5,1.3,60.6
1,1,6,3.9,65.7
8,10,0,0.7,27.8
3,1,9,4.9,47.3
11,8,3,6.2,10.0
11,7,5,5.0,10.0
7,5,7,0.1,33.5
5,2,6,5.4,46.1
11,7,9,3.9,10.0
10,1,5,3.4,35.0
8,14,4,2.3,10.0
7,1,4,0.9,54.6
5,0,4,4.5,58.9
4,1,4,6.7,53.2
5,0,5,7.9,50.9
7,7,4,5.1,21.0
3,10,4,2.5,30.0
9,5,0,3.3,38.6
11,13,2,5.8,10.0
4,7,0,3.8,48.1
4,1,2,4.2,66.7
3,10,0,1.1,44.5
3,4,5,4.3,51.7
7,9,5,7.8,10.0
10,5,5,2.7,22.9
6,6,6,1.3,36.0
4,2,9,3.8,43.0
4,11,0,4.2,32.5
11,11,9,8.0,10.0
4,8,9,1.7,23.1
6,14,7,4.3,10.0
7,11,3,3.0,12.1
5,2,8,6.0,34.6
11,14,1,7.0,10.0
0,13,1,6.1,30.2
10,9,7,1.5,10.0
0,8,0,5.2,55.6
1,13,3,1.9,33.3
5,6,6,7.9,22.9
8,8,3,4.5,18.8
7,5,8,3.4,24.5
2,12,2,5.2,26.1
5,0,4,4.8,61.0
1,4,2,7.3,53.7
5,13,2,4.1,14.0
4,11,5,6.0,10.0
7,11,5,7.9,10.0
10,7,1,5.1,23.1
9,11,4,1.1,11.0
6,6,6,8.0,17.6
1,7,0,5.1,55.0
7,0,2,7.9,50.5
1,2,2,4.2,71.6
5,14,6,0.4,10.0
3,4,4,7.4,43.7
6,12,0,7.1,10.4
7,7,5,3.9,23.8
0,8,9,2.8,36.2
3,7,6,1.2,39.0
11,2,5,7.4,25.3
7,8,0,4.2,29.8
10,12,5,6.3,10.0
6,10,6,4.9,10.0
0,3,6,0.9,69.3
3,13,3,0.4,26.2
3,3,0,3.0,71.3
11,5,3,0.1,31.8
11,11,1,1.7,10.0
10,9,2,7.3,10.0
5,9,7,4.6,12.9
6,11,4,5.6,10.0
6,12,2,6.2,10.0
7,10,9,7.6,10.0
5,4,0,1.2,63.2
11,6,2,4.6,23.5
0,9,5,3.1,41.9
7,2,1,3.1,57.7
6,5,9,5.4,18.9
6,10,5,1.6,21.0
1,8,0,5.1,51.5
0,11,5,2.9,31.2
0,4,1,0.9,82.4
8,2,1,6.8,40.2
3,13,2,1.1,27.7
4,13,6,4.0,10.0
10,2,7,2.2,32.1
4,6,6,7.6,23.7
11,8,0,4.9,17.8
3,3,7,5.1,41.7
