lighting_percent,crowd_level,police_proximity_m,open_stores_count,historical_crime_rate,safety_score
43.71,38.63,3677.0,12,6.34,27.0
95.56,34.96,1004.1,5,4.8,49.8
75.88,20.85,1798.5,0,1.9,35.8
63.88,59.65,3350.1,5,4.63,43.8
24.04,47.9,2462.2,12,4.32,36.0
24.04,82.91,3719.0,12,4.1,39.6
15.23,7.89,4809.9,12,3.97,18.1
87.96,62.95,671.1,19,1.03,83.5
64.1,73.67,3576.9,3,1.64,46.1
73.73,73.35,1228.7,4,0.92,69.6
11.85,84.75,2130.9,12,2.14,44.4
97.29,70.61,261.0,8,2.31,83.9
84.92,88.5,765.9,16,2.16,82.3
29.11,34.94,1666.9,2,1.87,34.2
26.36,50.29,1775.7,19,6.28,33.9
26.51,6.27,4508.0,17,6.98,7.7
37.38,5.63,3734.9,24,2.85,29.1
57.23,26.61,4863.7,14,2.66,46.0
48.88,14.07,3035.5,22,7.19,23.6
36.21,28.42,1284.4,0,5.34,17.7
65.07,20.93,1705.5,8,2.56,46.1
22.55,7.57,1667.2,5,6.09,11.8
36.29,86.84,1699.8,17,2.99,58.7
42.97,5.74,3397.5,0,5.03,5.0
51.05,71.25,2701.0,21,8.44,37.0
80.67,18.69,1988.6,6,2.63,48.6
27.97,87.1,830.5,9,7.92,37.4
56.28,85.35,208.5,5,2.79,60.7
63.32,63.85,1172.3,6,4.64,56.8
14.18,65.5,626.6,5,3.96,38.5
64.68,5.48,3948.7,7,6.68,19.6
25.35,93.64,651.2,1,0.61,52.4
15.85,84.0,3648.7,8,5.37,35.7
95.4,85.56,1989.7,24,6.49,63.0
96.91,64.33,459.6,8,4.07,76.8
82.76,36.03,4082.4,6,0.98,56.2
37.42,85.43,2940.2,8,2.16,57.7
18.79,31.24,1255.2,16,5.81,27.0
71.58,55.64,4483.9,2,7.62,15.8
49.61,13.98,321.8,15,3.64,41.7
20.98,87.98,1088.9,15,4.81,46.2
54.57,17.67,3785.0,1,2.02,22.7
13.09,25.24,3576.0,10,3.56,23.3
91.84,55.23,1517.4,15,2.93,69.5
33.29,73.77,403.9,14,5.61,54.1
69.63,60.74,4304.6,0,8.37,12.0
38.05,25.89,1637.1,20,6.93,28.8
56.81,5.08,1059.0,16,1.71,45.5
59.2,73.14,2628.7,2,4.95,42.8
26.64,93.67,4560.1,21,0.66,48.2
97.26,77.89,313.4,21,2.17,82.5
79.76,46.42,3852.4,18,1.55,60.8
94.55,86.34,2905.1,19,2.92,73.6
90.53,41.89,2184.7,6,5.8,53.0
63.81,52.24,3746.0,21,4.29,47.5
92.97,47.94,4832.5,10,7.94,37.2
17.96,45.29,1223.1,17,1.89,49.2
27.64,74.77,803.9,24,3.16,57.6
14.07,52.41,4573.1,13,2.87,27.7
39.28,33.5,3377.9,15,2.08,44.2
44.98,28.23,2246.1,5,8.44,16.1
34.42,8.4,2909.0,1,3.35,13.0
84.59,57.49,3753.5,22,8.0,41.4
42.11,25.7,3887.9,10,3.38,32.6
35.28,18.33,4607.5,10,1.81,30.8
58.84,63.84,2191.5,9,1.1,66.9
22.68,66.31,1537.7,3,7.29,15.8
82.2,72.69,3234.4,16,0.37,69.5
16.71,50.32,2137.1,9,8.2,23.2
98.82,85.46,3013.5,8,3.61,71.0
79.5,89.27,2157.9,12,2.18,76.9
27.88,77.66,849.7,10,5.29,48.3
10.5,62.2,2400.2,9,1.22,41.4
83.39,32.33,3485.5,23,0.71,61.0
73.62,93.47,4016.5,4,7.05,40.0
75.61,29.67,2517.3,2,3.67,36.7
79.41,23.24,909.7,3,4.45,40.5
16.66,44.79,2132.0,2,1.58,27.1
42.26,10.12,3952.8,9,0.62,37.7
20.43,93.06,2123.0,23,3.19,46.8
87.68,57.96,3513.0,12,4.35,51.5
66.1,55.13,2585.3,4,6.53,34.9
39.78,64.02,1282.0,12,4.31,47.1
15.72,49.73,4001.1,23,6.67,20.3
37.99,7.89,512.6,0,1.07,27.7
39.27,60.11,2672.0,24,0.64,51.9
75.66,69.46,1123.6,10,1.43,73.1
67.38,42.51,428.6,2,6.58,40.7
89.85,73.16,2564.4,16,6.48,56.5
52.5,25.43,2547.9,18,1.29,52.0
20.76,24.91,3563.8,12,0.36,38.5
74.19,19.53,3749.3,15,5.86,31.1
78.47,38.48,3666.2,17,7.28,41.3
60.51,81.23,2106.8,22,6.43,49.8
79.39,79.51,3195.3,19,1.8,64.6
54.44,39.45,2927.0,22,5.0,38.2
57.05,58.02,2165.7,18,6.46,42.6
48.48,69.87,3026.3,5,2.25,49.2
12.29,26.71,4741.5,22,4.53,14.1
19.71,20.13,1045.2,6,2.74,41.0
12.83,92.49,4538.3,14,1.99,39.7
67.28,60.58,361.9,4,8.24,40.2
38.29,93.33,1611.1,15,7.77,37.2
55.77,35.4,1511.9,5,3.84,41.0
91.68,68.27,3169.2,2,1.25,58.2
32.44,25.03,743.0,11,6.21,29.5
46.93,28.51,4423.5,3,2.25,30.0
78.0,51.07,4159.9,21,1.52,59.4
30.59,33.77,3295.1,2,3.3,18.4
16.93,20.09,2346.2,15,4.55,26.9
36.08,28.66,4671.5,15,0.92,36.1
24.51,8.22,4170.7,22,4.9,20.5
93.67,68.4,2546.6,18,0.23,81.9
82.73,49.29,3539.2,14,7.59,41.7
67.01,13.48,2878.0,8,7.83,29.7
88.43,20.45,2980.9,19,6.26,37.8
82.33,14.23,1721.8,1,4.02,38.3
26.79,60.13,2364.2,5,2.24,39.3
90.33,13.48,482.8,13,6.35,53.9
58.54,72.89,1851.0,8,7.93,45.8
82.67,6.85,3509.6,9,1.43,54.6
90.65,27.44,4770.8,17,4.01,42.3
38.62,85.16,4819.0,14,2.75,43.2
19.9,69.67,2823.0,3,3.1,36.5
30.51,11.57,3072.4,4,3.51,14.4
48.44,78.9,1010.0,24,8.1,41.0
83.62,49.37,3507.0,22,2.27,59.8
87.47,81.21,446.2,20,4.24,74.4
10.63,59.07,1495.0,5,8.09,15.1
55.97,66.36,3375.0,24,4.1,50.2
47.57,94.42,1620.5,14,7.35,50.7
29.99,25.91,344.2,19,0.59,53.5
20.79,61.16,4176.2,1,8.11,5.0
40.39,46.43,1620.6,15,1.68,53.3
94.86,8.55,409.2,4,8.33,33.1
39.09,6.3,466.5,22,1.57,42.8
56.69,15.73,1333.6,3,3.83,33.4
73.27,63.42,972.3,0,2.69,50.5
42.73,56.04,3894.1,7,3.74,37.3
97.46,54.81,1676.3,20,2.2,66.6
96.62,7.87,4043.0,9,8.21,29.2
32.66,47.24,951.8,14,2.67,52.8
54.75,88.22,2515.1,1,5.59,29.8
37.08,40.78,3471.4,18,1.25,47.0
35.64,61.24,3294.8,11,7.02,28.7
13.32,75.18,3045.5,9,4.66,34.9
64.86,75.55,4631.6,11,8.33,31.9
55.24,51.74,1219.8,20,3.66,51.2
14.63,82.22,2519.2,19,1.74,53.8
35.08,40.22,4431.6,24,3.01,36.5
91.74,84.98,481.7,8,6.29,71.3
31.56,26.62,373.9,7,5.64,36.7
23.04,30.22,1243.2,1,6.64,11.4
54.05,9.78,3201.8,20,0.72,48.9
98.71,76.6,1373.4,23,4.98,68.8
31.78,42.53,1032.2,23,7.93,34.0
70.49,25.62,2348.1,6,1.01,57.0
78.55,25.86,3106.6,3,0.89,47.0
31.39,86.13,1317.9,18,6.12,45.0
75.54,80.05,1573.4,7,2.75,64.4
43.1,54.82,3106.4,23,5.63,37.3
66.91,60.45,4734.1,12,4.68,48.3
67.02,47.69,3406.2,20,8.38,28.9
58.22,40.25,3936.2,2,7.57,16.3
18.13,87.39,1897.4,4,5.8,28.9
85.18,16.31,1434.0,19,2.3,59.0
38.87,42.66,2325.9,7,2.3,40.9
26.79,36.01,4055.0,1,7.51,5.0
13.67,49.83,2335.9,23,5.02,32.3
63.18,46.19,4249.0,9,6.73,35.4
70.98,51.7,4945.0,21,3.88,45.1
11.49,17.59,452.9,15,0.97,41.7
56.09,51.18,322.5,3,2.89,45.2
30.38,26.82,833.0,13,1.45,49.1
68.07,21.59,1983.4,2,6.67,21.9
25.69,10.84,742.1,9,5.98,28.4
72.18,73.64,4366.3,12,0.84,62.3
44.81,43.47,213.4,4,5.32,36.2
94.31,61.4,1647.4,21,7.44,56.2
22.38,70.48,1005.0,16,5.96,41.6
40.7,66.14,4664.5,16,4.39,40.4
20.21,47.35,3380.5,10,2.72,34.9
93.22,39.91,4568.9,18,7.55,39.5
88.96,38.84,4864.4,17,3.65,54.0
33.21,62.6,2535.8,16,7.29,33.4
69.4,49.53,1248.2,10,6.68,51.8
83.55,81.42,1049.3,14,6.96,59.2
59.97,83.72,1192.3,7,8.41,43.0
57.67,20.35,3572.1,11,6.39,28.1
31.77,17.26,298.2,16,0.39,52.7
18.38,61.74,351.7,23,1.83,57.3
90.75,32.11,3079.9,4,0.4,53.9
91.04,6.67,3246.1,3,1.7,41.8
66.98,84.98,3359.8,23,0.62,72.3
40.51,25.42,1922.2,23,4.31,38.4
41.43,88.64,4049.1,10,0.34,59.3
75.34,69.57,2714.8,7,4.07,56.9
90.74,73.64,616.8,15,7.65,57.5
89.84,23.13,4005.8,15,6.39,35.4
80.19,26.08,4770.0,2,8.03,7.6
67.78,51.91,394.2,11,2.0,68.7
17.57,20.49,2017.6,23,4.56,30.0
24.55,32.49,2488.8,12,2.78,39.3
90.87,33.93,817.7,0,4.25,45.6
64.58,19.37,4351.8,3,4.78,25.2
10.83,23.47,1492.3,20,0.4,42.7
19.13,75.97,3936.7,5,2.06,35.0
69.72,20.05,3387.9,4,6.02,29.2
10.46,7.56,3030.4,4,6.59,5.0
24.47,61.64,1041.5,20,4.88,39.2
59.39,92.84,1181.4,24,2.37,69.9
72.27,34.81,332.0,9,3.5,59.0
68.68,15.68,1279.5,18,0.91,59.8
30.18,56.33,1792.7,17,8.11,26.6
74.1,86.57,4182.4,1,7.4,28.6
31.35,75.57,1895.3,15,0.65,58.3
39.29,61.03,3797.6,14,1.5,52.3
77.18,33.36,2253.3,23,4.98,45.3
68.47,53.77,3945.9,4,2.05,44.0
86.43,13.21,4883.7,20,7.95,25.2
69.19,66.11,1275.2,21,6.45,53.8
61.15,70.26,4325.5,8,2.4,56.1
18.43,91.85,3146.9,22,0.15,57.1
43.09,28.44,4104.7,4,6.82,11.5
33.87,6.66,3292.8,4,3.66,19.6
31.96,54.1,2177.4,8,5.5,39.3
97.57,68.61,1217.6,8,2.51,78.5
45.38,76.14,443.2,1,1.3,52.3
90.28,22.44,2724.0,6,5.77,43.0
66.8,28.56,4952.6,0,3.88,12.2
81.53,51.13,3716.4,19,2.08,58.1
55.24,34.75,1704.0,1,1.26,40.4
61.92,82.45,4153.3,24,4.98,47.4
54.33,47.64,3868.0,11,6.19,32.9
27.57,76.96,1480.0,5,2.48,47.9
75.02,57.26,170.1,19,6.28,59.1
35.27,74.58,679.0,18,1.64,63.9
12.19,34.94,4398.8,15,2.94,22.7
68.09,79.83,4199.2,3,6.36,28.0
25.94,29.71,1546.5,17,5.65,33.0
94.64,54.15,1497.5,4,2.37,60.1
95.85,24.26,3985.0,24,1.13,57.3
92.34,47.8,4694.9,21,0.46,61.2
43.31,33.64,3917.8,17,7.14,26.4
11.39,29.0,3067.3,5,0.73,29.5
93.55,92.03,1289.1,24,1.06,87.9
48.54,19.41,2676.2,13,2.1,45.9
97.0,75.86,1244.2,19,3.84,74.4
96.73,93.57,4059.3,16,6.73,60.5
86.77,6.79,1996.1,17,2.18,52.9
36.5,67.91,4185.1,20,4.67,33.4
44.66,27.76,1969.9,9,0.86,48.3
86.6,8.64,4138.3,22,4.0,43.2
38.52,41.26,1733.3,23,1.59,52.8
25.25,89.17,2256.7,18,1.87,54.1
60.11,6.06,3115.9,24,3.18,38.3
94.25,57.91,444.4,17,6.5,66.8
72.64,50.13,4746.2,3,6.35,22.2
61.31,83.6,2910.7,19,3.59,59.1
18.75,12.56,2588.3,14,1.1,33.5
65.35,66.34,4213.0,5,2.46,49.8
99.1,66.21,4342.2,5,4.34,53.0
22.61,65.22,2659.1,2,7.4,8.5
56.65,89.81,4643.6,8,8.23,34.1
88.96,79.08,417.2,10,5.45,63.9
76.67,8.78,654.8,4,3.05,48.5
72.73,47.4,3024.3,13,5.93,50.6
73.22,40.82,1834.9,1,2.92,34.2
42.35,32.91,2374.7,21,5.35,30.5
36.42,45.62,1707.6,18,2.15,50.3
82.84,39.58,2083.2,7,2.34,59.8
82.91,43.91,4131.0,12,0.73,59.7
88.04,93.13,3008.0,18,3.63,64.1
92.19,12.98,4987.0,4,5.29,28.0
56.02,88.0,3955.7,14,6.73,44.9
55.14,48.22,1441.0,3,6.91,37.5
81.85,61.14,1395.3,3,8.44,40.2
68.5,79.72,1745.9,17,0.84,70.1
73.18,37.44,4232.0,23,4.24,43.2
81.62,43.74,233.7,18,4.48,64.7
90.1,41.86,1227.9,19,6.86,51.0
40.42,38.73,4534.1,21,2.34,39.9
43.8,88.3,3235.5,8,0.68,64.2
18.46,79.6,1211.6,14,2.74,55.7
62.05,14.81,1173.8,11,8.36,33.9
13.23,14.73,4326.8,3,7.66,5.0
51.9,43.51,4479.4,2,3.42,22.2
58.84,13.88,1355.0,4,7.46,18.7
35.79,60.72,2160.5,24,0.38,58.4
63.17,17.93,4189.5,16,2.74,39.0
12.75,52.01,3877.9,4,6.21,9.3
13.36,5.65,4088.2,3,1.96,13.7
84.03,33.49,2640.2,20,1.77,65.1
42.42,65.95,4566.6,6,7.34,18.7
21.44,48.56,1697.2,6,5.27,28.8
57.0,93.04,867.7,6,8.41,44.0
79.3,83.67,3572.8,16,1.23,71.0
29.42,37.32,2742.8,24,3.09,31.0
66.06,9.09,4287.5,14,2.71,34.4
17.68,81.11,497.7,6,7.49,32.9
14.65,87.01,4234.1,14,2.24,44.4
57.82,78.86,1537.1,19,3.07,63.3
58.66,16.52,3308.8,3,1.3,36.4
67.37,94.81,296.6,1,6.61,46.0
75.35,28.27,3086.9,21,2.1,57.6
97.83,70.18,3614.6,12,0.67,79.4
56.47,86.72,1906.9,11,3.75,58.4
39.07,26.21,1155.5,9,3.39,46.4
81.57,86.74,2734.4,18,1.59,75.2
34.37,32.85,4182.6,14,1.22,46.8
49.51,92.88,1685.4,16,7.63,44.7
17.06,30.31,1337.1,20,0.67,45.5
12.28,90.81,1466.8,5,0.93,47.3
96.64,9.82,4750.7,4,2.16,36.8
85.24,68.83,1860.5,20,8.1,52.4
72.64,52.89,117.7,12,0.82,75.9
46.81,48.01,3930.2,13,6.95,29.9
25.6,25.11,3526.4,23,7.59,16.1
24.08,68.5,730.0,13,3.27,50.5
32.52,22.17,4926.0,14,2.57,27.5
59.43,54.76,3079.5,15,5.79,39.0
74.31,27.79,2553.8,9,6.0,39.6
69.42,91.01,1972.9,0,6.65,35.7
35.19,7.58,4503.5,23,7.08,12.0
95.94,22.98,1295.4,10,2.35,68.0
76.41,26.81,1500.3,6,5.87,43.7
59.89,42.27,699.8,16,1.23,69.1
65.05,25.95,3819.7,24,4.39,35.7
47.76,49.22,3018.2,3,5.25,25.4
32.3,83.52,3084.4,6,1.46,47.1
42.04,69.09,1170.5,2,0.74,53.5
78.21,57.2,3290.7,23,1.74,60.9
11.3,13.01,3850.7,19,3.63,22.6
20.45,67.46,1853.7,13,7.56,34.5
14.14,19.98,4026.6,17,4.57,19.1
13.67,75.77,1809.1,17,6.39,35.0
86.99,27.51,3814.9,23,1.56,56.7
73.33,42.53,265.3,23,0.99,70.8
52.68,36.54,2800.7,0,2.11,27.7
18.81,82.29,4850.7,5,2.74,30.2
54.25,16.39,4908.1,8,4.7,32.5
52.61,55.91,1480.6,24,7.5,37.1
25.59,17.79,2262.9,1,3.68,14.6
49.05,68.43,408.6,7,4.46,56.7
45.87,86.46,4379.4,23,0.14,58.8
65.43,44.11,2886.0,19,0.38,62.3
67.16,48.93,1987.0,3,0.8,48.0
14.08,88.47,652.6,20,5.97,47.5
43.72,51.89,4739.2,9,4.18,38.1
66.33,48.88,2698.1,22,1.72,58.3
55.28,57.05,1486.3,0,5.08,27.3
87.08,67.03,1816.1,10,4.67,66.0
69.28,14.62,1426.4,8,0.85,55.8
24.66,78.9,3048.9,18,5.48,34.0
16.35,44.2,4656.8,10,6.54,15.1
67.82,11.51,4297.8,3,2.51,32.7
12.39,75.76,2355.9,22,5.87,35.2
62.72,38.93,4149.8,4,1.78,36.9
94.62,14.03,2173.2,20,6.46,40.3
61.79,62.04,1336.3,16,7.76,44.8
44.94,84.21,4918.7,17,3.81,44.5
67.9,84.9,1589.0,4,2.15,60.9
51.24,91.19,1686.2,17,3.45,67.3
59.11,83.09,4949.5,16,2.2,53.6
94.73,5.19,756.2,2,0.11,49.2
44.75,39.22,3826.6,10,5.56,29.5
96.51,78.67,4685.5,16,0.46,74.5
91.48,37.96,2607.8,7,1.87,63.2
27.62,59.14,112.4,23,6.17,41.9
16.24,59.57,1937.8,7,5.69,29.4
19.07,37.85,646.7,22,0.72,45.0
11.64,86.4,2139.3,22,5.64,37.6
18.5,50.29,3971.1,1,7.92,5.0
71.47,46.83,2249.7,24,0.73,65.9
16.41,94.78,2216.4,6,3.59,44.5
38.71,49.42,2828.3,20,6.23,36.5
86.04,21.06,2950.3,19,5.71,40.7
12.09,51.18,4295.9,23,2.0,29.0
83.3,78.26,1610.9,20,1.47,75.4
35.37,74.92,4126.2,5,6.69,21.5
20.63,75.97,2873.1,19,8.13,23.8
72.71,68.72,1572.6,17,6.55,57.8
66.6,27.88,1546.1,6,8.19,30.9
88.97,82.59,1869.6,17,5.18,72.1
76.16,85.41,3151.2,11,7.9,47.7
82.31,22.47,1231.0,6,5.9,40.3
35.38,16.74,4609.6,6,7.73,5.0
25.97,92.8,2917.1,0,1.46,38.6
77.56,83.15,4608.1,9,6.95,41.8
82.62,85.39,327.4,9,1.75,84.5
99.15,84.77,1778.8,11,0.33,86.6
47.14,53.75,211.8,2,4.45,35.7
43.48,63.18,1434.0,2,2.77,44.7
79.88,54.08,4323.8,12,0.47,60.8
40.67,9.61,279.4,12,8.33,23.9
93.77,72.1,2237.1,5,5.7,54.2
87.26,50.48,676.1,2,7.68,37.1
48.61,63.29,2142.5,14,8.49,41.2
77.58,50.24,4210.4,8,3.39,54.2
77.91,49.26,3153.0,20,2.24,57.4
19.28,20.46,3710.1,5,1.64,22.3
91.23,30.08,1810.6,5,4.43,43.2
55.47,19.3,4727.5,7,5.19,25.1
84.38,22.61,3575.4,10,4.07,44.4
38.8,92.57,2166.8,18,3.35,56.6
90.6,18.78,2189.7,15,1.51,56.4
45.03,29.23,4601.6,8,3.81,31.2
10.98,58.15,2924.4,22,0.82,48.9
91.48,59.92,3561.3,10,7.37,47.1
18.22,18.86,2143.5,15,0.49,38.5
38.74,76.43,1196.1,5,3.3,48.8
95.51,75.67,3645.4,16,0.94,74.3
95.55,26.36,3078.3,15,6.61,51.2
61.61,30.98,2556.6,19,2.73,48.5
66.87,89.42,3157.7,20,1.05,65.8
50.36,79.31,1120.6,17,4.56,57.1
36.39,67.8,3990.3,0,7.8,7.0
39.58,12.4,4746.0,17,7.73,12.6
70.53,42.64,4466.4,7,2.2,49.6
77.71,55.34,1675.0,21,6.15,58.7
81.24,21.87,2089.4,9,0.35,62.5
81.07,45.34,4061.2,1,1.21,39.7
18.21,59.09,3016.1,8,4.3,28.5
54.5,34.46,2784.8,23,2.02,51.5
15.18,75.29,4640.5,3,6.81,6.6
59.46,80.64,2726.5,10,7.92,45.0
49.74,34.12,2623.2,9,0.14,53.5
89.89,80.48,305.9,13,2.06,88.3
41.58,14.32,440.1,6,3.79,33.8
20.54,80.4,136.4,18,4.83,52.9
22.87,18.75,4574.9,5,7.79,5.0
78.54,12.46,2101.1,15,7.59,37.2
65.64,62.76,2396.0,18,5.45,46.6
19.1,47.47,4242.4,18,2.26,35.3
17.57,86.71,3085.3,12,6.68,32.5
73.09,37.69,3086.6,11,1.8,50.9
16.55,30.84,1553.0,24,8.21,23.2
83.97,50.07,4186.2,21,0.15,63.6
73.56,46.04,912.6,14,4.89,60.9
17.32,36.0,360.4,7,0.84,48.0
17.64,67.44,1038.9,3,3.52,37.0
98.8,73.36,1411.9,19,5.43,65.7
43.68,81.77,1483.3,7,5.89,47.3
43.36,92.56,3385.5,22,6.7,41.8
83.15,29.0,1167.3,20,5.08,52.9
95.25,69.45,3415.6,15,2.21,66.7
98.74,40.48,546.5,15,7.57,46.8
77.8,65.94,821.3,1,6.91,36.2
43.86,47.84,2593.2,21,1.44,54.0
17.52,94.44,4617.3,16,7.04,22.4
79.94,70.6,4311.9,22,8.27,35.9
60.26,90.72,4846.9,24,5.45,41.0
48.18,80.15,3287.3,4,2.47,45.7
91.57,86.26,3411.5,4,5.2,49.1
20.01,78.3,3162.6,11,2.98,47.2
54.34,46.32,3151.8,6,5.78,35.0
11.02,27.66,820.9,4,4.68,21.7
52.18,38.33,2764.3,3,7.91,17.5
15.07,6.82,1991.7,16,5.29,18.2
20.69,52.16,2268.4,5,1.9,34.8
20.58,50.46,2665.6,13,6.19,29.6
68.43,52.27,729.1,8,2.63,67.6
77.14,92.66,1861.5,3,2.39,64.0
62.5,87.03,410.9,10,3.39,68.7
96.6,19.55,4900.4,19,0.2,57.2
43.74,38.2,680.8,20,8.24,30.5
35.71,43.16,1366.8,15,4.57,44.1
88.17,37.45,4467.3,15,6.6,33.4
30.12,76.86,2465.3,15,2.27,45.4
96.69,52.16,764.6,5,6.37,48.0
11.09,56.49,1982.7,14,4.86,26.6
97.29,81.77,667.8,2,3.66,68.1
13.88,77.53,1081.1,8,8.25,33.4
90.2,16.9,354.9,0,4.25,35.9
57.49,69.25,2247.3,10,5.62,48.4
99.37,44.19,4052.5,21,0.23,73.2
16.64,31.52,2971.2,5,2.63,26.6
59.85,9.5,3071.1,23,7.57,30.9
97.24,48.85,1082.9,4,6.48,48.9
57.08,36.99,1785.1,24,4.61,44.0
66.65,27.64,4241.7,24,7.66,23.2
72.62,67.52,530.5,17,4.18,65.6
50.91,74.25,4303.9,20,4.86,45.0
66.48,27.03,2470.1,11,3.31,48.9
62.59,9.45,4202.0,6,5.31,22.8
91.1,81.39,1658.2,1,2.78,62.1
14.09,5.9,1760.3,6,3.34,24.3
35.29,89.34,3782.9,8,8.22,30.5
95.54,61.49,3946.5,23,1.03,67.1
90.12,33.97,1225.3,24,0.98,70.9
51.01,27.18,4867.1,19,0.46,45.0
65.81,5.81,514.0,7,2.79,47.8
34.96,26.19,435.7,8,3.45,41.3
26.93,17.4,3018.0,9,0.89,37.1
51.73,60.09,3641.4,11,4.71,41.9
41.8,19.99,4808.3,1,5.0,9.5
62.53,52.58,2084.2,9,6.41,40.8
17.0,58.11,223.9,2,8.3,16.2
97.7,31.82,3054.2,0,5.3,30.5
98.76,8.16,1519.5,16,1.04,66.2
72.83,8.35,2221.4,21,0.84,60.4
58.25,7.37,2493.5,0,6.63,9.3
37.86,71.52,416.1,4,5.56,37.3
83.24,33.62,2481.3,13,1.46,65.2
71.63,76.67,2189.0,5,2.23,62.6
24.64,43.86,3591.5,8,6.4,19.8
91.98,45.77,3263.8,21,4.86,50.0
84.03,51.16,1007.6,13,5.01,61.9
95.48,69.17,1110.1,3,1.86,67.1
75.31,29.62,1329.9,0,5.38,28.2
65.21,15.94,976.9,5,6.57,35.6
47.64,55.05,3320.3,6,7.54,24.0
93.95,34.43,4972.7,20,6.29,40.9
87.95,44.82,3295.3,5,4.94,47.5
14.07,63.23,3072.7,23,5.76,27.3
12.37,49.47,2108.6,0,4.17,8.2
43.88,60.83,1631.6,7,2.01,53.3
82.95,53.98,4564.3,11,7.51,38.6
98.85,71.58,4848.1,10,4.57,60.1
23.54,68.53,2534.2,1,5.09,18.3
63.47,53.08,1522.0,1,8.42,27.6
44.28,66.1,3873.6,23,8.37,23.3
97.29,83.62,749.0,1,5.03,57.4
85.79,43.9,3851.4,7,0.39,61.0
85.45,42.15,4112.8,20,3.43,56.0
52.18,73.78,712.0,24,7.97,41.5
47.33,57.43,4886.6,24,2.52,43.8
34.61,11.39,4929.0,23,8.49,5.0
15.07,85.29,4689.9,24,0.81,49.6
87.83,7.77,2530.6,6,4.87,38.0
83.16,72.36,1305.8,15,4.43,67.7
99.97,73.29,2951.8,23,2.24,71.1
99.7,90.78,2157.7,21,8.07,61.3
59.99,9.87,1109.1,8,5.3,39.4
79.21,58.72,2176.0,15,2.03,65.4
95.03,43.51,3353.1,1,3.33,35.6
86.47,34.76,447.5,2,6.16,41.9
32.26,13.13,1733.7,1,2.6,17.8
50.55,55.64,187.2,21,7.49,41.3
21.62,48.11,3772.5,18,1.49,34.6
95.86,14.41,3239.4,16,2.32,52.9
64.56,60.12,407.1,19,1.32,72.9
30.58,71.42,4827.2,20,0.98,47.2
70.45,74.06,210.8,11,2.62,75.1
65.63,86.48,2990.8,10,8.49,39.8
42.23,41.85,3904.2,19,0.89,47.1
20.22,90.78,3960.7,21,1.89,45.5
70.44,82.89,268.0,18,2.38,78.8
56.83,31.69,4541.4,5,5.3,24.9
79.51,19.34,4600.4,9,6.36,30.0
56.81,44.19,2850.8,13,6.42,40.2
86.7,41.17,2462.2,0,0.17,51.7
59.67,56.81,319.9,14,5.58,50.1
60.48,57.5,2853.6,5,5.4,32.7
88.9,72.5,2106.0,12,4.45,61.2
46.31,50.89,3886.8,23,3.29,46.8
22.06,14.43,2079.0,13,6.8,16.2
12.59,82.25,3449.5,12,2.99,46.3
77.96,32.88,596.9,23,2.03,62.8
65.83,92.42,751.5,15,2.7,70.1
73.37,15.61,784.6,0,3.79,35.8
29.17,91.24,323.1,13,1.9,67.9
22.27,13.19,2752.5,12,5.2,23.5
11.31,25.79,3990.4,22,7.53,10.1
41.55,9.19,3091.0,9,5.1,24.2
63.09,68.46,2917.3,9,3.85,56.5
45.3,81.53,3435.1,3,6.79,26.9
49.37,44.07,1764.3,13,6.38,37.8
91.37,88.57,1873.6,11,3.18,75.8
41.34,58.13,1639.9,21,5.17,47.5
56.26,61.7,3589.3,5,6.23,32.6
80.53,81.09,892.0,14,2.16,70.8
45.69,31.71,163.8,4,3.18,44.8
65.99,36.88,3021.4,9,0.99,59.2
87.61,86.54,4717.7,8,8.4,42.9
95.46,86.09,3086.1,9,0.82,80.1
23.24,92.88,3936.3,23,1.52,50.6
93.39,86.17,3396.7,11,4.13,60.2
54.29,16.46,2537.4,21,7.37,26.0
33.24,79.14,3620.1,3,3.09,32.5
51.32,41.89,4138.1,3,6.56,16.0
98.2,94.17,1201.2,12,5.78,71.3
54.34,47.51,1747.0,24,5.46,46.8
39.59,54.85,1196.3,13,7.2,35.2
67.01,52.68,2315.6,11,0.22,69.3
31.61,33.96,4436.8,12,7.9,16.0
16.83,11.75,1791.5,19,7.07,21.0
21.6,85.61,1934.9,12,7.98,38.5
21.52,77.24,4315.8,22,6.77,31.1
23.67,17.56,2625.3,21,7.48,12.4
22.49,74.91,2723.7,1,1.81,32.9
67.68,61.33,4317.9,20,2.78,49.9
26.37,41.82,2503.6,18,2.75,49.9
41.11,27.86,3439.6,8,1.02,45.9
90.71,82.38,519.7,9,6.23,72.7
52.66,68.02,975.3,16,1.24,68.5
70.08,54.3,2081.4,9,0.54,60.0
25.51,59.86,2524.7,19,6.61,28.3
27.31,13.2,4832.1,12,7.7,5.0
13.68,47.65,4856.2,19,6.52,13.3
25.2,22.43,4270.9,24,7.03,13.8
35.07,23.75,1646.4,0,5.1,15.3
25.93,64.52,4823.7,1,7.56,5.0
17.98,87.01,3477.8,16,4.27,38.5
20.86,41.34,2025.4,12,8.4,18.7
51.47,23.7,3538.2,16,0.97,50.5
28.57,63.39,181.0,12,6.9,42.8
42.78,83.41,816.2,16,5.49,52.8
55.31,72.35,4165.5,18,4.98,44.0
72.14,83.19,3263.3,13,6.2,46.2
13.54,53.29,1884.6,19,7.16,27.5
81.95,72.67,2553.3,9,7.35,49.7
66.51,17.61,4535.2,1,1.57,24.1
17.36,36.34,3194.7,13,1.76,40.2
88.62,40.06,2050.9,16,0.24,72.8
92.88,51.02,689.6,4,1.21,66.3
15.5,88.62,1539.4,21,2.32,51.5
34.92,83.69,4893.9,17,6.16,33.1
82.56,17.11,2243.1,2,4.1,35.7
77.34,20.55,2412.0,15,6.47,40.0
26.61,37.19,2543.1,18,4.19,30.2
28.84,31.17,4432.1,17,4.77,20.3
43.34,60.33,3059.2,19,1.03,52.2
53.61,86.25,3499.0,4,6.62,32.6
65.64,91.61,2008.1,7,6.47,52.6
43.2,63.82,242.5,5,2.68,52.7
51.63,80.43,4661.8,14,2.86,49.2
77.27,52.27,4750.7,24,1.95,59.9
13.3,23.75,4750.8,2,6.94,5.0
32.72,52.22,4724.1,8,6.37,26.9
74.2,54.96,4094.7,10,5.22,46.5
90.57,71.82,3454.5,19,2.11,68.7
56.05,24.79,4238.1,23,1.54,44.7
57.89,38.15,3042.7,22,0.52,56.5
19.65,37.76,758.4,13,0.48,54.0
50.27,91.35,2017.0,22,1.67,63.6
57.94,44.96,4859.3,8,0.94,50.9
31.82,72.96,1820.6,9,4.77,45.9
34.23,72.57,4352.4,14,3.11,36.4
43.96,28.9,556.7,17,3.84,47.2
11.81,56.47,1737.5,20,5.09,29.6
38.99,85.49,1819.7,18,5.64,46.4
29.03,47.77,352.9,6,5.54,35.8
39.47,90.06,683.6,18,2.29,61.1
20.78,24.3,1046.5,4,6.9,14.8
90.15,11.67,4205.3,20,7.81,30.5
63.42,85.23,410.7,17,2.75,74.5
71.12,81.29,1563.6,0,0.24,56.7
81.03,94.33,149.9,11,7.65,65.4
54.86,66.15,3508.6,5,7.86,26.4
17.82,89.3,3139.5,12,0.53,52.9
58.34,79.43,3260.4,16,0.14,61.7
62.82,81.0,1934.5,8,6.96,49.8
77.09,56.22,1120.5,20,2.63,69.6
48.85,39.41,3629.6,0,7.78,5.0
21.48,89.11,4074.5,11,1.92,46.1
35.54,43.89,779.1,23,7.33,34.4
42.68,53.49,2485.5,0,0.68,39.3
68.13,45.15,1318.7,3,2.29,49.4
61.37,55.83,923.7,6,8.27,38.6
42.05,47.35,3698.2,19,2.04,44.6
98.79,9.32,2736.7,4,1.22,50.2
64.52,84.38,1159.3,22,7.3,50.1
31.35,45.0,1619.0,19,1.09,51.1
19.16,58.0,4836.6,4,0.92,29.8
23.76,17.53,4258.5,6,2.82,21.2
32.14,5.3,4411.7,16,5.44,20.3
24.46,27.08,2354.1,11,6.07,27.5
26.79,68.41,3156.7,14,7.5,31.3
35.66,13.93,1946.2,2,4.64,10.8
25.6,86.8,480.8,16,3.4,61.6
90.71,24.35,2065.2,13,3.11,59.5
17.22,23.41,3010.5,14,7.21,15.8
57.21,21.34,1507.0,14,6.18,40.4
46.94,6.26,4255.0,14,7.71,14.1
98.41,74.46,840.4,18,8.2,57.8
20.08,83.75,1898.9,10,2.62,55.5
45.81,60.27,712.0,17,4.55,50.0
97.25,21.94,2083.7,20,5.41,49.3
87.9,30.68,294.3,9,1.48,71.4
83.54,47.83,1435.5,20,0.55,72.4
33.21,90.89,2063.6,8,7.39,40.2
25.38,27.26,2443.0,23,4.6,29.5
70.18,70.85,2764.1,2,4.89,43.1
93.64,44.55,1447.5,0,4.76,42.8
60.11,31.81,2662.9,20,6.44,33.2
61.45,46.03,2594.1,10,1.32,55.8
35.2,11.41,1649.3,15,5.26,29.0
79.25,76.88,4168.0,2,4.04,40.0
26.83,26.9,2773.6,20,7.63,16.8
39.13,70.29,1728.1,8,4.46,45.4
48.29,11.15,4742.0,10,8.02,13.5
55.68,90.96,4241.1,16,3.07,53.2
31.82,22.37,4914.7,0,8.22,5.0
20.34,84.45,3491.9,8,7.45,29.6
64.96,77.85,1953.3,2,5.01,44.4
35.98,92.11,1476.2,9,3.07,58.2
62.31,48.01,3350.3,4,3.26,44.4
23.89,70.47,4906.0,24,6.59,29.9
53.3,38.36,3170.9,10,4.98,39.6
57.93,21.59,4419.9,4,3.47,24.4
14.66,44.88,1712.6,11,5.44,31.3
40.29,19.92,2094.1,13,6.26,25.1
22.1,93.38,4540.7,11,0.29,49.3
15.7,13.66,3808.6,18,0.85,25.6
99.1,58.03,4908.9,8,0.89,64.5
39.01,61.38,3896.3,6,2.05,37.5
82.89,53.43,2297.7,15,3.69,62.1
32.92,64.6,2702.2,6,6.85,25.6
71.34,15.46,4512.5,13,3.05,40.9
78.42,54.95,2803.1,7,0.25,68.9
63.61,30.85,1351.4,20,4.16,53.5
52.44,89.62,2234.5,17,8.47,41.1
47.07,73.59,2629.9,24,3.03,54.7
41.4,92.53,573.9,2,8.17,32.7
93.66,8.38,3744.4,1,0.95,42.9
84.76,30.66,635.8,4,1.55,61.7
96.85,22.59,2084.1,7,6.18,51.0
21.19,6.0,4042.6,18,4.31,12.7
75.78,26.81,2391.1,21,6.53,38.8
94.45,66.09,4225.9,8,7.35,50.0
26.31,25.8,1775.2,1,2.21,25.1
15.98,50.81,4792.4,14,5.84,18.3
76.7,84.9,1126.4,7,5.2,61.4
61.7,67.44,287.5,9,7.34,54.0
85.76,40.52,4374.9,6,3.71,38.7
22.58,38.52,3785.8,18,0.54,42.9
81.57,46.02,1236.7,0,4.92,38.1
28.15,20.93,4925.2,21,8.15,5.4
24.73,62.06,2561.2,1,0.22,37.2
24.78,37.77,4760.2,2,2.12,15.5
83.31,81.71,2574.6,13,2.75,69.7
69.87,73.09,2412.2,14,6.53,50.1
57.08,59.95,2300.8,20,2.82,58.1
42.29,37.78,1740.9,13,2.11,50.4
88.95,23.89,2715.1,7,5.55,38.6
45.32,74.85,2317.5,17,0.49,59.4
83.49,48.78,280.1,21,1.53,71.7
49.52,25.23,1376.1,16,3.53,47.2
43.92,22.57,1144.3,6,3.09,42.3
51.64,19.89,4350.4,19,3.02,40.1
37.12,74.94,3034.5,0,1.01,33.0
77.28,25.61,3842.0,8,3.13,51.1
55.24,52.4,4788.4,8,6.8,23.7
30.9,45.64,3255.8,10,3.58,36.7
90.96,57.16,4914.8,18,5.02,49.6
44.55,83.94,1627.6,5,1.47,58.1
58.92,83.1,1012.7,6,0.69,69.0
91.58,45.6,2076.2,14,7.49,49.3
66.18,6.38,2406.9,19,2.88,41.3
20.52,43.38,4487.3,5,3.04,24.5
94.58,59.56,2843.7,8,7.47,51.2
66.49,55.2,1531.7,14,6.05,50.9
40.14,63.62,3738.9,21,6.45,31.6
22.53,18.87,2578.6,22,5.83,20.9
81.46,63.19,894.4,5,0.99,71.3
65.81,21.44,2926.4,6,8.15,27.9
58.01,72.55,4565.8,16,7.74,28.9
90.45,35.52,4228.9,5,2.08,44.5
80.97,68.89,2975.4,8,6.85,50.5
23.65,9.31,1947.7,2,3.54,14.4
38.05,41.71,526.2,13,5.84,41.6
32.36,68.45,2401.3,5,1.49,46.0
76.96,25.42,3785.2,3,4.62,31.3
13.02,76.58,1865.3,15,1.16,51.3
61.29,61.77,1253.7,22,4.6,52.1
78.62,57.88,4663.8,15,2.15,53.5
88.91,36.82,4125.6,22,3.9,49.7
40.79,48.42,3227.6,8,5.71,29.7
83.91,58.76,770.2,3,7.47,42.2
19.96,47.52,810.1,7,1.49,48.1
86.18,67.85,605.8,23,7.6,57.0
21.47,44.03,3119.9,7,3.38,32.4
45.76,23.2,666.3,23,7.19,29.2
81.76,24.25,4228.9,5,4.41,32.0
23.49,5.52,4965.5,7,7.34,5.0
30.63,32.09,1895.1,5,5.67,26.5
75.0,72.4,2323.0,13,4.37,66.7
74.8,76.47,3587.2,13,2.73,58.8
67.7,23.22,4692.0,17,8.24,21.2
72.46,91.31,4481.1,12,6.83,44.3
58.85,50.22,382.2,14,3.3,60.7
32.66,87.53,928.5,2,1.5,47.5
41.11,68.61,3797.5,5,6.65,26.4
26.34,70.02,3475.6,22,8.42,25.4
91.76,12.65,752.8,19,2.44,60.0
62.51,24.8,2560.1,16,7.79,31.4
46.08,5.79,3926.0,19,1.15,32.5
51.58,69.45,1172.0,15,8.1,41.6
95.26,36.0,4369.3,5,6.36,34.1
23.8,75.8,359.6,7,3.01,52.1
62.76,35.5,3932.8,12,2.66,44.9
55.53,78.74,3117.5,12,5.5,45.9
65.03,16.76,1644.5,19,5.09,41.8
11.63,20.6,3632.6,16,7.82,8.0
88.49,35.68,3933.6,20,6.54,42.1
93.89,41.76,4676.1,22,4.64,48.7
60.86,36.38,1902.1,21,7.89,33.4
72.7,73.73,3461.5,2,5.08,40.5
93.02,13.73,3052.8,12,7.24,43.0
73.65,36.61,2673.5,6,7.16,30.3
23.73,80.35,4463.0,19,7.82,23.7
61.87,11.01,115.5,4,0.67,50.2
64.6,89.81,1482.3,10,5.0,64.4
48.17,93.77,2737.6,22,4.03,55.2
76.28,12.97,973.6,17,4.22,51.4
94.09,31.21,4548.5,3,3.96,37.7
93.3,38.52,3273.2,19,7.13,43.3
50.58,74.88,2441.6,21,2.77,62.0
20.19,58.63,4092.0,6,3.99,27.9
98.64,62.99,2309.3,3,1.79,65.1
85.5,73.18,2837.4,9,2.21,68.5
21.22,15.62,113.5,0,5.65,10.7
92.88,79.99,1891.9,16,1.08,83.6
88.29,68.51,780.1,4,1.68,71.2
56.7,56.96,3479.5,16,4.54,40.5
63.21,85.08,2447.2,2,0.47,57.4
45.91,68.03,1578.6,8,1.17,64.1
14.93,23.15,2392.4,2,7.35,5.0
40.17,43.68,1127.2,2,7.21,21.4
82.26,49.46,4632.9,8,3.02,51.8
10.42,9.97,364.5,4,3.02,17.4
40.01,90.92,4340.5,23,7.97,27.6
45.84,16.57,2605.7,9,0.32,51.6
58.37,67.77,3132.8,14,4.97,46.7
92.79,50.56,1582.8,24,5.12,61.4
41.17,7.31,4836.8,11,6.72,13.4
41.23,88.23,1481.1,5,8.09,32.3
76.38,81.67,2985.5,6,3.09,58.0
50.7,52.18,4967.7,6,3.78,33.7
30.21,25.6,4417.4,22,5.74,20.5
50.72,15.95,2728.0,3,8.23,16.1
22.68,37.71,4952.8,12,7.58,9.6
25.87,27.99,3536.7,14,5.7,27.0
54.85,50.6,1122.6,17,7.3,39.2
47.7,91.98,2087.4,17,0.82,70.0
92.34,56.75,1739.0,6,3.27,63.6
42.62,85.09,1785.7,9,0.21,67.9
62.25,63.58,3826.2,15,1.59,56.8
66.9,47.77,2962.9,22,5.4,42.8
11.18,81.91,286.7,22,7.54,39.6
69.72,47.42,4399.5,7,5.42,34.7
26.02,83.18,1554.3,18,5.68,44.8
96.5,31.24,4985.7,10,0.97,60.5
23.38,16.59,4775.5,20,5.68,17.5
47.32,81.98,4708.6,5,3.92,39.9
17.68,57.87,4074.5,23,5.57,26.6
99.72,85.02,1181.0,23,2.84,79.6
55.2,89.4,2709.9,9,4.98,51.0
63.58,9.83,1199.1,18,3.66,43.7
16.04,50.09,1372.4,13,4.79,32.2
77.5,38.75,3093.7,19,1.34,59.8
28.89,61.33,300.1,5,3.42,42.6
90.82,76.42,4850.3,3,3.24,51.2
28.46,30.25,4601.5,19,6.29,15.4
27.16,55.11,1965.8,14,6.03,34.6
13.29,68.79,2625.6,4,7.73,13.5
52.49,17.1,2384.0,15,5.41,30.0
60.84,78.27,4422.8,6,2.74,51.8
15.91,59.55,3474.1,1,6.68,7.8
79.8,90.46,1462.7,12,4.27,72.2
50.8,35.56,2289.5,1,1.73,35.8
57.2,14.73,2201.9,8,6.38,30.3
49.67,50.59,4800.7,19,1.21,44.4
46.07,12.72,959.0,4,1.6,41.2
60.37,92.26,538.9,2,6.47,49.0
23.97,8.48,4415.0,1,6.57,5.0
26.37,72.82,4493.8,13,6.74,28.8
87.56,52.26,4371.5,7,2.56,53.2
95.15,38.18,2603.8,19,7.38,49.9
43.6,10.93,3332.7,11,6.17,21.8
34.37,61.0,2860.5,16,7.11,31.7
67.96,57.67,440.3,15,6.05,54.2
46.79,30.28,3019.6,5,4.97,29.6
12.28,86.92,166.7,5,1.02,57.0
24.05,32.37,1692.4,17,6.07,24.1
74.44,45.48,4668.2,1,5.9,24.6
69.3,53.94,1589.8,7,2.72,66.5
12.44,14.02,4705.2,22,6.28,6.0
29.98,88.89,1325.7,13,4.72,50.5
30.8,38.71,1641.4,1,4.8,23.3
70.47,12.27,3179.2,16,3.19,44.1
11.77,39.86,3832.0,23,1.08,35.0
19.37,59.02,2556.8,15,1.92,50.3
81.99,51.23,4422.4,17,6.56,36.8
26.07,67.51,297.2,20,2.38,54.1
68.75,9.99,4618.8,5,0.12,41.4
31.44,30.61,1061.9,16,8.47,19.9
18.95,78.73,4432.8,17,1.87,40.9
31.89,12.19,2064.2,13,5.61,25.2
75.0,81.99,4180.5,9,7.89,45.3
87.01,13.27,3391.2,3,5.14,31.8
84.72,80.1,962.1,17,6.81,56.9
45.75,37.47,4598.4,10,8.3,15.9
70.13,60.1,1303.0,21,7.33,46.6
28.45,18.76,1296.3,15,4.79,32.1
36.38,10.96,4089.5,3,3.16,12.3
90.67,24.43,618.8,18,4.15,62.2
11.17,16.51,1188.0,5,7.17,8.6
17.7,33.12,2568.0,24,7.27,20.5
28.71,51.29,4169.3,7,7.21,18.5
12.39,57.99,822.7,17,5.12,34.7
26.33,76.09,2783.6,18,4.11,46.9
62.47,64.06,3585.1,17,2.72,58.3
47.93,59.79,4316.9,15,0.13,54.9
90.34,42.06,4684.3,6,6.52,34.9
83.57,47.64,3944.7,24,2.43,53.7
40.76,42.31,3298.9,16,2.87,44.8
33.35,80.79,2224.7,2,7.19,25.3
44.17,25.7,649.3,21,0.54,55.0
63.13,5.51,3577.7,14,7.89,19.5
34.13,63.62,4964.4,3,0.11,36.5
66.17,23.22,3710.1,15,7.99,22.6
46.85,85.11,181.9,13,3.92,61.3
59.68,82.31,2531.7,16,0.96,64.9
49.25,11.91,3111.8,8,5.76,24.6
36.5,14.57,3479.4,6,7.63,8.7
95.36,49.57,3626.7,13,3.78,60.7
78.72,59.83,2834.7,22,5.91,45.2
22.61,29.74,1194.5,11,8.33,22.7
88.16,69.51,4716.8,16,2.12,62.7
53.87,58.54,3513.7,8,6.99,37.9
90.51,34.23,1260.5,11,2.58,66.9
81.99,7.28,1679.4,11,3.68,49.8
48.27,72.51,4617.4,7,2.47,43.0
12.02,24.33,4448.7,9,3.85,22.0
34.18,80.1,2085.2,11,0.14,64.6
58.75,42.83,287.7,4,2.65,49.4
67.01,56.94,337.6,19,3.84,65.6
33.21,83.57,1491.2,0,5.41,26.3
22.54,82.73,3182.7,8,5.45,36.7
85.14,38.44,2962.6,14,5.0,48.2
98.6,23.8,3205.8,23,2.56,60.3
57.31,74.76,3614.7,1,8.06,15.6
25.45,43.98,193.3,3,3.39,33.9
34.51,22.28,614.9,3,1.92,34.0
11.66,86.4,1861.5,22,4.76,42.4
92.29,22.83,858.8,2,6.39,38.4
20.6,7.32,469.1,15,0.2,43.1
61.89,6.83,3240.7,7,2.42,40.6
34.66,61.01,4095.1,6,7.03,17.0
59.88,64.55,3787.9,11,4.36,53.3
68.63,32.99,4103.5,11,3.53,42.0
84.68,33.8,3362.7,3,7.92,27.6
28.58,35.55,3703.2,14,0.85,41.7
10.99,66.21,1431.7,24,5.27,37.0
22.32,10.23,4965.7,5,2.97,9.1
91.0,88.62,997.5,2,0.69,75.1
88.65,25.03,1151.0,6,1.9,61.2
63.77,94.97,1515.7,21,5.37,62.6
64.05,20.44,4879.1,23,0.34,46.6
69.85,74.44,4942.6,20,5.07,45.9
25.78,25.11,3995.0,5,8.14,5.0
92.3,12.28,3182.4,0,6.78,18.5
47.69,83.74,2648.3,7,3.0,52.8
44.48,82.29,4856.0,0,1.26,30.2
56.7,41.32,3508.6,15,4.01,42.5
14.23,68.22,4729.2,2,3.4,17.3
24.97,55.14,1651.1,1,8.26,10.3
76.42,81.77,1735.5,5,8.41,43.0
17.45,33.36,4288.2,7,3.55,23.6
64.28,52.13,834.3,23,1.35,68.2
32.08,48.68,4735.0,6,7.75,12.6
45.04,36.85,2586.6,6,6.77,26.4
35.98,85.23,4639.4,23,4.39,43.5
42.01,19.93,1750.3,20,3.17,38.0
74.71,18.46,3608.2,18,3.86,41.8
36.74,56.92,2466.1,17,7.68,31.4
60.98,64.17,3171.3,2,1.65,39.2
52.84,22.52,2571.4,10,6.88,33.9
69.73,40.16,4838.9,10,0.25,55.0
94.31,90.19,3491.3,2,7.83,42.0
75.93,27.2,1331.5,22,4.3,56.3
29.34,65.15,4557.4,0,2.0,22.6
12.81,71.61,1540.7,22,0.12,49.1
33.6,45.33,1920.9,21,4.8,39.1
63.56,89.38,600.4,9,2.15,75.3
14.63,71.3,4509.8,1,5.4,5.2
54.67,46.21,1501.9,16,2.46,50.7
63.72,56.24,1368.7,8,0.84,69.3
40.08,67.34,4609.3,17,4.34,33.5
79.38,58.3,4047.1,19,4.84,55.4
19.59,84.08,791.3,8,3.9,51.8
16.76,37.12,3869.7,24,3.95,29.9
75.54,31.99,4573.9,10,5.05,38.5
54.59,24.25,484.7,16,4.52,49.7
71.96,8.4,4143.6,13,1.21,46.6
49.13,8.87,2782.4,17,1.76,45.2
32.18,83.3,3379.1,17,1.29,47.9
83.72,66.06,2515.0,11,5.92,57.7
81.95,64.45,3519.2,17,4.54,56.8
72.52,60.32,267.1,7,3.71,63.4
34.49,81.43,3837.3,7,6.81,29.5
63.12,48.22,263.4,7,2.84,59.8
42.49,83.34,2331.0,19,4.87,50.2
18.24,37.35,839.7,14,0.73,53.5
92.56,88.4,4135.5,7,6.35,51.6
22.31,67.88,1636.9,13,5.94,32.3
95.52,28.15,2325.1,12,6.84,54.7
50.14,55.77,2200.9,22,7.53,38.3
26.66,52.97,3885.3,7,6.47,20.7
58.77,17.41,2457.6,16,7.19,33.5
88.57,58.21,3965.9,18,3.0,62.0
75.9,33.33,460.2,5,2.98,56.6
82.59,9.71,1038.8,16,8.03,37.6
69.29,90.38,2802.5,3,7.78,37.9
72.3,62.73,4740.7,24,4.71,48.8
86.43,83.92,466.3,6,3.18,68.1
32.47,65.85,311.1,16,7.37,41.4
54.05,37.13,867.1,21,2.82,55.8
29.91,51.14,3241.7,21,1.39,46.2
98.89,65.82,2055.1,17,5.47,63.8
94.97,91.42,4145.2,5,0.46,74.0
13.55,27.83,452.5,9,3.28,37.8
73.5,83.75,1062.4,17,6.88,58.3
93.27,88.17,1570.1,23,2.58,80.3
26.25,65.34,3171.0,6,7.92,19.6
61.12,88.81,3457.3,13,8.13,37.2
92.39,40.81,708.6,21,6.95,56.0
13.06,90.77,4724.6,13,8.4,19.7
72.77,68.25,1771.1,9,4.56,58.4
36.76,8.78,3594.5,21,4.88,23.2
93.2,86.62,2668.6,24,7.12,49.1
97.4,48.6,1191.5,8,4.24,70.3
94.98,46.43,4246.5,9,3.52,58.3
52.68,55.98,4109.4,1,5.26,16.1
87.58,18.44,2040.8,2,5.62,30.4
86.01,47.22,2984.2,15,6.41,51.9
38.72,79.8,1363.3,9,5.71,44.6
84.6,6.39,3480.3,22,6.36,36.4
13.33,29.56,1614.2,10,5.77,23.9
63.66,5.22,4236.0,9,4.14,33.4
30.7,42.41,1165.2,11,1.23,52.5
20.85,70.55,172.5,13,6.7,40.0
16.93,76.89,1415.7,8,0.36,59.4
72.67,90.07,1036.2,12,8.44,52.8
40.59,59.77,2590.6,5,7.06,21.2
75.23,27.92,1098.1,10,5.74,46.1
15.88,88.17,3839.6,0,8.22,5.0
38.38,74.78,1282.7,14,5.24,43.8
58.55,56.7,3564.1,6,0.57,54.5
81.17,67.61,2934.5,10,4.8,56.3
38.69,88.19,4932.6,16,2.43,48.4
66.33,69.12,4999.5,4,3.2,40.8
89.74,38.15,4360.7,8,3.96,51.9
65.43,69.17,3823.9,15,6.61,43.0
30.97,8.63,1993.6,10,4.32,26.9
12.2,39.78,3791.1,24,4.09,26.5
88.31,41.57,4787.7,16,2.64,53.6
11.91,20.02,214.6,5,4.63,31.2
88.72,7.08,2735.8,14,2.19,54.3
57.6,17.0,1168.2,2,2.29,37.9
94.52,63.92,2833.6,8,6.46,54.8
81.89,77.21,2385.6,11,2.98,68.1
99.81,93.94,2921.3,18,0.53,84.8
41.56,36.17,2799.7,17,2.99,40.6
79.05,58.94,4804.5,15,5.46,44.6
46.17,89.34,2805.7,7,6.94,42.4
53.19,20.03,4246.5,18,8.18,16.7
66.48,69.59,1667.1,4,6.37,44.2
88.63,72.95,2246.7,11,3.7,69.5
98.57,13.01,2405.0,5,2.61,48.8
79.14,82.51,1465.8,11,1.19,75.4
47.6,78.18,1961.0,14,5.37,50.9
47.92,8.01,3032.7,9,4.38,29.5
76.38,13.2,2942.9,16,5.79,34.9
31.49,9.42,3218.5,6,2.09,33.3
19.94,35.13,1823.9,6,2.82,30.7
41.92,50.84,1647.6,20,2.55,47.3
35.85,52.91,3096.9,24,6.8,27.2
36.67,29.09,751.0,10,1.54,52.4
31.02,87.04,1339.9,1,5.21,31.7
13.79,38.14,306.4,20,0.53,56.9
11.61,9.1,455.8,1,4.72,8.2
98.9,32.02,1292.6,13,0.64,75.9
48.5,52.8,195.7,17,1.58,67.3
44.59,41.74,1302.5,15,1.05,55.2
71.17,29.65,3309.4,10,3.01,50.7
29.64,16.82,399.4,8,2.99,37.0
95.5,78.72,2240.0,6,7.04,59.8
80.77,94.65,4574.2,3,2.0,57.1
18.05,34.66,3977.3,15,0.83,34.1
47.58,39.35,1596.6,13,5.17,44.5
89.12,60.62,4631.5,10,5.87,51.2
95.03,69.66,1715.3,7,2.58,68.4
52.07,40.28,455.3,10,5.16,46.6
65.21,86.44,4970.9,19,6.62,45.4
25.03,55.4,4363.1,16,3.02,34.8
99.21,45.54,2383.1,18,4.51,62.1
30.85,63.2,3365.2,9,1.33,48.7
94.85,90.75,3389.0,11,0.3,84.0
68.47,76.51,1053.0,0,8.34,31.2
64.7,8.6,1080.2,1,2.62,34.1
56.14,34.91,2400.9,17,2.44,43.9
30.76,47.35,4566.7,6,8.28,12.3
25.89,33.31,149.0,15,6.22,37.2
29.84,68.02,3934.3,12,5.02,30.4
26.78,79.36,381.9,3,5.97,30.8
80.16,70.82,2443.3,9,6.06,56.3
41.51,94.04,3225.6,8,6.51,42.9
15.21,29.53,3465.1,17,0.66,30.6
97.22,83.75,386.5,8,3.57,78.5
89.54,74.0,2151.2,21,2.58,73.1
93.5,37.6,2960.8,9,0.69,69.9
99.54,71.07,423.6,7,3.57,74.2
25.65,14.37,762.0,22,5.28,30.6
45.66,76.04,3351.9,10,1.6,53.3
78.24,52.91,2656.0,12,2.66,64.6
72.64,31.31,893.0,23,5.47,51.1
23.85,64.02,2722.7,12,4.97,34.1
83.42,62.75,4572.2,15,7.4,37.2
30.2,23.85,176.4,12,6.75,28.4
30.14,7.74,3248.9,24,8.21,16.2
58.33,44.03,460.9,11,5.12,51.1
63.36,56.26,131.6,14,5.97,53.6
62.21,83.89,838.2,15,7.33,53.1
18.23,88.54,2172.2,7,7.16,30.4
88.97,52.59,4031.5,5,6.14,38.9
33.9,72.84,1480.7,23,4.3,49.2
21.66,44.54,3165.8,7,2.39,35.2
89.99,72.15,2114.7,1,7.47,33.6
96.01,23.43,1248.2,17,6.62,54.0
87.59,38.4,2619.8,10,7.14,43.1
82.86,62.08,4007.6,16,1.28,62.0
68.97,6.63,4179.2,9,2.74,37.4
59.58,70.02,4247.9,1,3.67,27.9
17.83,80.2,1758.9,22,7.14,35.1
46.76,40.92,3987.9,18,7.6,26.7
43.54,45.31,1139.7,19,2.49,51.1
33.38,81.62,3718.3,19,5.87,31.2
75.11,74.81,4747.1,19,0.75,60.3
54.63,30.93,167.3,1,3.54,34.9
17.29,34.16,2257.8,5,4.19,19.7
29.82,66.1,3274.1,16,6.53,29.2
71.49,55.69,3538.7,11,7.59,36.6
16.85,19.6,962.8,4,2.93,26.6
86.61,32.89,4863.7,1,4.53,21.4
54.56,86.0,3114.8,8,5.54,50.5
53.25,66.94,905.3,1,2.86,49.2
63.32,93.74,200.6,21,8.38,59.8
84.22,74.03,3938.0,19,7.46,44.4
41.3,89.78,490.6,13,2.59,67.9
71.02,24.46,791.1,21,4.37,54.2
60.92,74.43,2916.7,14,2.04,61.0
34.03,6.82,3057.2,1,4.42,8.9
89.08,65.37,3465.7,17,5.84,55.3
81.77,47.24,2028.2,11,0.82,72.1
69.26,36.21,3892.1,6,7.41,24.4
86.55,82.62,4874.4,15,5.09,55.9
88.06,81.88,1428.4,18,8.41,61.1
73.75,7.01,3544.8,2,0.31,39.9
85.33,59.86,4649.5,14,7.08,46.0
72.77,38.1,3462.8,14,6.75,29.8
71.21,42.41,3437.4,6,1.22,54.3
65.68,79.88,1196.5,7,2.92,66.3
77.74,32.89,2722.1,6,7.53,36.3
24.27,89.87,2856.4,2,4.46,25.6
89.28,21.17,3530.6,18,3.47,48.8
88.47,64.65,4984.4,22,7.71,42.9
12.63,65.49,264.9,18,0.88,53.5
84.32,27.7,419.6,17,4.07,61.2
21.6,34.23,482.0,6,5.58,29.6
40.16,80.13,3740.6,18,5.21,40.3
76.92,73.56,768.1,4,2.32,65.8
24.47,34.62,3150.0,22,4.83,24.4
83.62,53.06,1690.9,12,6.05,52.2
84.89,10.55,2340.9,1,5.01,27.5
55.67,23.79,1156.7,23,5.85,36.7
10.57,48.72,4343.9,17,2.25,34.3
35.83,12.74,2972.1,3,7.1,5.0
65.52,80.9,4728.4,3,3.88,40.5
98.31,69.62,2915.5,7,8.39,45.6
66.86,89.93,707.1,10,0.3,84.1
33.38,67.41,937.3,0,3.29,28.4
67.06,89.64,4946.5,8,1.62,64.7
58.6,54.91,3655.3,5,4.77,38.8
80.19,59.02,341.5,3,2.14,59.8
19.63,92.93,3548.5,5,6.29,23.9
78.49,62.79,2119.6,12,7.51,49.8
58.71,7.77,1605.3,21,1.87,44.9
96.67,70.14,854.9,8,1.45,83.0
40.77,86.49,4215.5,13,7.45,30.5
66.94,76.6,412.8,11,3.13,69.2
93.88,57.54,1520.2,3,3.75,53.6
19.23,65.42,1601.3,7,1.96,44.9
94.35,94.12,888.4,16,3.67,85.3
71.91,13.16,2590.1,21,2.04,53.3
16.11,65.05,157.3,4,5.69,26.9
37.09,30.51,1574.8,2,4.29,21.7
73.74,62.61,4674.8,3,6.72,29.3
16.06,59.69,1621.6,7,2.73,44.9
62.4,18.81,1866.3,15,4.35,39.7
41.13,23.61,2418.5,10,2.28,44.7
65.88,60.95,2852.3,1,7.95,22.4
14.12,16.54,4062.7,7,4.48,8.8
88.44,28.87,1032.6,6,1.56,62.4
97.61,80.17,4371.6,0,2.39,47.9
97.2,34.44,3812.0,1,0.8,47.2
77.47,48.93,3641.0,22,0.33,59.7
21.71,89.7,525.3,12,4.52,49.8
78.24,25.44,206.0,10,2.93,60.8
12.21,40.07,3010.7,2,8.2,5.0
11.99,59.58,4329.4,1,1.54,17.3
39.12,72.98,2963.8,15,6.77,36.0
53.98,86.15,1144.9,0,2.75,47.1
79.34,87.39,543.5,6,1.98,80.8
71.5,74.9,3528.0,2,8.24,28.4
50.13,25.55,3636.7,21,6.84,29.4
34.63,7.23,945.4,15,5.4,29.8
99.74,39.54,238.1,23,5.96,60.0
48.36,17.74,2100.6,5,8.43,18.4
50.62,68.93,2955.3,13,5.08,45.3
24.73,64.5,3559.4,22,0.96,49.4
81.53,8.96,4068.7,10,0.64,49.6
72.43,80.29,3091.6,21,5.7,55.1
29.87,27.39,643.3,22,5.62,34.5
17.41,43.9,3444.7,20,6.38,19.6
71.24,65.11,4922.5,24,1.01,56.9
68.91,43.65,4537.4,18,8.04,30.2
34.59,44.72,4371.2,21,4.73,31.6
95.58,10.91,1580.6,24,5.56,49.3
23.6,41.13,3778.9,0,0.39,23.1
48.91,73.84,4270.4,20,8.17,30.9
94.93,87.37,3423.8,12,4.83,66.7
47.78,42.21,1327.8,19,4.83,48.0
67.47,43.12,4773.8,8,8.03,32.6
45.78,68.24,2309.0,10,7.91,34.8
34.68,89.85,736.0,0,1.95,49.2
98.56,29.04,637.9,12,7.92,51.8
46.84,44.61,3272.8,19,6.29,29.2
90.47,76.64,2244.8,0,0.26,59.0
30.7,59.87,563.0,2,2.11,42.5
29.18,14.95,3727.8,19,3.57,28.7
12.8,61.5,4016.7,16,5.0,23.3
68.65,21.81,3654.5,4,5.99,21.6
43.17,50.92,1091.1,5,1.87,47.8
87.79,52.62,3479.9,16,7.13,42.4
52.59,83.86,152.5,9,7.2,47.9
97.14,46.62,1595.0,10,5.43,53.6
26.7,30.15,2054.2,12,7.84,20.1
88.18,25.79,4192.7,9,6.93,37.0
79.89,83.68,2012.9,13,1.96,75.9
79.38,20.39,155.2,12,6.81,44.3
86.03,43.33,1826.5,3,8.11,28.7
78.49,21.85,2544.7,19,1.26,56.8
66.36,74.6,4750.1,16,8.32,33.8
21.81,47.69,4711.1,17,0.31,42.7
12.93,36.6,986.3,10,4.49,36.2
92.88,37.5,1007.2,9,6.6,53.6
65.5,81.7,900.6,20,6.74,57.2
81.69,54.84,3965.7,17,6.27,42.0
53.34,69.61,129.5,18,4.55,59.9
20.56,85.73,723.2,8,5.57,46.1
21.27,86.16,2736.0,4,5.98,31.3
71.7,34.57,1313.1,0,4.25,35.1
48.73,90.72,552.5,4,5.1,47.3
28.05,7.24,1863.4,2,7.21,5.0
54.24,38.92,1443.6,0,2.73,32.4
15.78,85.62,2604.4,18,4.49,36.1
62.38,29.72,4898.2,5,0.17,40.9
34.21,29.58,709.1,9,5.87,35.5
81.78,32.24,1926.4,4,1.74,54.3
37.93,60.11,4666.7,11,4.14,37.0
50.97,44.45,4396.7,11,1.87,45.1
11.05,70.41,2031.9,16,0.3,47.4
16.52,85.54,3524.9,1,4.16,17.3
45.32,65.68,530.5,20,3.67,55.5
53.19,23.4,3591.5,24,3.67,39.2
64.0,88.94,4867.0,13,1.85,60.5
36.25,28.8,2733.7,11,8.06,20.0
72.55,18.49,2542.6,12,0.13,66.5
87.41,13.1,1017.9,4,7.59,37.9
80.19,55.7,3205.6,4,6.29,40.9
13.57,15.24,2993.1,16,1.55,33.3
53.25,17.49,3294.5,4,4.07,27.0
19.44,32.0,227.8,23,8.41,25.6
31.78,30.35,2788.7,24,5.51,22.9
98.8,59.38,3015.2,18,1.17,70.1
22.82,78.51,1116.9,3,3.94,36.2
54.9,73.52,1120.8,6,4.03,54.4
65.63,28.62,1453.5,22,6.84,40.0
73.22,27.08,3587.4,16,7.8,31.6
60.37,91.92,3070.7,10,0.79,62.7
10.88,5.74,4244.2,5,2.74,12.7
39.38,84.17,1548.7,12,2.61,59.7
56.59,22.98,4569.1,11,8.47,17.1
17.91,90.26,3744.2,24,4.8,39.8
41.56,35.81,2035.6,4,7.49,16.0
12.99,44.63,566.8,23,3.68,39.9
17.07,68.64,1359.2,9,6.17,37.0
45.72,57.89,4788.2,10,2.51,40.0
21.94,33.61,1620.8,8,7.76,16.4
61.08,54.84,1716.5,12,3.92,51.0
72.05,70.76,1029.0,2,6.85,39.6
82.05,8.81,4053.6,16,2.25,46.1
28.01,6.01,1450.7,17,5.93,24.7
25.07,46.23,1718.3,4,3.5,29.2
19.41,16.87,2130.3,15,0.36,37.3
67.28,64.79,2225.3,22,3.57,58.8
73.58,24.26,2115.6,15,4.72,46.3
12.84,43.96,2568.3,10,1.37,42.3
94.26,22.79,4091.1,21,1.64,54.3
14.68,54.36,4114.5,3,4.0,9.7
58.72,15.44,4011.7,8,2.98,30.1
73.82,7.08,595.5,14,3.8,50.7
88.39,9.6,4018.4,11,3.97,43.7
74.27,90.88,689.2,15,1.28,80.8
82.16,17.81,711.1,3,1.62,50.5
40.55,68.76,4744.5,2,7.22,7.3
83.33,11.11,4115.0,20,1.47,44.7
17.21,14.73,2806.8,3,5.69,7.2
90.53,50.8,4387.4,1,3.62,36.0
59.28,46.84,4947.9,18,8.23,22.8
83.56,90.64,3092.1,6,0.66,67.6
50.71,90.04,3103.2,1,7.08,22.7
67.92,75.16,3796.7,0,4.23,32.7
57.38,59.19,1237.5,17,0.14,70.3
75.84,45.95,918.9,7,2.31,63.3
17.35,37.06,3821.9,7,3.52,29.3
15.43,90.24,1790.0,9,2.74,49.5
32.24,59.26,761.8,17,3.14,55.9
24.36,57.12,1642.9,21,7.8,29.6
88.46,25.87,1857.3,10,3.13,59.4
29.73,9.2,4829.6,22,3.62,23.5
97.83,90.07,3520.0,0,6.49,38.1
40.32,33.24,2701.2,6,6.77,21.9
26.39,44.83,4847.5,7,0.81,32.1
81.07,15.32,4525.4,24,6.01,35.9
69.28,80.32,2608.8,13,4.15,60.4
54.84,7.49,4537.8,23,1.22,41.9
59.98,80.06,2081.1,18,2.32,65.2
74.73,17.63,1229.1,7,0.48,64.8
30.56,84.79,1240.1,18,3.13,53.8
99.67,70.68,3345.3,21,2.25,74.3
97.73,19.82,2555.2,3,3.31,43.7
68.53,55.92,3328.9,22,4.97,47.2
27.96,33.14,3461.8,23,6.25,24.5
71.22,21.04,209.4,9,5.18,58.2
16.5,82.33,364.8,21,5.8,47.1
12.76,41.32,2710.1,9,7.37,20.9
33.19,40.87,1036.1,3,7.44,17.5
51.64,20.29,3199.4,7,7.33,22.7
88.14,39.48,2805.7,6,1.39,59.4
75.45,83.45,2970.2,14,2.21,71.9
76.84,37.68,1582.0,7,4.32,51.9
48.29,90.64,3235.2,9,3.11,59.7
41.13,90.17,4164.5,6,1.21,47.2
43.39,18.04,4990.5,18,2.52,35.1
98.89,20.96,4208.4,2,8.29,16.4
13.61,82.64,2831.7,8,3.01,46.1
88.03,40.35,1047.8,15,3.62,61.4
62.08,5.39,3439.1,13,0.15,50.6
49.48,29.65,4694.5,6,6.14,16.6
75.27,58.79,1138.1,11,3.57,67.1
53.8,76.93,1354.4,0,0.97,51.8
88.61,17.0,830.1,15,8.24,41.3
91.06,14.95,3709.9,2,6.63,24.3
47.95,87.99,2092.2,0,6.2,31.6
34.91,72.6,407.2,5,8.15,30.0
63.31,58.08,4387.3,1,3.52,26.2
92.11,74.23,2832.6,6,6.14,49.8
28.96,43.6,1722.4,7,1.83,41.6
66.07,73.26,1785.5,12,5.96,50.2
66.84,38.46,1522.2,15,0.22,68.9
75.98,26.97,2331.9,21,1.16,61.6
21.84,70.61,1751.5,20,3.67,40.4
74.42,42.77,2784.9,9,0.2,63.4
91.81,93.32,3890.2,3,3.98,50.0
26.17,36.45,3404.9,24,4.49,31.5
31.38,87.96,1542.8,23,5.32,46.8
97.43,88.97,2690.8,20,0.94,77.6
26.29,26.77,4216.6,12,1.62,33.9
86.89,76.84,434.2,16,5.25,71.3
54.31,43.98,483.7,7,5.63,43.0
32.25,87.58,2825.2,7,0.32,57.5
88.37,45.51,3231.7,22,4.64,50.4
50.08,71.99,1135.9,6,6.69,46.3
56.33,47.03,3751.6,23,0.68,52.8
42.33,25.5,3266.7,0,3.57,13.5
63.37,22.94,4624.1,14,2.84,39.3
24.72,43.29,927.9,14,7.77,27.9
45.2,72.99,3781.7,18,1.66,55.2
97.25,59.46,509.9,3,2.77,68.3
33.23,66.98,2869.9,5,7.65,26.3
69.11,30.41,2804.3,9,2.88,49.4
39.27,48.33,2003.1,11,4.56,42.8
79.61,9.0,4238.4,24,0.38,56.3
21.78,78.58,121.4,3,8.37,29.6
97.28,94.09,2648.9,5,7.03,52.2
50.84,41.62,1164.1,24,5.43,46.3
31.24,5.99,3743.1,13,0.61,36.6
16.61,20.28,311.0,12,0.73,49.9
25.28,63.73,4174.6,24,4.68,35.4
56.78,60.09,4206.7,21,2.49,46.2
40.33,75.91,4181.0,20,5.33,35.6
84.6,27.85,847.6,2,5.12,43.0
48.78,73.73,3189.0,20,7.14,38.2
32.38,66.92,170.4,14,2.46,52.1
65.54,34.05,4255.0,2,4.95,17.1
73.61,54.09,3642.6,4,6.63,33.5
25.03,18.25,2702.7,12,4.22,30.3
25.09,45.73,3679.9,14,7.08,16.7
13.3,84.31,562.2,16,1.2,62.6
76.28,42.91,2690.4,5,6.26,36.6
69.74,80.56,1527.3,22,8.02,47.3
52.72,58.12,4865.8,17,2.89,41.7
85.98,22.27,4299.9,2,3.18,28.7
82.51,57.3,3693.1,8,0.8,63.8
62.68,50.54,4675.4,7,5.49,28.6
88.14,40.88,1799.5,19,4.74,57.1
28.53,15.77,4514.3,10,0.44,36.1
20.07,42.5,1693.7,23,6.42,24.4
34.28,11.55,3690.7,10,7.07,15.4
15.14,13.89,3708.4,7,7.72,5.0
57.81,42.43,189.9,21,4.68,55.7
94.29,32.48,1869.2,0,3.9,33.0
13.54,88.3,195.2,1,7.46,24.6
20.99,38.81,4985.8,19,3.45,19.6
50.7,73.21,698.8,3,5.61,40.5
94.05,52.72,2759.8,1,5.27,37.0
38.45,68.37,3973.7,24,3.23,42.3
55.65,28.41,1086.2,1,0.83,37.2
13.74,89.77,2476.8,12,0.28,61.3
23.35,52.71,3076.4,21,3.7,32.2
98.8,79.82,885.0,20,4.14,72.9
96.86,37.85,3914.9,19,7.01,48.6
10.44,14.02,1566.7,5,3.58,21.8
95.66,65.63,1134.0,3,2.46,60.5
67.52,5.7,2835.6,24,3.98,39.4
88.11,47.78,2110.5,14,2.1,66.3
50.93,22.35,4609.4,22,0.87,36.9
56.4,61.46,4412.3,2,1.05,36.5
54.0,93.15,2468.4,3,2.78,50.0
70.02,46.8,1860.4,16,0.21,71.8
22.57,78.57,1695.0,5,1.95,45.9
12.7,50.7,1411.1,1,6.72,10.1
37.71,49.63,2768.3,19,2.07,44.8
73.42,88.74,4044.4,12,1.03,71.4
28.17,85.1,1622.7,14,8.07,39.1
70.61,75.72,1031.5,4,5.33,53.2
97.29,31.66,2429.9,23,0.6,70.5
18.45,54.05,438.3,18,0.62,51.2
70.53,25.15,3536.3,5,5.24,34.2
49.94,44.95,2640.0,16,4.64,42.1
88.13,48.58,2532.2,24,0.67,69.6
25.94,79.85,1572.2,0,1.98,37.2
72.34,85.64,4532.9,1,7.9,24.1
85.43,42.32,543.4,0,4.9,37.9
95.02,6.59,4362.1,7,3.8,40.7
71.49,82.56,1945.9,3,2.2,52.0
54.75,20.69,4415.1,17,1.22,42.6
65.61,60.97,3670.9,22,3.48,55.3
88.2,7.25,610.4,23,7.85,37.4
61.35,40.96,4174.5,8,0.51,53.6
12.73,93.74,3442.7,14,8.42,26.6
93.79,14.06,258.3,15,1.85,71.3
72.06,43.13,755.1,20,3.53,58.4
70.89,32.64,3214.6,2,0.48,40.1
29.41,86.46,3346.7,0,5.01,19.2
69.3,83.24,3758.6,23,4.16,59.0
45.45,26.39,3629.2,12,5.7,22.9
68.61,12.31,3331.6,13,4.66,33.8
19.59,61.44,3854.6,5,3.44,25.9
69.21,35.27,2917.9,4,6.3,26.4
99.95,65.49,1377.9,22,0.31,84.6
14.34,7.89,4570.6,4,4.64,6.7
97.95,17.01,189.2,3,1.06,58.0
46.62,66.77,1896.2,20,3.76,51.8
88.37,24.11,3671.5,11,6.75,38.6
80.41,82.18,2193.1,13,1.3,74.4
61.03,10.27,221.7,22,7.96,30.4
76.46,24.39,423.3,13,7.56,42.8
89.07,94.87,3278.3,10,3.59,67.3
46.37,43.98,4827.8,21,0.15,49.3
39.43,68.27,2804.1,9,6.73,37.3
70.08,21.44,2583.1,9,7.5,28.7
82.71,59.89,1659.8,8,1.57,70.6
78.61,70.35,1357.8,1,7.8,33.4
81.8,33.3,202.8,13,7.78,54.8
49.2,79.6,1437.5,6,4.06,53.0
83.61,59.31,2300.6,16,6.8,47.8
20.82,40.02,1070.0,23,3.84,37.3
59.0,55.19,528.0,19,4.84,54.3
10.52,56.91,3616.9,7,2.79,32.3
39.21,19.9,4483.6,23,1.44,37.2
42.98,41.25,4690.2,19,6.37,24.9
45.66,35.91,3128.2,3,0.11,38.9
72.59,41.08,358.6,4,4.97,46.4
44.97,73.5,3730.2,12,7.36,33.0
50.38,48.43,639.5,6,1.96,50.0
31.38,89.63,3381.8,5,2.9,42.0
43.59,31.43,3918.9,16,5.03,28.1
30.45,42.41,3656.7,5,2.17,26.6
16.59,75.83,4764.2,18,7.22,27.7
64.31,54.14,3716.9,24,3.18,51.0
70.14,54.23,3496.7,2,4.99,31.7
65.75,9.8,1382.5,8,2.0,51.8
51.71,40.87,4631.4,20,0.45,50.4
44.18,29.37,979.8,14,1.56,49.9
87.7,94.94,4534.0,7,0.49,71.1
56.72,32.75,1632.0,24,4.04,44.5
53.13,84.6,737.8,24,5.03,61.4
12.31,65.86,4150.7,22,0.48,40.0
40.71,35.68,112.2,14,0.86,63.0
44.22,53.92,4177.2,0,4.18,17.3
45.89,80.65,1385.3,7,6.81,46.7
62.22,84.5,4435.1,22,5.38,47.5
58.02,19.44,3488.2,3,0.98,38.5
64.71,35.56,3364.3,21,7.56,28.8
78.84,35.17,1890.1,9,7.81,44.2
83.17,8.78,391.1,15,2.83,54.2
74.63,58.84,4167.4,17,5.27,45.8
96.0,81.93,937.4,3,4.24,61.4
11.64,39.34,1924.1,7,8.01,11.5
27.62,71.6,3041.7,3,4.37,24.9
10.68,61.49,2463.0,9,8.16,18.8
68.27,38.81,1073.4,19,1.77,62.5
90.82,17.7,789.0,3,3.0,48.5
31.91,68.84,703.9,15,6.66,42.5
93.43,81.91,4328.7,11,6.68,50.0
15.42,66.73,254.6,9,6.25,37.8
94.1,6.61,4887.4,24,7.32,28.5
41.65,24.46,1072.8,10,6.0,35.9
19.13,11.25,640.6,1,5.44,12.9
53.73,56.33,2927.2,15,3.95,49.9
33.11,73.08,491.9,22,4.02,54.5
35.64,14.95,3052.0,18,3.51,33.0
37.66,80.45,4268.1,11,5.31,38.6
82.27,55.0,334.7,3,3.52,55.5
58.52,67.1,4019.4,16,1.34,59.2
38.02,92.43,2032.9,11,0.99,62.1
64.93,12.53,881.5,15,7.87,28.7
74.45,86.11,962.9,2,0.31,64.5
34.54,16.35,4601.9,1,0.99,21.0
47.22,40.37,642.0,6,3.84,44.7
20.97,81.63,4347.2,5,2.31,35.6
26.3,86.56,2766.8,0,3.51,26.7
71.3,50.57,291.4,14,1.09,74.3
26.33,58.47,2375.9,11,1.2,50.3
57.26,68.73,4105.5,12,6.83,36.7
73.81,79.95,3658.4,7,6.48,47.9
19.62,15.94,2495.0,8,0.98,36.1
61.06,77.91,4314.2,0,5.71,24.7
33.09,48.31,689.8,4,5.22,32.1
96.66,45.56,4558.7,6,6.09,40.3
53.52,43.15,4247.6,17,4.09,35.8
82.54,50.83,3570.6,21,2.37,58.4
59.52,90.05,4107.6,7,5.67,42.9
13.91,54.34,2764.7,23,3.22,39.5
66.98,90.79,3408.3,9,1.94,60.7
95.63,21.23,2846.9,7,3.53,55.2
64.15,70.17,1841.6,11,6.51,44.6
83.73,78.1,2887.4,15,4.1,64.6
89.58,66.12,1361.6,11,2.62,70.8
30.53,59.62,2257.4,21,7.09,33.5
29.08,55.83,1475.8,21,7.51,31.6
64.99,82.48,702.2,2,3.74,48.2
46.99,78.95,1677.1,17,3.25,62.2
85.59,16.01,4274.7,4,5.25,30.8
91.0,81.37,1967.3,13,0.59,83.8
41.81,42.27,3765.2,24,5.91,27.5
31.32,27.83,958.5,19,6.67,33.2
80.25,83.28,2179.7,20,3.44,64.3
34.73,43.88,662.8,15,1.57,48.3
84.04,77.75,779.2,21,0.34,79.8
48.14,28.71,3125.4,5,5.45,22.2
70.08,5.35,3076.7,15,2.36,43.0
18.6,49.59,1145.5,19,4.0,39.0
66.15,14.02,2424.7,13,3.35,44.1
50.66,72.89,4330.2,19,1.57,51.2
62.79,29.85,953.6,23,4.37,44.0
25.12,44.93,194.1,4,3.96,36.0
76.32,12.83,3294.8,13,5.34,37.2
87.65,30.8,362.1,10,2.22,67.1
29.51,75.33,4901.7,20,1.9,47.1
18.61,18.64,3087.1,8,6.94,13.8
12.13,63.24,2404.9,19,6.0,29.6
67.78,87.57,2207.0,6,6.59,51.1
64.64,66.19,2908.0,4,1.14,49.1
59.2,77.99,544.1,14,1.98,71.0
30.88,14.81,4657.1,24,4.93,21.0
45.18,27.57,3165.6,12,7.3,24.2
63.5,85.51,1001.5,11,7.59,49.1
54.71,69.36,2856.6,23,7.09,38.8
98.9,62.56,753.0,14,0.46,86.2
22.28,64.74,186.0,23,7.0,32.4
72.56,42.28,3189.5,18,7.65,32.4
46.39,9.01,3277.6,24,0.58,49.3
48.54,75.6,2960.1,23,3.6,52.9
74.58,66.08,999.1,18,4.61,67.0
72.32,47.55,3056.8,9,2.06,60.4
99.21,85.98,376.9,16,4.44,80.4
21.56,35.25,3085.3,15,7.54,16.7
19.37,31.49,2814.7,4,7.38,8.7
75.19,83.55,3310.7,3,7.99,37.8
62.05,76.73,4487.8,23,4.17,50.8
34.67,51.35,4266.8,21,3.55,36.0
17.15,16.77,4905.2,9,5.69,10.1
17.71,24.36,4883.6,20,3.6,21.6
90.48,64.06,3884.4,24,0.45,69.0
27.27,39.65,4786.5,5,6.15,12.8
39.1,80.28,4349.7,10,2.46,45.7
30.4,90.5,3665.2,10,0.51,55.7
41.95,77.51,469.4,15,0.27,68.1
16.25,38.98,340.3,13,7.92,25.0
56.72,75.98,4204.2,18,2.22,52.2
16.09,36.63,2499.3,21,3.86,36.3
82.03,20.04,4091.6,3,8.08,13.9
31.03,8.01,1633.3,4,4.03,23.4
58.6,39.71,2048.5,21,0.76,56.7
89.21,86.32,3530.9,24,4.74,62.2
68.58,26.51,4585.1,18,0.84,50.2
57.97,23.59,530.0,16,0.9,55.4
39.19,92.28,4321.2,17,7.25,29.9
39.97,7.25,3985.8,7,2.53,25.6
70.25,75.72,1646.1,3,5.8,40.2
99.47,33.92,1840.6,22,4.37,60.9
69.57,8.37,327.7,17,1.97,59.0
60.2,87.6,177.1,10,4.45,63.5
75.76,17.57,2437.3,13,0.68,59.2
51.87,54.66,568.1,12,3.02,57.7
15.41,29.66,1050.6,23,4.49,32.6
60.61,10.87,4249.2,15,2.02,38.0
96.19,9.49,2898.0,11,5.65,46.1
25.78,15.4,3204.8,8,0.54,43.1
72.1,11.42,1018.6,6,4.17,46.7
28.08,73.45,4160.4,9,6.11,34.4
58.22,48.7,4353.1,16,3.71,37.9
18.7,35.86,2664.3,17,7.45,16.8
50.53,42.65,4571.5,24,5.41,32.8
78.05,88.61,4239.7,6,8.15,43.5
41.28,86.97,3683.5,2,2.49,39.7
69.84,69.41,3697.0,14,7.99,36.0
81.59,84.62,616.4,15,5.2,67.8
93.45,33.77,1427.1,20,6.36,54.2
31.12,39.3,427.6,16,7.68,31.6
45.94,60.23,142.5,12,4.73,51.6
23.72,61.13,875.7,2,7.34,18.5
99.32,48.35,4414.4,19,4.65,52.9
93.43,41.06,1275.4,19,5.13,56.6
58.6,93.76,4853.8,22,3.84,54.1
85.78,78.9,3026.7,4,1.32,61.7
56.89,44.15,1262.6,8,4.75,49.1
66.12,70.46,2535.9,22,8.31,44.6
18.02,29.26,1173.6,17,6.71,25.1
77.97,14.02,4921.5,10,6.38,31.7
21.49,36.72,4251.6,10,5.5,17.3
84.35,41.27,228.6,15,3.02,69.6
80.38,6.49,4744.1,7,1.52,45.5
73.79,78.33,3633.2,1,1.99,43.9
13.25,37.33,503.7,22,0.15,50.9
37.28,57.24,3386.1,20,5.76,33.2
33.68,11.66,3269.9,9,6.92,18.0
42.41,20.75,1172.1,5,2.36,41.0
17.89,85.07,3816.4,3,0.87,34.0
94.33,59.78,526.6,20,2.92,75.5
59.84,90.53,2498.3,4,2.55,59.4
37.5,94.89,148.6,22,3.89,65.8
45.73,38.47,4846.8,10,2.32,40.5
50.25,31.89,3782.7,11,2.95,39.5
64.05,82.25,878.4,15,7.72,58.8
56.41,94.88,1774.2,19,2.91,69.3
92.75,61.67,886.8,20,6.7,61.0
54.73,76.56,3856.4,13,5.36,44.8
99.29,75.36,388.6,13,2.94,80.4
86.63,36.98,4218.0,19,6.97,39.5
28.77,56.68,4716.8,19,5.1,29.3
93.75,79.98,3415.5,14,0.17,80.7
20.47,66.93,1143.5,7,0.68,53.9
83.57,6.9,1864.4,4,6.42,26.6
44.26,35.3,2438.5,8,3.85,41.8
89.02,18.0,3062.7,20,3.51,53.3
88.13,25.97,3376.4,15,1.32,56.3
82.53,86.49,2815.7,23,1.42,74.0
81.1,8.32,1821.4,2,6.8,28.4
37.42,24.78,4465.5,11,7.06,13.1
17.28,32.86,498.8,6,4.8,29.6
46.27,60.52,2384.7,16,2.58,57.2
25.62,53.07,3900.3,14,7.93,19.3
72.55,24.64,398.3,14,5.34,49.7
41.15,19.78,3556.1,11,6.79,21.3
97.8,26.31,4116.6,20,0.13,66.4
67.69,50.23,3338.1,1,3.88,31.2
84.02,29.41,163.4,7,7.42,49.4
21.93,90.28,982.7,21,2.94,56.7
87.58,46.75,1776.4,4,6.2,44.5
93.05,10.29,1245.1,2,5.62,37.5
53.84,70.63,4817.0,0,1.38,31.5
64.56,34.6,3292.8,15,6.61,32.1
78.83,63.81,1555.2,9,1.05,75.1
25.74,30.16,4655.5,9,6.21,15.8
55.23,56.37,3728.9,10,8.42,27.7
45.88,74.49,1494.6,11,8.15,41.8
23.17,88.52,1956.5,7,6.82,39.9
43.08,28.5,1077.2,4,4.59,31.4
16.14,35.14,4858.3,8,5.77,14.8
12.32,46.78,2634.8,10,6.22,20.2
22.16,88.45,4490.7,14,0.17,50.6
96.68,86.12,1797.8,22,0.96,85.5
59.46,13.09,4318.1,16,5.12,28.8
96.92,16.87,364.0,10,0.15,75.1
48.92,49.6,4912.2,12,7.73,25.0
38.06,14.6,4569.0,16,4.21,24.1
55.55,36.1,1879.7,22,2.27,60.8
49.56,18.35,3896.1,6,3.41,30.0
19.51,62.24,3786.1,8,7.25,13.6
67.67,90.45,4516.1,17,7.89,37.3
29.44,94.71,1605.5,22,1.08,65.4
65.76,38.77,2381.0,17,6.63,38.0
68.52,58.91,4338.5,9,4.96,42.3
23.68,82.06,3915.0,11,5.02,31.9
15.52,15.57,2028.0,17,6.65,16.5
80.27,67.06,4244.1,20,1.97,61.6
51.38,41.8,330.1,8,4.56,52.3
15.23,23.55,3932.0,8,2.78,22.7
99.54,41.25,1113.2,9,0.89,80.0
15.2,11.84,1502.0,0,0.98,15.3
72.55,67.59,2516.8,10,1.25,69.2
98.53,27.75,2303.7,13,5.27,54.8
31.53,33.03,2650.8,22,0.99,42.4
22.8,15.9,2769.4,9,4.89,20.6
20.92,82.82,1724.5,13,5.04,44.6
37.29,49.41,958.6,18,7.69,33.0
19.09,56.49,3865.6,9,5.36,26.0
72.29,56.25,2059.9,16,8.38,43.9
15.61,41.94,2578.6,1,0.36,28.3
55.85,22.33,3259.0,21,6.01,28.3
99.7,72.06,4557.2,13,0.32,73.4
83.26,16.44,3567.0,17,6.23,34.4
65.37,14.35,322.8,1,3.34,38.6
37.56,68.91,4208.9,19,5.23,39.8
66.15,23.8,4947.8,18,2.7,37.3
57.43,32.61,2415.2,23,1.44,53.5
48.35,47.77,4851.0,7,6.18,28.1
21.76,45.44,2781.9,5,7.7,13.5
89.79,68.77,2352.1,19,1.64,75.1
50.48,61.11,1723.9,6,7.83,33.8
27.52,63.0,3322.0,24,1.28,44.4
43.1,69.26,1226.1,12,6.28,45.9
47.27,31.34,614.2,1,8.16,19.2
84.48,34.01,233.5,21,1.34,73.4
76.03,44.42,1532.7,6,3.75,58.3
79.24,32.67,2039.3,0,2.93,32.2
10.99,93.64,2805.2,5,3.36,37.9
47.45,78.26,1534.5,15,6.43,45.6
53.32,19.82,4921.9,7,5.65,19.0
11.73,5.5,1529.6,12,8.24,14.5
33.38,8.85,2260.8,22,1.66,38.3
78.43,26.97,606.1,17,4.66,54.4
22.34,15.29,1377.1,13,3.87,33.6
58.18,53.0,336.8,17,7.82,38.4
29.37,82.22,2841.6,3,0.19,50.4
11.09,71.31,3780.2,14,8.41,22.9
31.71,24.4,1059.0,4,4.13,31.3
97.83,40.94,1902.8,20,5.35,59.4
82.14,50.71,181.4,13,3.12,69.1
96.36,77.92,4213.7,15,7.26,47.7
53.91,80.52,3921.8,14,4.82,50.0
19.88,86.87,409.9,10,5.67,49.9
59.32,50.83,1887.9,1,5.55,30.3
50.89,67.48,4780.9,22,3.16,45.5
85.99,15.06,2020.9,23,0.74,64.1
18.83,55.88,2678.4,17,6.88,24.2
53.94,27.38,1840.7,3,2.53,44.5
23.5,43.85,3021.0,14,7.23,20.9
39.22,62.06,4893.0,11,5.21,30.1
76.36,28.13,4987.8,2,3.07,31.4
52.84,9.7,3896.1,3,5.09,14.9
43.83,5.92,2081.1,20,5.52,29.1
45.5,6.99,2522.7,15,6.04,30.7
51.35,5.75,1848.0,5,7.01,22.0
80.65,14.93,4929.3,1,1.44,31.9
90.29,26.55,3568.0,21,8.03,31.6
95.98,24.91,2299.8,8,3.55,59.4
80.82,93.81,159.4,11,7.33,62.4
38.39,32.54,2650.4,11,1.95,42.8
71.93,16.47,4921.2,23,0.34,48.9
49.38,54.1,2663.0,13,4.92,42.8
32.92,82.22,993.9,16,2.83,60.2
85.68,66.03,208.3,8,8.37,58.7
13.46,31.65,1838.0,11,0.98,44.4
91.16,55.55,4599.3,9,0.5,61.6
51.53,69.34,4983.1,10,0.48,60.9
67.35,70.53,4732.3,1,1.92,38.0
69.34,64.99,3674.2,15,4.97,52.1
90.56,83.37,2834.9,0,4.35,38.4
67.3,83.31,2994.4,21,3.04,61.0
65.25,57.1,2741.1,0,0.85,38.8
16.0,43.69,3564.5,21,2.06,32.5
56.66,62.74,2152.5,1,1.65,43.8
23.52,78.64,3379.1,11,6.36,31.1
76.37,5.51,695.9,22,6.65,46.0
56.1,94.28,1401.9,22,6.63,59.7
71.22,21.46,4196.4,19,8.24,21.8
13.75,47.32,4528.4,17,7.53,10.7
17.63,83.48,2741.1,11,4.28,38.0
74.47,25.25,255.0,22,3.59,62.3
16.49,47.91,4642.2,0,7.79,5.0
16.41,16.93,3540.1,10,5.23,17.6
11.09,40.56,2128.7,1,2.57,19.9
96.09,20.94,3032.1,11,4.84,48.9
76.38,37.73,2205.9,1,8.43,17.8
41.79,38.61,2380.2,16,7.24,29.6
36.69,94.39,4445.4,24,2.46,49.2
41.47,94.53,889.3,5,8.1,39.8
79.72,15.33,608.0,15,8.34,35.2
69.52,70.34,113.4,18,2.04,74.9
26.67,9.66,1638.6,5,7.62,8.9
25.67,7.72,822.3,6,7.52,16.8
18.86,14.48,1177.9,18,0.43,46.7
69.43,91.89,155.1,19,5.73,64.9
78.79,89.68,1213.3,16,2.66,79.4
33.85,22.45,1730.3,5,5.77,17.6
11.89,19.55,254.7,14,7.77,25.5
17.4,26.65,3078.7,21,4.29,29.1
97.11,51.4,2887.1,8,3.58,60.1
36.59,56.27,575.5,1,7.84,17.0
79.23,24.94,3015.5,4,8.28,18.4
66.22,73.1,4993.4,20,0.62,62.1
44.37,32.86,4727.9,22,7.85,16.4
28.51,87.99,113.1,4,0.8,57.5
20.92,64.11,3997.4,11,2.93,33.7
65.35,44.27,1832.7,9,6.51,49.3
79.72,76.09,411.9,3,6.63,46.7
67.95,78.61,1550.3,11,6.2,55.6
57.73,31.14,1676.5,14,0.43,60.4
13.78,35.57,2663.9,9,1.22,37.6
97.16,89.24,3339.3,17,7.96,53.3
81.88,19.83,3770.4,23,0.78,54.7
36.35,8.79,1304.9,4,0.76,38.7
98.2,45.86,1676.7,12,7.12,53.2
64.17,77.11,1611.1,3,5.49,48.5
62.42,74.45,1877.4,8,3.05,59.9
77.33,87.76,4998.3,17,1.49,66.1
83.06,52.99,3911.9,2,7.53,20.1
69.08,14.01,4877.5,23,8.4,16.4
21.53,57.98,3496.2,10,0.52,43.8
40.44,75.06,2090.7,3,4.75,32.1
93.53,13.4,2009.7,8,2.29,60.9
30.22,20.54,2494.0,11,7.09,20.6
43.5,6.11,2142.7,9,3.01,30.8
48.89,58.43,4158.8,9,6.1,39.7
49.55,84.81,2378.5,8,4.63,53.3
65.16,65.36,1548.5,9,4.65,56.7
94.88,93.38,3896.8,8,7.31,59.3
31.66,10.67,4286.7,0,4.05,5.4
20.94,86.27,2160.1,21,7.2,34.1
27.77,78.27,3372.3,15,3.15,38.9
89.82,33.28,388.1,13,1.57,74.4
68.12,92.62,2694.4,12,3.93,59.6
35.73,30.91,320.4,5,4.29,40.2
83.44,85.04,243.0,13,4.12,72.7
87.52,84.27,3103.3,7,6.89,51.3
86.19,73.19,1586.3,22,4.84,61.1
92.7,55.71,3738.4,22,7.56,41.2
32.7,15.8,4490.8,17,4.42,21.6
77.95,52.88,783.0,19,1.99,69.8
51.45,37.11,3650.2,0,1.19,27.1
85.78,76.3,2621.1,11,7.39,58.9
75.56,73.23,649.4,10,0.57,82.0
79.88,86.96,3292.8,12,1.09,72.7
69.05,6.33,3086.4,22,0.63,42.9
25.97,77.82,2626.6,3,3.66,35.2
59.05,89.46,4639.7,24,4.57,57.4
98.62,76.04,2653.3,5,0.27,73.9
94.36,16.72,4953.5,21,4.43,39.5
13.89,12.32,2595.2,24,3.41,26.1
24.83,6.88,667.7,12,6.6,20.4
21.86,61.59,2405.3,23,7.07,30.1
75.34,61.67,993.4,21,5.85,61.8
83.6,93.82,3026.0,12,4.08,64.3
29.22,40.82,3496.3,5,1.92,30.3
55.53,34.87,2395.3,21,7.22,33.1
85.66,61.2,578.7,3,2.97,58.6
75.95,79.3,2396.3,20,3.09,61.5
58.8,89.31,499.1,2,7.79,37.5
63.13,77.28,3442.4,24,8.3,36.9
55.75,43.4,3972.8,14,7.64,31.8
36.78,62.14,4815.7,10,8.49,22.9
60.85,82.07,829.1,1,7.4,39.3
72.0,49.15,2708.9,22,6.02,48.0
88.6,24.5,2880.9,16,2.57,57.2
67.27,20.28,4620.1,22,8.1,19.1
78.5,5.01,3173.7,1,7.46,16.4
24.41,69.64,813.0,20,2.12,56.3
51.54,15.0,2238.1,0,4.21,14.4
10.84,26.95,3308.3,4,0.69,22.1
32.2,31.81,3531.4,19,8.11,12.9
75.38,55.43,4329.1,16,4.91,39.6
99.26,40.82,984.5,0,2.16,54.6
18.93,65.72,4762.6,6,2.56,26.3
46.13,10.01,389.8,2,8.34,10.6
82.01,16.15,4920.4,15,5.27,34.7
28.36,49.93,4303.1,15,3.63,31.9
59.96,35.33,3335.3,11,4.3,39.3
75.98,31.62,3701.5,8,0.93,61.0
65.44,11.03,456.2,24,0.73,56.7
26.92,85.61,303.3,13,5.08,47.4
41.98,67.26,598.7,11,4.4,55.1
80.54,15.95,528.1,24,3.12,57.3
59.88,10.85,2782.2,15,4.86,33.6
10.47,92.74,1155.7,16,0.71,56.5
78.49,66.31,4315.0,11,8.03,39.7
13.18,42.57,2284.2,3,2.57,25.3
77.12,68.16,3508.0,16,0.7,67.9
28.22,73.07,3299.1,0,1.52,27.9
96.23,75.2,1667.3,24,0.9,80.4
43.11,48.01,1291.5,20,1.6,55.8
39.42,43.69,1778.0,16,3.6,47.9
23.4,5.99,4003.6,10,6.3,16.3
37.5,88.39,2972.8,18,2.39,58.3
88.9,59.3,1342.3,22,3.76,68.9
99.67,23.28,4107.4,17,7.9,39.6
43.15,87.76,368.3,19,2.58,63.0
50.37,87.34,3526.0,1,6.78,22.0
74.99,94.03,2251.6,8,1.43,77.3
89.76,83.67,3683.3,8,1.6,71.7
63.37,94.8,4644.6,11,3.93,54.6
45.24,27.02,3775.2,12,2.07,43.2
47.14,80.8,2265.6,15,7.69,43.2
72.61,79.07,839.8,12,0.53,76.7
10.29,25.78,4051.1,22,5.12,16.0
65.76,13.86,2357.5,13,5.18,36.2
41.99,93.15,469.0,6,0.65,66.5
81.48,31.64,3623.4,1,6.25,17.4
18.37,83.38,1530.1,11,4.04,47.4
62.94,5.37,339.6,23,6.17,35.1
53.29,6.89,4523.5,16,7.05,18.8
67.81,46.93,2467.2,23,2.81,59.8
15.84,26.48,1476.7,4,4.17,23.3
62.2,67.09,3610.3,19,2.29,56.2
60.53,55.9,4440.9,9,1.79,55.7
60.46,11.97,101.5,17,0.1,64.4
64.31,19.64,3470.5,2,8.19,7.3
70.88,39.92,3858.4,12,3.8,46.4
82.45,21.7,1128.6,12,0.21,74.9
34.28,76.3,2499.2,9,0.18,57.2
84.25,42.45,537.5,1,2.52,47.5
54.84,13.41,3759.1,15,0.22,48.6
16.94,48.59,4252.5,3,3.25,16.5
15.27,13.18,630.1,18,0.63,42.3
40.08,16.6,4100.7,4,0.43,26.5
80.64,26.56,3880.7,6,5.72,28.5
73.69,82.36,1799.9,8,7.72,47.8
80.98,88.22,3482.4,4,3.54,58.9
56.55,79.36,100.2,7,7.13,51.8
49.62,35.07,4665.8,1,0.35,22.9
23.27,29.52,2796.9,21,6.63,24.7
39.54,54.42,3139.7,23,0.63,56.4
49.06,69.97,3356.8,24,7.14,39.9
17.97,94.4,2850.7,19,7.51,30.9
29.86,16.84,4298.1,19,6.7,13.2
63.84,9.44,3087.5,6,6.99,23.3
76.21,67.49,4548.0,3,4.82,40.2
99.85,79.9,2953.4,20,2.33,73.3
93.98,81.17,938.5,14,5.5,67.9
67.83,66.06,4576.5,17,3.79,50.8
47.91,90.86,3440.0,1,0.14,51.3
67.26,50.99,3526.3,13,4.11,47.7
80.71,87.24,4928.9,9,5.57,52.9
20.65,92.1,468.5,4,0.22,58.0
46.89,81.24,2200.1,11,5.32,48.6
85.58,32.88,1271.6,9,5.58,51.1
44.54,22.66,3189.1,17,1.43,40.0
61.47,54.33,4053.4,5,3.72,36.5
62.9,45.77,4834.9,21,8.2,22.5
26.6,84.0,2327.5,11,7.53,35.5
42.6,14.0,3952.5,23,3.55,33.8
40.11,28.2,4593.6,0,3.04,12.7
12.36,72.66,3448.3,6,1.14,36.9
12.18,13.55,1289.4,11,0.4,43.7
84.85,33.87,3078.5,6,2.6,52.6
34.58,39.84,4852.8,8,8.0,16.1
56.63,61.03,4939.0,19,8.15,25.2
36.89,19.23,3247.6,14,6.93,23.9
94.66,82.45,4446.2,22,3.05,68.7
33.34,45.28,1081.7,11,1.31,53.5
48.67,87.53,1305.8,12,5.1,58.0
88.55,47.11,4769.1,21,5.53,47.6
85.77,29.75,762.7,3,3.67,47.7
26.75,17.76,1036.4,9,5.91,28.7
82.24,5.34,2160.7,23,6.37,39.4
51.24,52.89,2989.0,2,6.68,17.5
53.47,14.64,3058.7,23,4.32,36.3
22.01,40.26,1530.7,4,6.75,21.1
17.25,58.03,4611.0,3,0.31,28.1
75.51,29.81,4584.0,18,5.82,36.2
54.68,20.77,2021.1,14,2.08,53.2
49.32,74.72,2228.0,22,2.37,57.5
75.66,90.21,3542.2,6,0.87,67.9
78.9,14.04,3348.7,21,1.72,50.0
24.3,19.0,1973.3,2,8.43,5.0
64.92,91.4,2129.8,24,3.59,65.5
22.18,8.4,1805.4,15,7.89,15.7
77.62,92.99,1253.4,14,1.47,81.9
69.13,5.42,2344.9,17,1.81,50.0
96.1,83.63,3463.5,2,4.79,50.3
16.21,32.66,3735.6,13,3.04,33.3
15.13,89.47,3916.5,0,5.51,15.9
35.4,33.53,1936.2,6,3.65,36.3
33.55,63.89,3846.7,1,6.92,12.1
32.23,12.2,131.9,9,3.73,39.9
91.56,26.81,2437.5,23,4.91,51.3
32.46,74.63,3990.1,24,2.8,45.7
34.48,52.58,3187.2,15,6.01,31.7
78.35,88.52,2422.9,11,5.6,62.6
50.48,43.59,3258.7,17,3.43,47.3
79.9,83.28,4544.0,5,2.42,54.3
15.88,45.41,2875.3,16,5.26,21.0
53.88,93.13,4019.0,7,8.02,41.6
13.03,91.39,4905.6,20,1.21,41.6
15.64,34.62,3557.3,8,6.81,16.6
91.58,84.73,2909.3,18,4.66,67.5
22.53,81.29,283.7,1,4.51,38.0
57.92,23.96,1934.9,6,8.18,30.3
47.0,61.19,2870.7,10,5.19,41.0
41.26,11.54,4006.3,22,7.08,20.1
90.99,80.3,2246.7,12,4.42,68.1
11.96,20.71,4804.3,9,2.2,30.7
69.74,11.37,1431.8,14,5.93,44.1
96.71,41.02,3748.4,20,7.85,41.1
60.42,56.92,2153.3,6,7.17,34.3
94.31,81.94,2481.3,5,1.77,62.0
14.7,92.68,4032.3,24,2.76,44.5
47.69,44.55,1551.5,11,4.44,49.1
33.41,10.44,574.4,2,4.9,22.1
75.77,72.42,2649.3,15,1.73,60.9
98.32,55.87,2691.1,19,2.03,66.7
33.09,45.31,4006.1,8,6.47,25.7
68.88,32.83,4844.8,9,6.23,36.5
27.83,50.22,371.0,12,7.15,35.6
60.88,35.48,2999.3,7,7.94,31.2
51.75,73.13,3438.3,5,2.69,42.6
97.48,53.95,4930.4,2,7.32,27.9
64.77,83.92,4718.7,11,5.69,44.0
41.46,53.92,3591.0,8,8.15,28.7
20.27,26.44,2656.8,8,2.39,33.1
23.61,81.6,891.5,10,2.37,61.9
30.28,55.15,1982.5,5,6.02,27.0
32.59,23.62,2967.1,1,7.9,5.0
86.56,61.12,3653.5,6,7.03,38.3
60.51,37.19,3213.5,8,6.21,34.0
57.11,81.0,3599.2,24,3.35,55.2
20.33,45.8,2202.8,18,6.13,26.5
87.41,70.38,3665.4,17,6.83,47.2
75.05,13.6,804.3,11,6.43,46.6
16.09,40.64,896.7,20,5.79,22.3
73.71,93.49,897.9,10,0.5,82.6
58.92,77.76,4465.2,9,5.64,38.5
17.36,19.39,472.6,22,4.12,32.0
51.25,30.0,4027.4,2,8.18,6.4
53.62,34.68,1244.5,11,5.2,43.6
24.92,63.53,2395.3,3,5.21,23.4
95.11,73.13,4588.2,9,8.45,47.2
86.5,72.46,2971.1,1,0.89,55.9
70.21,50.89,1129.6,11,2.42,69.7
51.61,77.97,1492.0,10,5.61,54.1
47.06,44.34,4610.2,13,2.75,36.6
68.59,16.15,2193.0,14,3.01,54.5
59.09,55.8,2976.2,13,7.6,37.0
15.6,90.71,2353.7,11,4.97,47.0
56.13,76.37,1954.3,1,0.96,49.2
82.58,57.08,1194.1,22,2.71,69.7
51.33,63.21,3462.3,1,0.74,41.1
14.68,88.75,3619.4,0,4.77,15.6
80.77,43.55,1446.9,19,1.56,71.7
28.12,34.83,3966.2,14,7.3,22.9
33.28,92.95,4287.2,21,4.95,33.5
24.82,82.71,4611.3,9,0.6,51.3
39.72,34.07,889.9,19,2.63,47.0
78.11,46.74,1589.2,0,5.28,26.4
56.74,42.36,4315.7,0,2.92,24.5
28.44,18.42,1072.8,24,4.41,36.4
89.0,91.2,117.0,0,7.74,48.4
89.16,41.39,4367.1,22,3.04,54.6
88.35,83.78,1699.6,10,2.92,77.5
31.49,22.04,2131.0,11,6.99,21.7
50.61,54.31,2287.0,14,2.78,53.2
98.65,7.16,4256.5,13,0.75,58.7
79.48,73.78,1755.7,22,1.62,77.6
12.45,57.28,4472.2,0,8.07,5.0
15.87,61.3,3123.0,0,7.94,5.0
51.75,9.65,2683.7,5,1.99,35.2
91.83,23.99,1695.5,23,4.75,51.2
58.48,11.69,1294.2,22,1.25,56.1
54.8,31.0,3157.9,21,5.77,29.7
19.49,61.47,2289.8,2,1.66,33.4
69.11,55.96,4561.5,13,0.52,58.4
83.99,60.09,2509.0,22,7.03,45.1
44.24,54.43,2607.8,5,2.83,36.8
79.81,29.57,2141.9,7,1.01,58.2
96.8,27.01,3967.4,19,7.1,38.9
28.34,17.34,2181.7,24,6.5,27.2
57.1,81.42,1419.8,14,5.84,53.9
35.84,60.48,4324.0,16,7.75,24.9
81.36,21.79,3024.5,22,4.21,50.9
61.98,20.95,2998.4,8,1.18,54.0
67.11,83.57,3093.0,15,0.62,69.8
81.81,71.85,3622.3,0,2.77,40.3
45.64,64.35,1634.0,15,0.83,64.1
92.36,41.62,265.8,18,4.6,63.5
57.97,28.58,4071.9,22,0.22,55.8
24.22,93.15,731.6,8,3.83,58.0
72.63,76.75,3636.9,16,1.6,65.1
81.39,32.16,503.3,5,3.19,57.4
38.51,81.28,1939.0,13,5.77,46.4
87.15,73.3,408.8,17,3.05,75.4
91.55,31.74,2658.8,20,2.97,60.5
34.92,43.39,3300.4,13,8.42,19.7
98.52,21.74,940.0,22,6.14,60.5
22.66,14.99,1921.0,6,4.42,21.5
28.18,70.05,4658.2,9,4.97,32.9
26.58,29.08,2267.7,15,5.31,26.6
90.46,78.81,4032.5,6,0.31,66.8
68.89,94.6,4643.2,19,0.77,61.1
23.69,11.9,4874.3,5,5.55,6.1
49.63,47.57,4501.8,5,3.16,31.1
65.38,77.19,1655.3,6,0.57,71.8
17.51,76.01,4816.6,24,2.6,38.0
89.42,73.4,4080.7,21,1.19,69.6
82.32,36.41,4202.2,16,7.8,29.6
55.47,45.85,174.3,7,1.8,63.1
97.04,58.55,4775.8,1,1.31,45.4
47.6,92.65,3912.6,18,5.36,41.1
98.57,34.48,3863.0,20,4.48,53.3
70.11,88.08,499.5,21,4.94,63.5
67.12,29.24,1239.6,6,3.76,41.4
24.94,94.02,4815.1,11,4.02,42.8
89.37,65.32,2553.3,19,6.64,52.5
48.47,46.72,2049.5,2,1.95,33.4
24.6,60.21,4215.7,24,3.43,31.9
11.13,29.53,528.0,3,8.15,6.0
60.38,29.68,2143.0,24,1.7,57.5
57.47,15.22,1940.9,24,2.57,42.2
74.74,15.26,1814.3,10,1.71,52.7
90.12,36.29,1607.7,11,0.27,76.2
17.15,73.66,1129.4,18,2.37,50.3
75.83,59.72,947.3,18,0.49,76.7
26.87,14.23,3238.0,10,1.4,33.6
87.24,81.7,4605.0,12,3.15,67.6
83.72,59.12,2593.4,23,0.27,68.9
58.67,91.48,1560.1,0,6.42,35.5
73.92,65.32,879.9,5,6.78,52.0
38.29,20.77,4167.7,21,3.56,28.4
52.41,47.64,4860.3,24,8.37,19.3
83.95,63.36,1810.9,15,5.8,60.0
51.33,7.54,1525.7,1,6.35,17.0
42.2,6.34,3047.3,13,1.72,35.8
54.48,16.65,3899.1,23,7.13,27.0
84.54,27.65,2331.5,22,8.04,39.2
40.17,43.66,3187.4,17,2.09,46.5
25.64,48.87,3611.1,16,5.87,30.7
74.08,17.42,4806.9,19,6.37,31.1
84.34,65.61,908.7,17,2.66,73.0
19.06,58.65,4987.2,18,4.09,25.1
31.59,31.5,2021.6,14,0.92,55.8
22.78,6.23,3643.7,1,1.55,9.6
41.31,11.99,2904.8,24,0.62,44.6
50.53,40.25,2484.7,3,4.81,30.0
77.39,18.86,3520.6,0,5.35,20.7
68.6,38.91,2039.2,7,7.8,42.2
65.88,61.54,717.9,19,4.65,59.4
41.71,54.25,2495.6,13,2.29,49.9
85.73,25.81,2657.4,10,0.6,68.4
52.42,35.94,1089.3,23,7.53,36.2
98.12,60.26,4684.5,23,4.12,58.9
67.07,82.48,1214.6,24,6.29,57.8
21.36,72.79,2105.2,13,0.22,59.2
70.86,54.81,859.2,15,4.2,62.5
39.26,37.61,2725.4,9,2.84,41.1
71.77,37.85,1607.4,6,0.35,56.4
16.27,84.15,2497.4,15,6.62,28.6
25.74,8.53,1200.6,3,4.41,12.9
87.02,93.92,363.5,11,2.9,82.1
30.45,64.79,3918.2,11,6.87,20.1
85.33,66.3,3241.3,1,3.85,42.0
35.13,8.42,1769.6,5,0.13,39.8
67.86,59.5,332.7,19,8.03,51.7
72.47,48.63,4341.3,14,2.25,53.8
56.14,14.52,932.0,14,7.08,37.5
37.48,30.01,4660.6,21,6.96,18.9
29.14,85.13,2445.1,15,1.46,55.6
12.99,54.5,1767.9,23,4.08,36.5
37.36,42.21,3734.6,2,0.44,29.6
68.78,11.54,4396.5,0,3.08,19.3
94.45,69.27,1916.5,20,6.24,56.1
88.41,68.26,2096.0,11,2.09,75.5
78.95,60.26,2222.5,14,1.08,67.1
80.96,50.92,4619.4,18,4.36,47.8
69.85,44.04,3493.6,5,4.61,38.8
33.43,58.39,1313.5,18,5.78,44.3
91.65,26.01,1006.5,16,6.48,46.8
70.37,89.71,1228.8,8,5.94,60.4
60.44,57.99,1391.5,20,7.2,46.5
19.99,33.01,1227.9,12,1.97,48.7
50.23,45.47,3326.7,14,4.89,38.4
51.43,77.51,668.1,15,3.12,62.0
87.81,19.55,1998.1,12,8.18,45.1
59.2,31.36,3162.8,1,3.8,27.5
44.24,66.16,1525.2,1,8.16,24.0
97.91,33.39,419.8,10,6.56,54.3
19.96,76.33,500.9,24,6.14,44.2
48.03,16.74,717.2,15,4.23,40.1
13.78,73.64,4195.6,16,3.82,29.2
76.59,11.15,3323.5,2,4.52,27.2
92.63,6.13,416.2,22,2.57,65.3
35.2,85.84,2016.2,0,7.7,17.3
87.25,57.32,1465.1,17,6.77,59.6
36.3,36.66,2932.4,13,6.83,25.1
91.97,25.93,2661.7,21,3.74,54.1
77.86,60.52,2457.5,8,0.7,70.0
82.44,50.81,1641.1,8,5.84,53.8
11.62,94.24,775.2,11,3.25,57.0
96.65,93.49,3737.6,23,7.41,53.2
75.4,62.15,4411.3,2,6.65,23.7
37.43,44.86,4726.3,1,1.32,19.7
84.65,49.2,387.2,0,5.15,48.0
35.34,66.42,3725.6,8,5.91,32.4
88.55,14.14,3659.9,12,4.87,40.5
20.13,34.55,4740.8,20,4.42,20.4
73.33,11.77,1339.3,15,2.01,58.8
58.66,11.6,3736.7,18,2.08,43.2
18.69,22.63,367.7,9,6.55,26.1
31.77,48.67,3193.1,4,0.26,38.4
11.12,75.63,1819.2,13,6.64,27.9
52.19,48.69,3867.7,14,4.53,39.5
37.11,35.19,4330.2,2,7.96,5.4
63.85,12.41,1887.6,8,8.48,26.5
36.75,54.53,2675.4,0,5.67,17.8
36.99,29.41,675.3,0,3.56,23.4
76.89,60.34,2142.8,18,4.09,55.8
14.33,92.95,1867.9,5,1.82,49.0
91.26,15.02,997.3,10,0.93,75.5
86.7,24.09,4482.9,17,4.96,42.7
70.1,47.58,825.6,13,6.87,47.9
63.39,92.18,3215.1,15,2.3,63.3
90.31,74.46,4461.7,0,3.63,45.4
26.68,85.84,4568.6,23,4.76,36.8
17.11,35.03,3986.9,9,7.73,9.5
31.56,94.28,963.1,24,1.26,66.2
81.51,14.25,4105.4,9,2.09,49.0
13.12,9.77,1455.2,12,7.82,15.3
62.45,82.0,4619.8,0,0.43,46.9
99.59,88.45,3574.5,2,5.61,51.9
87.01,13.15,3947.8,13,5.47,39.4
56.93,15.21,516.7,20,3.32,49.9
15.73,7.99,2955.5,15,4.03,22.8
84.82,14.41,4123.6,22,7.28,29.5
63.91,23.85,4321.8,19,1.49,48.8
20.34,92.31,240.3,5,2.05,54.0
18.45,65.11,4701.9,0,4.4,10.0
91.87,75.07,312.4,19,3.54,82.4
70.23,74.85,3111.1,23,4.92,55.3
84.64,53.16,3497.6,4,7.84,32.2
89.11,76.77,626.0,7,7.8,56.5
61.46,58.62,335.3,11,2.03,67.5
56.57,33.31,3946.1,0,2.64,19.7
48.74,55.5,1984.9,12,1.46,59.5
38.53,53.02,624.9,8,7.89,30.2
49.11,79.11,3837.1,19,3.44,52.5
79.65,93.36,4260.9,24,3.88,62.8
64.17,41.99,2978.2,23,6.84,37.4
90.33,73.71,890.1,7,4.41,67.0
49.9,13.98,174.6,12,1.11,56.3
64.64,74.91,3533.9,1,3.78,31.2
66.82,38.43,2795.7,14,5.4,45.4
63.25,8.55,3288.9,13,6.14,29.1
73.24,37.69,4084.6,18,5.52,43.9
31.37,59.96,2227.7,8,1.1,54.4
56.11,15.73,710.1,18,2.66,52.1
19.38,88.16,4705.9,13,6.26,29.3
44.61,11.99,2771.8,7,7.49,15.9
53.89,88.7,3114.9,4,0.5,55.5
68.7,68.64,4673.7,6,0.45,56.3
95.55,34.67,4664.8,3,5.5,30.8
64.06,40.17,2903.3,7,4.7,40.2
76.92,71.67,1558.3,3,1.4,60.3
55.56,59.13,4985.9,20,4.71,37.9
67.07,65.45,3436.0,0,8.29,24.0
16.38,40.02,2101.3,7,5.4,25.0
32.9,48.9,2843.2,6,3.87,31.8
42.57,94.09,2137.6,10,7.05,44.7
52.52,24.25,4452.7,20,1.89,44.5
14.11,42.61,2464.2,15,3.58,37.9
22.6,31.26,4135.3,21,4.53,29.2
34.91,73.86,4216.9,16,4.34,38.8
97.44,73.76,4139.2,23,7.84,50.5
39.82,31.32,3638.7,24,2.56,35.1
53.38,12.33,4288.9,4,0.57,31.5
27.65,6.03,1997.4,6,7.8,7.6
64.97,43.47,661.8,9,1.92,65.6
35.26,41.93,4228.0,12,3.28,34.5
28.63,93.96,2541.0,19,4.56,48.1
56.49,47.28,724.1,14,8.3,37.1
10.5,28.08,665.0,5,4.6,27.0
10.69,85.21,880.3,1,3.86,23.3
29.72,49.2,3779.8,3,5.0,16.8
13.3,58.93,3583.2,20,8.25,15.8
19.72,13.61,1098.7,13,6.97,15.4
40.5,39.46,4249.9,24,1.52,42.9
82.23,89.98,1478.3,24,6.85,60.9
61.48,58.06,3985.6,23,7.17,36.7
56.14,36.01,2495.1,14,5.9,44.0
36.41,61.31,3684.6,13,5.62,34.6
93.86,86.94,1968.8,3,3.8,63.8
45.73,29.66,1801.0,5,5.49,33.6
17.84,50.46,4222.7,6,6.3,16.4
65.54,91.28,273.0,12,1.13,78.1
20.25,20.52,4876.2,16,2.26,19.9
41.07,69.77,3276.1,16,1.73,53.8
55.67,60.3,2219.2,3,7.17,26.9
88.68,66.17,3177.5,18,5.81,58.4
54.42,36.61,701.4,19,3.89,50.4
73.2,33.25,2618.9,12,7.04,38.8
99.35,66.58,4927.0,8,6.12,46.8
21.83,24.4,1252.8,1,7.77,5.0
34.73,42.77,3639.2,19,0.75,42.9
45.51,21.94,2231.4,22,4.38,34.6
47.96,5.75,3297.0,17,6.04,23.7
46.99,92.31,1103.9,23,1.84,66.8
91.68,43.85,2405.3,19,2.85,71.4
74.26,92.24,4902.5,24,3.62,59.3
64.71,17.63,1056.9,16,6.77,42.4
37.84,57.86,3218.6,6,4.25,34.6
84.14,23.09,2920.4,16,4.24,49.0
95.96,76.11,2868.8,9,3.72,66.8
83.91,75.53,3114.1,24,2.02,76.6
10.14,15.13,2561.0,13,7.85,9.3
67.28,87.09,183.0,11,2.77,73.1
14.6,22.52,4510.5,11,4.87,13.4
33.18,60.17,4152.2,16,1.35,46.3
15.36,93.71,953.4,18,3.75,56.1
64.34,84.42,2125.0,22,7.69,51.5
71.79,91.09,3875.7,13,8.46,40.5
20.3,35.83,4902.3,16,3.14,23.1
44.55,14.5,4760.6,14,1.39,39.0
51.06,21.95,4506.9,20,2.74,42.0
43.21,50.04,876.0,5,2.85,46.2
20.89,76.39,4580.9,18,5.51,32.4
47.71,18.51,4404.4,21,4.27,24.4
77.61,64.38,1947.1,19,6.56,50.0
16.39,34.12,2033.2,5,5.99,14.6
17.22,35.71,2353.6,5,2.21,31.5
41.93,64.57,3315.3,3,6.69,21.1
94.76,47.03,1378.1,0,7.22,34.9
70.17,78.08,212.4,18,5.13,68.9
71.08,19.03,792.0,10,7.89,36.9
42.57,76.1,2256.6,6,6.68,36.8
63.43,10.78,1481.8,1,5.1,19.6
10.91,22.46,3846.1,3,7.71,5.0
67.25,64.05,622.8,5,5.14,54.8
92.2,81.94,4595.6,4,4.48,49.8
65.13,27.74,4487.1,21,3.09,41.3
88.63,34.45,4552.9,20,7.52,33.6
75.16,53.34,3724.1,8,1.13,56.6
20.85,24.04,624.3,10,4.08,37.5
91.22,78.0,2246.9,17,4.61,68.6
15.98,74.63,743.9,19,4.76,50.7
58.06,18.08,4939.7,16,5.58,24.4
22.79,46.74,1731.9,12,4.35,38.3
11.05,74.73,2968.1,22,2.26,46.1
47.98,35.36,3919.0,16,7.3,27.8
36.55,61.98,4611.0,21,5.62,28.3
53.74,9.52,3802.2,9,7.31,19.6
61.95,59.78,3405.1,24,2.42,53.0
13.94,18.74,2383.3,17,5.45,18.2
21.07,79.75,3066.5,16,6.1,38.1
60.28,36.99,561.4,11,3.32,56.7
40.89,30.34,4431.2,14,6.92,19.7
75.63,80.68,2764.5,18,0.12,75.9
68.71,9.51,296.7,21,5.1,47.6
86.1,40.69,4607.5,14,5.25,42.8
72.32,38.3,2497.6,12,4.58,46.6
48.69,30.63,4356.1,6,5.39,28.1
70.57,87.06,4298.8,10,1.5,62.3
34.78,72.58,4097.2,7,5.85,28.2
37.57,10.75,400.9,19,2.92,43.8
81.01,69.32,1310.6,15,3.9,73.3
50.18,52.46,4390.2,23,2.9,40.5
81.85,86.08,4505.1,22,4.08,60.0
84.02,33.17,2344.5,10,5.32,49.0
87.18,56.67,2256.2,23,7.14,51.4
92.5,50.07,958.2,4,4.16,59.3
48.79,49.06,4845.2,6,2.82,29.9
38.7,46.05,1144.4,15,4.2,43.1
62.4,23.51,1035.6,15,5.89,45.7
43.41,73.01,3337.6,19,3.01,49.8
64.1,45.62,1289.9,16,3.58,56.8
73.5,91.27,4700.0,18,4.83,55.0
71.96,28.47,153.4,14,2.57,60.0
43.71,66.45,128.2,24,1.86,68.1
25.02,89.66,2573.9,14,1.28,58.9
48.75,64.71,2491.5,19,3.06,53.3
22.83,83.41,900.5,20,0.51,64.9
90.11,79.47,2523.1,14,5.0,67.3
41.13,37.41,2117.1,2,1.58,33.0
23.9,59.01,4462.6,11,3.27,35.8
12.29,19.06,145.3,5,2.36,38.0
68.12,53.2,4883.7,19,5.4,40.6
67.32,25.74,3159.5,4,7.24,21.3
40.65,71.94,844.0,10,5.42,56.8
16.45,52.53,329.1,22,4.66,42.0
46.87,42.01,2736.7,11,5.72,40.1
38.01,29.19,1251.0,6,0.35,48.1
70.94,94.88,1575.7,8,1.13,81.5
64.52,11.45,1301.1,17,0.9,55.5
42.81,8.92,3285.8,13,0.92,41.8
29.61,24.55,2812.3,3,2.29,22.9
98.92,92.4,482.1,7,4.57,83.0
50.86,93.13,2680.0,15,1.06,66.0
71.94,63.94,3976.8,3,7.95,21.6
22.65,84.21,497.9,18,7.28,41.8
53.7,24.26,4459.7,5,8.26,12.2
12.48,92.48,2933.7,18,0.46,54.1
55.49,17.85,4758.1,14,7.25,17.0
96.76,14.1,825.9,11,6.85,53.2
44.58,15.1,4968.5,11,7.68,16.4
13.51,56.58,3256.9,1,4.53,7.5
12.79,75.29,2880.7,8,6.72,25.6
44.92,38.0,2624.9,2,0.53,37.4
24.4,93.01,215.9,0,0.74,46.8
12.1,44.1,4704.2,13,1.1,34.2
78.06,18.54,3255.6,12,7.78,37.2
51.27,46.94,549.0,24,0.61,64.2
36.03,66.11,202.7,4,0.94,59.8
91.01,79.9,348.8,6,7.92,53.3
20.45,46.29,3086.0,13,1.0,44.2
96.03,58.42,3108.7,15,7.41,48.1
38.26,29.06,2548.4,17,6.73,28.3
89.96,63.13,1603.2,13,0.44,74.1
64.26,93.74,2705.5,0,0.28,50.3
84.4,9.41,2629.9,5,4.59,39.2
98.56,84.79,195.1,20,8.48,63.4
35.96,55.61,1484.1,9,7.48,33.4
96.5,27.69,360.6,5,2.7,67.8
45.05,90.94,4510.8,1,3.34,31.7
44.7,48.5,3653.6,6,3.36,39.1
40.63,34.85,4981.0,16,6.27,18.8
58.73,21.33,1580.6,23,2.97,45.2
23.87,27.0,4404.6,13,1.34,32.5
59.83,79.96,3055.0,22,6.38,41.9
58.75,60.3,2320.3,6,3.95,45.4
78.57,87.19,1190.6,21,0.74,82.6
85.03,25.88,3718.1,20,6.74,37.4
49.64,15.9,4530.3,8,5.02,26.7
37.21,5.55,1253.0,18,4.21,36.5
33.34,50.71,959.4,24,5.76,36.8
27.52,94.85,3511.5,20,4.35,41.3
15.19,67.55,4887.2,23,5.55,16.7
40.82,32.76,3774.8,10,7.39,20.4
34.32,83.92,1494.4,2,5.25,35.8
96.98,75.36,2157.8,22,5.64,68.9
60.19,6.39,1983.2,3,5.26,24.4
41.25,78.52,4275.3,4,4.56,35.1
62.24,32.05,3879.7,3,1.54,37.5
22.53,18.47,2986.0,12,2.92,30.7
49.96,25.37,1447.3,8,5.92,35.5
66.36,47.17,4696.1,22,3.67,36.2
54.0,43.24,3301.2,13,3.51,47.9
46.16,31.0,4855.3,15,6.48,21.7
99.45,20.5,2942.6,21,0.15,71.8
89.23,73.6,4123.8,5,5.8,42.5
66.11,94.11,4084.2,9,4.21,62.9
61.24,75.0,1752.9,22,3.26,61.0
65.86,31.63,4823.7,20,2.96,39.2
28.12,27.03,207.5,12,1.55,49.7
45.56,24.59,3866.7,2,2.91,22.0
13.55,17.3,4831.2,10,3.39,17.7
52.8,54.62,1760.7,2,3.77,35.3
58.87,59.49,3275.7,6,5.75,31.8
30.5,68.5,2854.9,9,3.91,40.3
96.76,66.22,3831.4,0,6.79,34.6
91.85,31.31,4344.3,3,5.47,28.3
74.99,34.73,3054.9,7,1.69,49.1
58.0,66.34,4097.9,19,2.43,48.8
88.3,36.45,1630.2,16,0.77,70.5
21.76,24.14,1220.1,4,8.04,8.3
81.15,38.69,2210.3,16,7.55,42.0
21.23,29.49,3420.9,8,0.81,35.9
81.48,12.95,1017.5,7,4.92,51.0
34.82,79.71,3433.7,6,8.17,26.3
88.94,81.78,2031.1,4,6.38,57.8
94.96,24.78,3998.3,3,4.23,35.0
23.39,10.83,280.5,22,2.13,41.5
51.64,71.49,3373.1,2,2.44,42.5
98.29,24.04,3284.1,7,6.28,44.0
53.51,40.41,4710.6,4,6.66,13.9
87.72,10.77,3595.5,4,4.54,34.8
62.99,25.36,4001.9,16,1.12,49.7
43.78,76.36,4532.5,14,7.94,23.1
35.72,77.4,3407.8,7,7.2,28.6
28.29,23.64,1521.8,6,1.28,40.8
78.56,35.23,4361.9,16,0.58,61.2
44.79,17.08,3763.1,11,4.6,30.9
56.01,11.68,2179.7,3,2.49,30.9
54.31,94.3,3581.6,19,2.48,57.5
61.96,64.0,4351.7,24,0.83,59.8
87.9,53.79,4880.7,17,8.11,29.0
98.27,73.89,4766.5,3,7.07,34.1
46.68,80.61,1694.1,9,1.06,70.2
84.48,77.6,2166.3,2,7.46,40.1
78.81,6.49,636.7,4,5.84,34.0
61.62,21.81,1313.0,11,2.83,48.2
96.04,63.94,4423.9,22,7.42,48.5
28.04,38.82,1868.2,4,5.12,24.3
19.83,93.42,3140.7,4,7.23,21.8
86.86,64.89,3363.2,3,4.04,47.6
49.52,91.09,3931.0,24,4.31,49.8
86.23,23.13,995.7,5,2.54,55.8
90.38,82.76,1593.6,9,3.36,70.2
15.62,33.92,2296.8,5,4.87,17.1
89.51,94.06,1887.7,21,8.06,61.3
50.35,19.19,4916.2,21,5.14,26.4
55.94,51.47,4191.2,0,1.34,32.1
66.39,76.36,2450.5,15,0.16,70.2
93.37,43.94,4408.4,10,7.25,43.0
11.72,47.13,1803.5,5,3.16,29.0
52.92,93.77,3950.6,19,2.75,60.5
71.89,43.28,1196.0,17,6.83,45.1
75.04,59.37,3884.4,5,8.04,28.3
72.33,9.91,2336.6,16,6.38,35.6
22.1,80.8,626.7,11,1.56,62.5
36.95,63.34,1439.0,16,3.39,51.0
42.28,41.36,2071.1,20,6.48,34.3
82.4,6.46,3771.5,21,7.72,27.2
35.09,58.25,457.6,17,8.49,36.1
28.96,6.14,3331.8,9,4.4,22.7
96.17,5.11,3608.5,23,7.01,33.6
10.8,60.45,3304.2,19,0.49,44.3
99.8,22.01,3827.3,11,2.5,56.8
70.91,22.27,973.0,3,3.22,49.8
84.56,63.79,2976.8,9,8.29,42.8
36.52,9.83,4711.6,4,0.13,23.4
11.29,33.21,3092.8,3,2.69,18.8
76.41,18.45,3095.5,15,7.92,28.3
85.07,57.22,3708.6,4,2.68,46.7
76.64,64.56,1732.7,18,1.99,64.8
22.86,69.9,3532.3,23,6.23,27.2
77.81,27.97,4589.5,5,6.36,23.9
79.2,13.03,153.4,23,4.07,52.3
69.27,12.08,4363.6,20,8.05,20.9
78.95,43.35,1171.2,6,1.8,55.4
86.13,90.13,2334.0,9,7.77,57.6
65.22,24.6,4276.5,6,6.45,22.6
17.97,28.11,4137.2,21,3.19,24.4
53.89,14.08,4470.4,13,6.88,22.2
16.99,59.5,4708.0,9,1.22,38.8
46.68,66.19,2291.1,19,1.2,57.6
46.64,62.86,3316.2,21,7.91,32.4
15.94,82.5,2013.3,24,0.9,59.7
41.39,48.78,1818.5,10,0.13,55.9
19.99,17.1,2214.8,13,3.37,32.9
82.74,31.05,3741.1,11,0.97,55.0
95.29,64.62,2557.1,3,7.35,44.6
16.51,60.18,4088.9,12,7.85,14.9
95.96,52.79,3751.6,21,4.15,55.0
57.03,66.47,200.3,21,3.67,66.4
36.96,62.37,3188.2,2,4.63,26.7
16.92,84.32,2239.2,12,2.0,49.0
55.06,57.74,2337.5,19,2.6,55.6
81.51,75.07,4110.0,18,0.95,65.4
73.64,27.38,2783.3,14,3.85,43.2
14.52,66.04,4439.5,18,5.24,26.1
16.56,86.2,3592.7,19,7.91,24.2
46.26,39.72,2808.9,3,6.31,17.5
36.58,75.12,3797.2,5,6.17,31.2
30.91,70.23,287.9,14,2.69,55.1
35.29,10.36,232.7,3,7.56,15.5
82.31,57.34,508.4,5,8.05,48.7
93.63,16.72,2244.1,1,7.93,21.9
46.46,92.06,1253.7,3,0.43,58.1
91.55,78.03,4922.9,17,5.18,54.6
38.93,14.88,2757.2,14,5.5,28.4
52.88,15.96,3345.8,11,2.58,42.7
30.34,58.5,1466.2,7,8.44,33.0
67.64,36.04,1676.8,11,2.55,55.7
98.11,8.14,1743.8,8,1.92,63.3
64.31,53.75,3523.8,6,4.17,38.5
42.2,39.91,2421.2,21,2.81,47.2
68.3,14.1,2636.6,7,7.86,27.4
21.06,77.17,3000.8,19,3.8,40.8
89.98,87.36,3867.2,9,3.55,63.6
55.28,73.09,542.8,10,5.36,55.7
50.44,79.02,3906.7,1,0.78,42.3
62.73,24.48,2859.9,3,6.46,18.6
66.23,28.72,3378.6,20,6.55,33.0
16.46,23.77,1705.0,24,4.08,30.6
71.44,73.86,2106.0,20,8.13,42.0
31.77,90.31,1232.7,24,4.97,48.2
74.26,69.52,4898.6,8,5.94,41.0
84.03,84.33,2535.3,7,7.86,55.0
82.36,62.48,4980.8,4,5.7,32.1
59.73,39.89,2500.0,13,3.73,47.7
56.82,43.32,1176.8,1,0.31,44.3
22.86,11.78,2586.5,20,6.22,16.5
79.78,7.83,294.0,16,8.2,35.7
34.43,67.59,4533.4,7,4.05,36.2
54.7,44.46,4110.9,1,2.95,22.0
35.58,54.7,3656.5,22,4.46,38.6
22.04,55.19,3088.2,14,6.22,28.8
66.66,29.96,2941.2,1,0.11,41.0
14.89,47.83,4984.0,10,7.55,13.6
77.38,47.37,1462.2,13,7.55,56.0
38.58,39.96,3920.5,20,4.65,33.0
10.01,78.86,2948.9,9,1.13,44.1
56.0,45.6,4881.8,6,5.74,30.8
14.22,59.33,4156.2,21,1.26,39.3
34.86,85.6,4992.8,13,4.36,44.7
73.63,82.96,2982.8,12,0.89,70.0
15.64,85.14,1102.3,20,5.05,48.5
85.54,29.3,2568.1,21,2.77,57.3
10.34,8.15,3584.4,1,7.08,5.0
32.21,28.5,3894.4,9,6.82,18.1
76.68,30.08,102.5,0,8.49,33.2
38.46,86.84,2574.6,0,2.26,38.3
19.17,63.43,1252.6,23,0.62,57.9
42.42,12.35,4387.1,2,3.82,17.1
34.34,17.18,849.2,10,0.8,47.8
85.84,19.01,3365.6,18,1.6,58.6
38.2,61.74,1403.7,8,5.12,44.4
81.0,71.19,1847.1,12,5.07,61.5
90.27,82.37,4708.7,21,0.46,72.0
49.04,89.66,1278.2,3,3.82,50.3
91.89,23.15,565.5,19,4.55,61.3
43.96,32.88,439.5,22,2.35,51.9
96.77,26.63,2572.6,5,7.43,37.1
18.04,37.29,3244.4,1,1.45,13.1
71.83,87.32,1703.7,8,2.23,75.3
54.44,56.76,3482.3,17,1.42,59.4
44.89,71.44,399.1,23,1.08,68.8
66.94,49.11,4300.9,3,7.48,15.0
73.35,7.6,4101.2,0,2.43,24.9
10.39,10.78,4928.9,0,6.17,5.0
25.03,53.41,4688.9,24,3.7,31.0
74.17,69.69,1845.4,19,5.44,59.0
69.97,24.38,2056.4,16,7.9,36.4
96.94,69.97,3755.2,18,7.19,54.5
78.49,77.96,757.0,2,0.68,67.0
95.57,42.07,1638.7,22,7.2,52.7
73.23,72.18,680.9,21,3.9,69.5
36.82,41.36,2328.9,23,3.04,43.1
19.48,66.05,2804.8,22,5.75,29.9
80.36,73.76,1134.7,16,8.08,55.1
67.97,94.27,230.5,2,0.89,64.9
14.34,36.09,3624.8,24,6.55,16.4
42.4,41.99,198.0,3,1.81,41.6
96.11,19.91,4869.7,12,3.29,45.9
55.04,23.37,1185.9,14,7.44,32.8
48.95,67.41,3353.1,11,4.68,41.2
51.19,87.53,2230.3,2,0.67,56.8
28.8,40.51,392.4,20,4.37,46.4
43.18,21.19,2413.7,7,6.73,28.6
43.28,30.66,2632.1,0,4.54,15.8
14.71,45.95,4287.9,17,1.5,32.9
79.08,31.16,3688.5,12,3.84,49.7
47.49,26.02,488.6,6,7.86,29.0
84.0,71.24,1124.9,12,5.63,63.4
86.53,5.71,1628.2,16,6.23,35.8
29.08,53.53,670.4,12,6.7,39.7
69.16,76.44,2338.8,12,0.86,72.8
52.51,28.96,4923.1,10,4.98,28.5
89.21,59.3,2621.6,13,3.26,66.6
29.42,65.2,3735.2,20,1.27,49.0
71.0,63.95,3446.4,9,1.8,58.7
64.7,45.13,4264.6,7,6.66,30.4
36.58,36.19,1157.0,5,1.46,41.6
22.29,80.23,3793.7,18,2.72,47.5
68.65,73.26,4418.6,22,2.49,58.9
76.47,33.91,940.4,18,0.51,67.3
38.41,14.27,1799.3,11,3.98,37.7
68.03,11.46,4853.5,20,6.53,25.2
45.56,13.48,3925.9,6,0.29,35.6
74.19,57.46,1484.7,17,1.05,71.1
27.93,9.65,2863.3,19,6.15,21.8
90.12,35.32,2081.2,17,5.09,57.1
35.87,72.79,2500.8,22,6.11,46.4
43.1,31.49,1840.3,2,2.03,33.8
15.23,73.7,1468.7,8,6.85,33.2
20.04,72.09,3406.3,5,4.13,31.1
56.43,27.12,3914.9,0,5.23,12.0
34.08,70.59,4382.4,9,0.87,47.2
85.19,72.3,861.1,7,1.82,72.8
11.32,40.77,4132.0,22,6.6,5.0
44.12,23.94,1348.5,16,1.98,51.3
40.36,51.91,2193.9,2,0.88,35.3
11.74,87.93,4517.1,2,5.12,12.5
21.19,62.57,2327.1,2,4.7,23.2
47.23,20.56,1065.6,6,5.21,33.2
54.36,66.45,883.4,21,5.29,60.0
46.39,43.45,2417.6,10,4.3,37.8
57.78,58.24,3837.1,17,4.25,51.3
63.56,71.07,4986.3,4,7.86,26.7
10.89,51.35,3958.3,21,4.58,27.5
51.77,78.26,4397.4,1,5.29,28.4
96.71,69.99,3764.4,13,2.34,69.3
56.71,60.36,4487.6,0,7.42,5.9
70.98,18.57,473.8,3,0.3,55.6
38.07,80.24,4656.7,13,4.78,33.6
79.66,89.23,2042.4,14,3.32,68.8
79.56,17.33,4615.9,19,5.17,35.4
56.92,48.94,471.1,19,3.13,56.6
97.84,28.3,3604.7,16,6.13,48.3
21.3,72.91,3704.9,2,0.27,34.3
11.53,69.95,4984.9,22,3.51,30.5
79.31,17.68,3867.4,3,7.08,19.4
82.64,83.93,1974.6,17,2.2,74.7
20.82,21.29,2830.5,23,0.54,36.7
33.9,76.75,1896.1,0,4.27,25.0
11.58,46.13,1060.5,24,8.3,21.8
36.4,34.54,1317.7,4,0.64,41.0
79.58,19.24,1187.9,17,0.69,69.7
56.62,20.09,2789.2,12,5.1,31.7
41.33,64.57,4540.2,13,2.2,51.8
43.46,54.54,4572.4,19,3.55,39.1
10.12,15.99,368.3,2,7.08,6.5
36.98,15.14,491.5,22,1.77,46.9
68.18,11.51,1301.1,5,6.14,34.5
97.68,71.94,1349.8,10,4.34,71.0
86.24,69.07,565.0,8,7.7,59.1
12.12,10.26,2003.5,19,8.27,12.4
90.87,55.42,2979.9,18,4.17,61.1
80.49,12.62,2933.0,6,5.01,40.8
80.23,86.34,2762.8,21,6.37,58.0
51.22,86.64,1759.5,20,2.78,60.0
45.82,67.84,3561.6,9,2.0,45.5
37.26,88.36,4149.8,6,8.2,25.5
15.91,78.03,1796.7,4,3.73,35.5
30.54,79.57,519.1,24,0.11,73.9
32.19,56.27,1552.0,3,7.14,21.3
53.57,32.55,773.1,16,5.14,46.9
77.27,24.6,2390.1,4,1.52,50.7
52.64,34.45,864.1,16,0.35,63.9
15.21,61.56,2367.9,16,2.55,44.9
96.2,20.54,1182.9,16,7.89,44.0
94.85,28.28,3719.8,0,7.94,14.7
80.67,47.13,235.1,23,2.71,68.7
99.22,25.97,2818.3,1,7.12,21.0
59.0,57.98,930.5,24,3.81,58.0
96.65,88.09,104.9,22,5.6,73.9
16.8,72.33,4359.1,18,2.91,37.3
42.91,64.98,3390.5,8,4.43,41.4
30.28,57.44,584.8,19,2.57,50.6
27.62,48.92,3354.0,22,0.61,50.3
22.67,21.79,3097.1,14,1.27,36.8
66.02,85.52,2419.4,18,2.54,68.5
80.32,27.37,2154.4,4,8.3,27.8
62.05,13.22,4446.6,12,8.21,19.9
23.23,72.5,1301.2,3,7.05,19.8
83.0,20.81,2051.7,12,2.05,62.7
67.24,38.47,1712.7,5,3.81,48.1
44.93,7.55,3878.9,11,3.79,28.8
70.67,17.34,4590.7,8,3.35,39.8
33.39,20.59,4263.9,14,0.48,41.1
41.07,9.9,4008.7,20,4.59,23.6
92.57,64.1,4935.3,14,0.71,61.4
36.15,80.33,3516.0,16,6.84,33.7
52.3,38.6,3780.2,4,5.91,22.6
90.11,83.71,4915.7,4,3.06,52.0
73.69,24.2,134.3,24,5.54,55.9
15.6,34.29,3206.8,23,2.06,31.1
23.26,18.57,3721.0,4,2.33,17.2
10.71,60.85,4597.4,20,2.74,27.8
66.78,42.79,4430.8,13,6.79,33.9
50.29,60.2,4225.6,1,1.87,27.1
22.08,73.55,4734.4,8,4.83,32.5
96.21,54.11,2733.2,13,1.78,67.2
57.67,61.49,133.9,14,2.49,64.0
31.77,89.17,154.2,3,2.08,58.3
55.05,31.92,2768.7,22,5.52,40.6
71.17,37.32,2232.8,5,4.52,42.3
16.86,69.59,2311.1,13,6.16,28.6
34.72,60.02,2062.0,4,1.95,48.1
82.63,21.07,4596.9,10,0.18,54.6
51.37,38.85,1859.9,20,5.82,40.6
59.19,47.11,4295.5,13,1.06,54.3
48.95,42.75,4524.0,6,2.17,31.2
13.95,21.04,2547.6,13,2.67,28.7
24.92,88.2,2290.0,12,6.37,39.1
50.1,73.61,3829.0,17,5.36,42.3
28.83,48.32,3569.1,24,1.65,38.2
14.5,66.21,1709.8,1,5.12,20.3
85.93,85.76,602.5,8,6.05,68.0
98.31,17.26,1397.8,10,3.37,66.3
81.38,27.53,742.0,19,2.17,67.8
86.84,53.84,1544.2,10,5.8,56.6
31.78,76.91,1382.9,5,5.23,38.4
96.46,8.26,3224.8,0,0.75,43.3
27.72,93.56,4777.0,4,5.7,24.9
95.63,45.94,3460.1,21,4.2,52.3
99.53,37.33,4640.6,24,6.43,49.4
74.06,31.35,3942.2,13,1.7,49.1
98.3,20.69,3666.6,24,2.27,64.4
61.26,76.24,2128.9,15,4.66,56.9
33.36,90.99,1691.5,8,4.15,51.2
49.33,42.23,4246.8,18,3.35,32.0
63.42,90.72,4536.4,19,6.37,46.8
16.58,79.14,2314.2,7,4.84,32.2
66.01,48.29,144.4,7,6.07,51.9
98.31,65.66,3983.4,15,1.39,75.8
27.11,44.15,1496.8,17,6.22,29.3
81.33,55.29,148.5,7,3.98,67.5
91.71,10.22,4044.4,22,0.38,54.7
94.93,67.66,2635.3,8,2.07,75.8
96.41,9.75,3457.5,4,0.32,51.4
56.93,78.54,4582.0,1,3.94,29.9
97.96,79.25,2751.8,20,2.84,76.8
78.16,26.34,2565.7,13,8.39,36.2
24.55,34.13,1524.2,17,7.4,22.7
52.92,48.32,1595.4,12,7.04,45.0
74.65,58.7,4003.1,11,4.31,45.1
32.26,30.86,2300.2,14,6.88,26.6
67.66,58.32,901.3,20,2.34,64.0
69.99,31.8,563.2,14,4.81,48.9
24.64,9.99,2417.3,24,3.4,26.2
60.86,5.23,2378.3,22,1.54,47.6
79.45,14.1,3301.9,22,0.71,56.7
54.9,76.3,2408.2,0,4.79,35.1
11.09,91.53,803.0,24,0.92,64.8
10.81,43.43,2588.2,21,6.13,23.7
42.13,51.14,4543.3,6,7.84,15.6
93.36,18.22,881.3,12,1.46,71.7
30.58,54.59,3479.8,17,4.06,34.4
67.09,18.02,3009.9,0,6.31,9.1
29.99,60.01,3768.1,10,2.51,44.5
38.95,88.99,837.9,12,7.83,49.1
86.32,22.61,4713.9,19,7.56,28.1
75.6,73.81,3142.7,8,0.97,74.8
18.59,7.12,4250.6,24,0.33,31.9
48.58,38.79,1308.4,15,8.3,33.7
12.63,14.97,3723.1,10,8.13,5.0
53.28,36.72,3927.1,2,3.65,27.4
69.62,20.62,2047.4,16,0.52,54.9
20.67,38.6,1981.4,1,5.3,11.9
36.0,42.58,3323.2,8,2.56,38.8
45.81,32.05,557.7,8,7.97,30.0
92.76,64.1,3704.6,15,6.78,52.5
99.39,87.7,310.1,0,5.56,57.0
14.04,41.05,1033.9,24,2.49,44.7
78.49,22.31,3354.3,16,5.99,37.8
43.46,29.37,581.8,9,2.53,54.3
45.32,81.86,4862.0,19,0.42,55.7
77.88,56.45,4355.1,4,4.37,37.2
92.66,45.95,3168.9,7,4.2,52.1
95.58,18.47,4113.4,12,6.51,32.9
61.94,45.48,4449.1,20,7.37,32.9
42.14,30.06,1371.4,4,3.08,39.2
80.88,89.88,4262.1,3,3.88,56.4
32.59,84.57,1054.5,24,4.05,53.1
60.77,12.55,2125.4,7,2.82,41.5
42.27,51.5,2835.5,24,6.34,29.0
69.1,25.26,3598.1,22,4.49,43.3
31.64,41.97,247.7,6,7.78,30.5
27.24,83.92,1523.5,4,5.56,39.6
92.64,52.48,3081.7,9,1.88,63.9
19.16,35.08,1851.1,16,1.48,45.0
55.54,23.71,3897.6,5,3.23,29.4
29.88,77.03,3293.1,9,3.01,50.0
13.5,61.21,1248.6,15,3.52,44.3
13.24,47.13,815.1,21,1.64,42.7
25.77,24.57,3182.3,9,8.32,12.9
88.01,35.08,2307.3,3,1.32,47.4
35.42,91.39,927.9,1,5.58,31.0
95.54,51.81,1699.2,0,0.21,55.6
62.35,41.06,1584.9,2,3.52,36.5
49.3,51.93,629.8,12,2.7,57.5
62.21,75.11,2779.9,24,3.31,58.3
56.5,35.61,3841.9,11,4.28,38.7
78.29,21.08,2919.8,0,5.14,22.9
35.42,57.64,4148.8,20,5.0,33.7
41.77,64.87,725.1,9,5.4,45.3
90.47,69.14,2234.5,5,7.19,47.6
95.18,84.38,3086.1,8,7.55,59.9
90.33,38.41,3412.4,0,6.29,25.0
47.75,11.78,3509.4,11,0.76,44.4
80.23,91.25,3671.9,4,8.17,38.8
52.87,44.15,3292.0,0,8.06,10.8
54.78,61.09,561.7,1,6.08,34.3
28.42,64.97,3507.0,13,4.45,39.1
63.2,54.19,3651.4,1,2.21,37.4
26.75,23.47,4968.1,4,6.45,5.0
39.84,72.96,3497.5,9,7.47,33.4
86.95,77.34,3465.5,19,5.69,53.0
28.64,54.77,2622.6,5,5.38,23.4
16.4,48.97,4352.8,4,1.72,23.5
16.21,15.25,4984.5,1,3.11,5.8
94.67,12.56,3917.3,8,6.17,38.5
55.62,35.56,3101.3,9,0.24,56.0
46.85,32.98,486.9,7,5.49,35.1
82.98,90.83,3661.0,24,6.54,54.8
85.22,75.53,3572.0,5,2.91,57.0
39.9,64.39,3900.3,4,0.74,33.9
72.43,51.59,710.3,20,6.98,51.8
79.4,20.06,3303.3,17,1.29,50.1
68.92,93.06,1549.0,19,3.21,67.8
23.64,38.75,3825.3,17,6.04,24.5
88.83,14.62,1277.8,1,6.96,28.2
58.52,49.44,3451.5,11,7.34,32.0
35.42,83.66,1545.5,7,4.56,47.1
48.27,84.86,144.1,3,4.1,49.4
13.38,5.99,3203.5,19,7.23,8.6
21.51,84.77,655.0,22,4.83,45.6
78.9,29.43,3330.5,3,4.96,35.2
10.0,8.51,4635.5,8,3.75,10.5
47.49,81.3,4849.3,8,3.23,41.1
57.03,82.75,1256.0,11,4.14,64.1
14.92,58.66,4065.3,13,3.16,31.2
97.58,56.7,1832.4,2,2.99,55.8
30.35,78.18,4512.2,5,8.45,17.0
37.38,75.77,3958.7,14,2.92,43.8
37.35,85.11,462.2,22,2.25,65.0
30.74,54.75,2095.0,18,3.07,47.3
10.13,92.09,1752.9,3,5.06,34.3
75.64,94.65,3947.4,0,7.75,25.7
97.02,15.49,2110.4,8,6.72,44.5
30.19,81.46,3454.5,22,7.17,33.7
69.67,49.98,3051.9,15,7.32,39.7
76.77,39.88,4880.6,22,7.83,29.5
86.36,60.18,4695.1,8,2.07,64.0
48.04,10.04,2195.7,11,3.95,31.7
37.26,50.58,3645.5,13,3.34,35.2
39.28,83.38,4164.4,14,3.31,41.3
74.14,24.21,4504.5,21,5.58,38.1
83.51,43.38,433.9,23,3.48,67.7
26.35,89.55,1580.2,20,5.28,42.7
43.38,43.57,1669.1,15,3.31,47.4
91.17,37.25,2228.8,7,2.71,60.2
82.6,44.65,929.4,9,3.07,59.0
98.64,51.75,2531.4,13,6.85,53.9
77.88,61.88,3349.8,16,5.15,47.8
45.39,77.06,2537.1,2,8.28,23.1
63.16,45.69,3362.4,3,7.09,19.3
69.49,78.57,425.6,15,4.18,68.3
17.06,53.03,4392.3,13,2.14,38.1
59.0,35.46,4701.4,24,5.76,33.5
73.84,64.22,3127.7,23,6.2,49.2
25.06,69.6,4418.8,13,4.0,34.3
80.26,55.22,744.1,15,2.03,67.3
62.54,10.1,4007.5,7,4.78,27.8
95.7,20.29,683.8,17,2.23,67.3
13.82,30.68,2099.3,6,8.0,10.2
33.88,30.44,1686.7,2,5.38,14.3
64.14,65.61,2969.4,5,2.55,51.8
36.69,6.65,1577.4,19,1.91,38.0
74.3,73.01,3222.8,15,6.12,54.6
78.31,28.88,1900.2,21,6.05,46.3
19.23,32.9,4317.9,3,5.12,10.2
56.25,52.51,3206.0,18,5.26,44.5
55.8,24.43,1155.0,1,5.17,31.6
43.24,84.6,1747.0,3,3.12,46.4
93.96,12.68,4252.4,1,7.97,12.5
84.48,44.99,1993.8,6,4.13,52.3
72.75,81.45,2725.4,14,0.27,78.5
74.29,60.43,3279.8,16,3.03,53.4
51.55,31.31,1804.3,13,1.19,51.8
92.89,42.87,1540.5,10,3.15,66.7
72.51,68.6,2428.7,16,5.21,54.1
75.61,92.59,1152.9,4,0.29,76.9
87.55,85.38,1492.6,22,7.41,56.1
34.67,35.82,404.2,13,5.23,41.0
82.64,94.84,1589.5,16,2.58,76.7
27.57,5.32,1671.5,19,2.71,31.6
41.08,7.49,4813.0,20,4.01,25.6
40.2,79.15,2989.7,1,2.18,36.5
98.07,22.95,3958.2,6,0.14,58.3
87.09,10.47,322.3,3,0.32,55.7
73.11,26.34,622.0,7,3.11,55.2
75.44,43.35,4091.2,0,1.14,33.8
60.59,70.75,3155.4,9,0.29,67.9
95.24,61.19,1035.8,0,7.32,42.0
54.66,26.39,2083.5,0,2.4,34.0
44.25,50.29,2739.5,3,4.33,30.8
24.67,88.36,4233.7,16,1.61,47.1
80.76,78.35,396.0,4,0.49,73.1
76.1,34.09,3023.9,13,6.36,42.3
44.59,93.4,3613.5,5,1.15,53.6
12.27,68.78,4891.7,6,0.32,35.3
85.51,10.62,4055.1,7,5.03,35.5
11.03,8.16,1453.5,23,0.21,42.9
73.33,20.16,3576.9,17,3.76,41.9
97.32,70.51,3840.1,3,2.53,59.0
49.39,21.54,3675.7,22,2.78,38.8
31.15,51.03,4118.7,24,0.13,45.6
73.44,13.39,4528.3,24,8.2,19.9
83.54,87.88,582.3,2,4.44,57.9
59.18,35.96,613.3,22,4.91,51.6
97.03,86.73,4002.4,3,5.7,46.1
14.65,90.04,1336.6,24,6.8,41.0
55.43,5.55,386.9,22,5.21,39.7
74.66,46.77,2066.0,15,6.5,46.4
87.64,7.22,4117.4,12,3.87,38.6
26.13,86.78,720.2,21,3.22,58.4
82.0,51.66,3392.0,24,7.01,42.7
59.74,11.74,117.7,22,7.37,42.3
45.69,14.92,637.7,10,1.26,54.9
21.85,39.52,1819.2,23,4.66,34.2
87.88,89.62,509.7,10,5.84,74.3
24.15,67.36,4244.9,4,0.8,36.7
37.88,83.09,4333.9,19,7.91,32.0
36.1,37.98,3802.3,0,4.47,8.7
88.43,8.89,1288.2,13,5.52,50.1
70.54,92.69,2663.9,23,1.6,73.1
81.7,6.55,1002.5,21,2.32,53.5
32.54,90.29,1478.3,19,1.12,68.7
66.24,38.18,2628.4,18,2.32,50.6
61.46,5.91,3701.6,4,4.24,19.5
84.95,67.02,563.8,19,7.1,50.8
91.55,93.25,1553.8,22,4.58,74.5
11.09,91.91,4640.4,5,2.15,28.3
70.66,19.48,2202.7,18,0.47,57.6
14.67,21.31,4700.5,11,5.32,15.5
59.4,55.9,4957.9,13,3.63,42.8
35.89,62.36,2680.6,16,8.37,26.3
37.61,71.55,1511.4,6,6.65,32.0
41.77,21.29,3974.8,20,6.89,19.6
65.92,91.31,880.6,0,0.2,64.2
40.06,62.49,1335.0,16,6.63,43.2
75.94,81.23,3945.9,5,1.73,62.9
46.41,53.61,2224.9,3,5.02,28.7
16.15,42.28,1087.5,13,3.86,34.4
80.54,92.95,3290.5,7,4.9,59.5
35.72,57.39,3690.5,17,1.22,48.4
48.95,83.02,712.8,19,3.94,61.2
71.69,90.8,1457.2,12,0.41,78.3
39.92,65.78,1184.3,7,0.44,53.7
15.09,54.4,1961.3,23,5.63,28.3
43.65,5.32,3840.9,15,8.09,14.6
95.0,8.6,3597.2,4,6.63,28.7
67.76,23.08,3346.4,2,4.04,29.9
70.43,21.74,130.8,12,0.57,68.6
66.91,27.93,796.5,14,0.48,67.7
27.91,32.44,1194.2,3,1.43,37.9
47.65,37.41,1432.6,2,8.3,16.3
77.58,42.85,817.5,1,3.45,45.1
19.12,13.9,2110.5,3,7.18,5.0
35.01,8.81,468.4,24,6.02,29.5
34.87,65.66,3775.1,5,5.19,26.0
48.88,53.36,3959.8,3,8.06,13.6
98.23,44.97,2913.9,16,2.04,64.1
16.08,62.1,539.6,6,3.92,43.1
56.68,79.49,4461.4,17,7.36,33.4
26.14,43.49,4831.6,21,4.73,27.4
97.36,62.7,1091.6,9,2.17,74.9
20.2,90.82,3552.7,16,1.85,47.3
46.32,80.57,4225.5,22,6.42,34.9
76.41,43.34,2745.2,3,0.21,51.9
73.41,63.02,1684.3,18,7.78,51.0
48.05,20.94,2444.9,6,0.25,45.4
41.19,55.45,2610.1,12,5.4,38.0
45.79,93.32,2063.1,2,5.18,35.7
33.78,51.65,4656.2,7,4.96,25.5
28.48,88.49,3745.0,10,4.08,43.5
53.47,41.66,1282.4,15,7.26,37.9
34.17,94.9,2969.2,19,5.64,43.6
35.87,57.13,3474.6,18,6.67,32.7
69.11,8.8,786.8,22,1.07,60.3
97.17,57.81,1856.3,22,0.52,75.8
64.33,29.71,4537.2,8,0.34,50.3
16.93,7.92,2879.1,9,1.34,30.1
16.8,78.88,1163.3,22,5.7,42.5
95.63,29.82,701.6,5,4.25,56.1
36.76,76.69,2639.3,2,6.42,27.4
18.29,30.94,2783.7,19,1.71,34.8
63.91,22.49,1738.6,7,3.18,46.8
66.13,92.65,3189.0,5,7.56,36.4
68.37,37.55,436.6,24,7.96,43.6
34.07,59.12,811.2,7,7.84,28.9
11.36,59.9,2776.7,13,6.97,24.4
96.85,55.44,402.9,7,5.88,62.9
32.58,87.32,4416.5,10,7.77,28.8
70.84,65.7,796.5,9,6.1,59.1
73.6,41.34,3402.2,22,8.11,34.8
64.9,82.61,2016.9,9,0.31,70.4
38.16,21.3,2059.0,10,7.84,21.3
34.4,53.98,3848.0,0,4.77,13.2
63.79,90.55,2547.4,14,1.04,70.2
87.95,61.29,3655.7,4,1.91,54.2
95.21,78.53,2575.4,13,7.26,62.1
19.53,63.82,3005.2,22,4.35,35.8
23.93,80.54,3827.5,24,8.36,25.1
95.03,90.0,3075.8,19,1.09,73.6
76.29,29.56,3116.5,7,3.57,48.9
89.47,20.27,3967.2,16,2.89,59.0
28.24,48.56,4750.5,3,4.44,19.0
62.88,68.17,1945.9,3,5.42,38.5
73.1,25.45,2927.9,17,5.66,47.3
71.21,5.37,522.7,18,0.11,63.9
46.73,35.86,1858.1,2,0.85,40.8
11.39,92.2,2119.0,8,0.39,56.4
62.46,67.55,4192.7,6,7.36,30.3
32.78,41.12,2615.6,1,2.73,17.5
50.52,22.33,3682.2,8,3.18,39.8
96.18,37.05,193.1,23,3.88,67.7
45.91,20.29,2376.0,5,7.23,18.3
85.58,14.57,4516.5,5,0.22,48.1
26.97,86.61,1199.1,15,1.1,61.2
70.52,94.79,254.5,1,5.86,50.2
97.93,19.77,2223.7,15,8.2,45.2
19.17,9.91,3551.7,2,5.5,5.0
10.75,34.68,2326.9,21,2.29,34.6
49.02,46.55,2353.9,15,4.47,43.4
18.34,23.43,3382.0,11,8.29,10.3
77.35,32.13,1346.5,2,4.54,36.3
92.31,23.08,3784.3,10,3.24,52.2
49.06,74.68,850.3,10,3.32,62.9
33.28,69.13,2039.2,22,8.22,32.3
49.1,62.15,3314.4,15,6.14,36.7
75.11,39.85,4159.0,4,5.87,28.2
10.81,86.81,3978.5,19,2.05,44.4
63.05,92.26,3636.3,7,4.8,48.0
65.2,20.63,1859.6,10,3.1,47.2
67.39,25.07,699.3,10,2.12,54.8
31.78,52.31,1162.5,17,7.62,33.0
74.26,13.21,4337.7,18,3.32,42.9
18.23,44.28,4300.9,9,2.48,35.6
27.93,57.36,4762.6,3,7.93,9.5
88.97,51.99,472.3,9,1.76,74.0
76.49,34.78,2730.4,13,6.36,43.0
11.24,53.82,3278.5,5,5.58,16.0
32.35,91.29,3582.2,4,7.83,27.3
29.3,23.54,3254.9,14,7.09,22.2
34.37,63.93,3873.1,4,6.02,21.9
32.28,8.91,1861.4,22,2.74,34.6
15.63,10.98,979.2,23,4.26,19.0
51.3,54.66,1102.5,5,8.03,27.3
75.95,14.44,158.7,18,0.29,63.0
64.61,7.01,1816.6,19,6.77,29.1
70.56,20.44,549.5,16,2.22,65.5
17.3,55.84,1675.3,13,1.65,43.6
95.63,68.3,3178.2,10,2.05,67.5
85.46,23.22,4482.9,13,0.6,52.9
82.46,65.14,4214.1,4,8.43,36.6
84.07,21.42,1338.1,12,7.41,43.3
93.94,60.21,757.0,11,4.48,72.2
58.98,42.08,1046.1,23,6.11,46.1
28.03,63.84,4857.8,18,4.78,23.7
65.51,94.55,2792.4,9,6.92,55.8
76.86,89.4,994.3,12,7.2,61.3
76.41,5.39,4219.7,14,2.06,43.7
56.93,84.69,2036.4,19,3.96,64.4
16.16,10.98,4506.2,12,5.43,10.3
43.4,90.77,1377.3,3,8.32,30.3
92.87,30.36,2026.8,21,5.83,50.5
62.6,39.38,2574.2,8,7.64,37.9
58.45,13.25,4473.8,18,7.21,23.1
34.2,15.1,4356.9,19,4.99,21.7
43.16,70.41,2914.3,21,7.61,31.3
90.58,89.99,1186.7,21,3.27,76.9
69.98,59.97,2076.4,6,3.29,51.5
80.86,69.43,4880.6,14,6.66,46.3
50.89,73.58,3078.1,16,1.23,54.9
66.72,28.65,3927.4,13,2.67,50.2
32.35,9.07,2304.3,13,5.21,30.0
73.49,5.17,2706.8,8,3.63,40.7
48.48,36.56,2201.9,15,8.0,28.0
49.83,26.73,3544.3,1,8.15,5.0
68.44,10.61,4272.2,13,4.32,35.7
94.27,21.16,2586.1,3,4.63,43.5
15.76,16.2,2456.3,2,6.19,6.6
84.23,87.34,1767.4,2,3.94,54.2
36.31,17.62,967.8,10,1.7,51.1
49.95,53.39,4702.3,4,6.37,23.2
11.97,58.38,1648.8,15,6.3,29.6
37.09,53.91,4023.4,22,2.16,42.8
55.24,13.92,3605.2,22,7.1,28.2
15.06,33.69,3975.5,22,5.25,22.6
54.2,9.61,4690.2,18,2.08,39.0
93.44,40.61,3154.5,8,5.58,58.5
19.49,21.97,4500.0,21,2.06,28.7
78.8,55.55,921.7,10,2.33,70.6
46.87,67.35,3170.9,11,7.22,39.4
68.97,52.89,3884.2,7,7.91,37.6
33.42,44.08,1431.0,13,2.26,47.3
24.35,39.86,3729.7,16,7.9,15.3
24.44,80.75,3914.5,19,2.11,42.7
16.34,24.74,4172.8,14,1.09,32.4
26.71,71.08,1633.1,14,0.59,61.2
69.78,73.17,3439.9,22,2.13,58.6
89.35,42.73,1590.8,11,3.34,67.3
83.27,31.76,3721.3,8,7.89,33.2
71.66,47.35,2368.6,11,2.13,58.4
19.94,13.39,3028.0,18,3.17,30.5
36.03,9.13,2137.6,11,6.27,22.5
37.88,15.04,893.7,10,2.64,40.0
32.5,21.84,972.3,5,5.85,27.2
56.35,50.38,480.1,7,3.73,54.4
58.2,81.42,3128.6,10,1.75,65.7
42.12,26.21,4258.3,2,6.27,9.8
41.84,89.16,202.1,15,0.33,69.7
84.57,90.94,424.6,5,2.56,78.1
81.04,91.3,2341.6,8,3.09,76.7
37.7,80.38,3714.8,8,3.95,47.7
92.24,37.74,872.8,5,5.81,53.6
95.75,11.54,1431.1,4,3.96,46.1
39.41,56.19,1236.8,0,5.09,23.6
41.9,55.28,2055.4,2,5.1,28.0
55.51,81.5,1202.5,2,3.24,51.4
94.7,94.64,1827.7,11,7.95,64.4
88.87,50.73,3669.9,3,8.13,26.8
19.23,36.07,3093.9,20,4.99,24.3
45.35,21.73,497.8,15,0.7,52.4
59.8,5.43,3225.0,10,4.23,36.5
55.28,50.82,2437.7,7,1.65,52.9
27.45,55.0,4679.4,8,4.16,29.2
87.29,79.24,1517.6,13,1.68,83.6
70.92,50.41,3658.2,22,6.01,43.5
85.41,87.48,3681.2,21,0.78,75.3
87.29,61.53,1185.4,14,8.11,55.3
77.35,80.63,4525.8,18,1.74,67.3
49.53,18.35,2506.8,8,5.65,27.3
64.95,81.98,3426.5,16,7.8,40.5
24.43,65.76,814.7,8,2.18,53.4
70.63,20.32,1363.2,2,7.95,18.6
26.13,22.08,2971.9,24,3.36,30.2
72.46,88.39,1663.2,15,8.17,47.6
30.66,7.9,2548.5,12,8.26,16.4
20.58,46.63,1932.6,16,1.68,43.7
24.88,33.21,3238.7,23,7.08,19.9
10.18,64.86,2487.0,21,1.72,43.9
74.69,80.57,122.6,24,2.0,80.5
75.92,37.43,3283.4,3,0.81,40.1
56.34,43.42,2168.4,20,1.41,58.3
24.52,93.37,1774.3,21,5.41,45.1
17.52,75.55,561.3,8,3.87,50.4
11.72,85.75,1179.8,21,6.74,33.7
24.92,44.49,1196.5,8,2.89,46.2
90.18,26.07,4683.3,17,8.24,34.4
31.74,42.07,2219.3,13,0.52,51.5
41.88,69.45,306.1,19,0.63,66.4
19.48,14.85,780.2,2,5.99,9.4
30.01,29.34,487.3,3,7.56,18.7
56.73,9.2,2985.5,0,6.78,8.2
64.7,43.91,1014.4,17,4.21,55.9
32.08,79.47,2542.9,3,2.36,40.0
15.2,7.22,1913.3,9,0.21,39.3
45.19,65.78,4039.0,3,4.38,28.1
31.08,88.92,1670.4,20,4.1,51.0
29.76,26.32,2345.5,24,2.99,39.4
96.39,67.43,3634.3,16,4.96,59.6
65.47,92.76,2223.4,7,6.22,56.8
60.12,91.61,3986.8,18,5.99,50.4
47.42,26.14,3342.3,8,2.31,42.5
48.6,14.03,2111.6,15,5.02,36.3
58.68,18.35,2569.5,23,1.35,47.3
72.68,68.18,4839.3,23,1.12,59.0
73.19,70.32,3341.9,24,6.7,47.4
25.45,65.68,4534.5,14,5.93,21.7
55.01,35.25,975.9,19,6.55,42.5
47.08,20.28,2467.9,15,1.38,44.0
88.35,57.27,4552.4,20,7.78,37.2
66.83,48.53,1680.8,11,1.22,62.9
57.93,70.6,4841.6,22,7.41,32.5
20.39,44.72,575.7,17,3.06,41.3
64.51,35.48,4523.1,6,0.99,47.5
20.55,31.41,2281.5,15,2.51,37.7
40.35,24.03,461.3,18,1.62,58.4
22.86,28.92,4409.7,5,4.22,16.2
72.29,13.53,1334.5,5,8.08,29.3
28.56,36.22,209.0,5,2.85,38.2
45.27,8.29,765.5,14,5.24,33.0
90.61,21.78,3329.7,1,7.59,21.6
28.39,72.21,4891.3,8,5.39,26.3
55.7,34.29,646.2,7,3.14,53.9
47.73,65.14,2363.5,6,8.42,34.2
11.63,69.52,985.1,15,1.67,54.5
81.35,57.31,3750.7,14,4.5,53.8
16.21,91.28,678.5,8,6.79,42.8
52.68,6.93,1275.2,19,0.11,53.5
60.46,71.48,1062.4,14,6.0,53.4
66.56,91.29,2807.3,1,2.34,47.5
71.98,82.6,4378.6,19,1.53,59.0
32.79,20.11,2604.3,13,2.4,37.8
10.9,34.41,385.4,10,8.22,25.4
75.11,20.52,2860.6,2,7.59,14.5
58.21,59.12,4007.9,1,1.9,39.2
85.25,69.1,747.6,17,1.08,84.0
83.92,33.54,456.3,13,3.16,66.1
85.9,53.56,1020.3,23,5.08,62.8
53.66,67.18,3755.8,4,7.38,24.2
40.03,42.92,2999.2,11,8.22,24.1
81.24,81.86,2748.9,13,6.41,54.1
50.62,74.44,1322.5,5,5.13,45.7
26.51,10.82,1728.0,7,1.3,38.5
86.95,60.9,4832.8,6,0.72,64.4
89.43,26.18,1279.1,6,5.11,51.6
51.97,55.18,4518.1,11,4.63,37.1
16.81,91.12,2944.6,6,7.21,26.4
44.9,84.12,704.2,11,2.81,62.0
82.32,41.41,2389.8,15,0.43,66.4
91.16,31.24,4747.9,6,3.66,45.6
28.31,26.1,2151.0,7,8.24,15.0
16.03,52.93,4330.6,0,6.78,5.0
88.96,15.28,1356.5,12,0.38,66.4
45.05,54.43,2897.5,18,7.45,29.5
58.76,5.12,4234.9,0,4.06,14.1
97.13,34.15,4611.4,23,3.16,53.4
15.99,24.79,2480.5,17,3.01,30.5
68.35,92.41,3234.5,6,5.1,51.3
16.67,70.45,114.6,21,4.56,47.7
43.79,36.47,1340.8,16,5.62,37.2
82.34,13.36,1465.7,14,4.92,44.9
49.01,51.51,558.1,21,1.31,67.2
99.75,24.21,1470.5,24,2.26,70.1
60.32,53.28,1673.5,18,7.16,43.8
38.9,80.18,4847.0,22,5.67,37.2
29.81,60.42,3376.2,3,3.87,31.7
41.55,62.04,2187.4,16,1.63,54.0
43.53,53.69,4941.5,6,0.16,40.0
16.18,88.45,850.8,15,2.72,56.8
43.26,88.87,2432.7,16,0.56,61.3
51.78,51.15,3270.6,19,4.15,43.4
75.05,32.52,372.3,14,7.0,47.5
69.11,46.36,3613.3,8,2.5,54.6
73.79,21.79,589.4,20,7.22,42.2
10.75,62.27,787.4,22,6.02,38.7
29.59,50.01,882.5,12,1.15,53.1
69.55,14.3,4651.6,6,5.51,27.1
53.56,22.79,3447.9,18,1.37,43.8
10.48,48.17,3311.6,10,5.6,24.5
82.4,84.88,2821.9,7,1.3,68.7
79.55,55.98,1534.7,16,3.4,63.7
59.36,66.34,3142.4,3,4.86,39.2
15.98,35.51,2109.7,3,0.52,32.0
78.99,56.43,812.5,17,1.39,77.2
62.53,45.26,3479.0,21,2.79,49.4
80.38,64.32,735.0,16,3.98,65.8
77.66,9.55,1034.3,2,7.31,25.4
82.27,49.4,4106.7,8,1.67,60.7
56.62,31.64,3334.6,5,3.02,30.6
22.63,34.36,3191.9,1,4.1,13.5
70.4,91.48,2149.2,11,2.58,67.0
65.84,21.44,2041.8,14,5.36,37.9
76.8,33.01,3482.3,8,2.26,54.9
25.29,50.89,3726.0,1,6.59,10.1
27.55,82.67,2600.0,11,4.34,45.4
90.14,42.5,4849.4,15,0.82,55.8
77.5,71.95,4782.9,6,5.37,40.2
91.74,82.07,2120.9,0,4.88,45.8
78.28,32.9,4121.0,20,2.94,49.4
63.74,40.35,2762.0,6,0.19,55.5
68.87,37.09,2607.6,2,1.79,43.2
90.02,79.96,369.3,19,3.51,80.7
62.09,8.99,2912.5,4,1.78,37.1
66.92,32.76,4512.8,2,4.95,23.9
24.08,66.15,3922.7,14,6.08,27.2
52.65,55.89,3953.0,5,7.29,33.5
74.48,44.27,883.7,14,5.53,55.9
34.38,53.6,1856.4,2,5.89,24.5
28.2,22.78,1242.7,23,5.21,37.6
38.24,43.76,1648.0,22,8.38,28.7
31.74,50.15,2939.7,0,2.29,21.9
29.34,86.11,1887.4,1,2.34,42.5
48.24,28.48,2847.4,3,1.16,40.1
91.71,83.1,2248.7,20,4.18,69.7
55.64,62.98,1504.4,13,0.91,71.3
26.91,6.83,567.5,13,2.37,40.3
16.93,70.22,4470.0,9,4.15,33.9
72.65,8.2,155.7,10,8.14,42.9
44.45,94.76,108.1,3,8.2,37.9
83.96,83.54,4151.3,14,6.35,52.8
69.36,31.76,4984.4,19,3.37,43.6
81.66,28.17,3662.8,24,7.37,34.1
34.48,39.33,174.8,3,7.45,20.2
72.31,37.06,1210.8,19,7.75,46.6
33.77,38.51,4861.9,19,5.48,23.8
94.52,33.64,4062.2,15,1.8,57.4
67.27,60.9,2877.3,1,0.87,47.0
39.21,19.78,1260.6,12,7.78,27.9
34.26,81.14,170.4,7,0.57,62.4
27.18,78.12,202.2,12,2.59,61.3
72.52,47.88,3098.7,19,4.19,51.5
29.68,81.75,207.0,20,0.28,74.0
63.58,27.24,4968.8,7,7.72,19.0
33.82,6.58,998.6,3,2.51,32.3
69.58,60.73,3582.5,4,0.34,53.9
83.34,46.21,859.8,20,8.45,48.1
80.02,56.04,2746.5,5,2.72,54.9
78.48,85.94,495.0,22,7.46,67.1
26.9,92.29,3857.2,18,3.91,39.7
17.95,62.1,2966.1,9,5.67,31.6
72.91,73.77,522.2,2,2.13,59.6
43.15,12.54,4258.1,12,4.32,26.0
48.91,19.46,2780.4,8,2.26,44.7
12.8,70.99,4615.8,16,8.09,18.8
33.36,43.82,4591.5,9,0.61,43.7
13.03,45.14,4610.5,11,2.41,32.7
89.13,32.77,481.1,12,7.6,50.1
31.91,59.66,692.7,23,4.13,48.7
60.16,21.66,4939.8,9,5.14,25.7
13.51,61.42,2489.2,18,5.57,36.6
70.02,20.64,1267.2,20,0.7,61.6
39.07,10.74,3871.4,18,0.25,39.1
90.81,34.73,1395.0,16,7.98,48.8
89.93,25.8,3663.4,4,2.38,48.3
39.28,85.01,4202.7,7,3.29,42.1
91.09,9.95,3942.9,4,5.83,31.8
99.65,20.9,1442.8,14,2.08,66.1
84.29,54.38,2067.9,3,6.26,44.7
86.04,48.3,2124.9,24,3.95,58.2
32.41,9.13,2507.2,12,7.3,20.3
61.9,5.65,920.1,16,2.44,51.0
16.05,93.93,2317.1,4,1.81,40.1
18.54,64.3,2602.8,0,7.09,5.0
99.9,37.89,2705.4,21,2.84,61.4
39.4,47.34,4117.5,14,3.56,39.7
77.34,28.99,2634.9,9,6.77,34.3
82.6,36.04,1230.8,24,5.44,55.0
87.22,63.41,3349.3,10,3.81,60.4
99.79,84.45,4006.8,17,2.2,67.3
31.73,21.57,1664.9,12,6.52,24.6
13.63,80.63,3262.0,19,1.62,43.8
47.01,15.94,820.0,23,7.9,29.7
21.71,24.35,1775.4,15,1.36,46.2
12.02,8.35,4555.2,18,6.86,7.3
42.44,17.67,4565.4,22,3.66,27.1
80.54,87.56,2919.1,11,1.66,70.1
60.96,46.35,3541.5,22,3.48,41.9
38.15,11.99,4284.7,13,1.96,31.2
68.89,91.38,4796.9,1,1.24,43.2
30.88,84.11,2500.4,9,2.11,54.3
11.29,72.92,2851.7,3,7.39,12.4
78.79,89.01,2136.6,0,0.99,56.4
66.14,24.81,452.7,23,8.27,37.2
78.61,80.27,2171.7,24,0.14,76.3
13.5,67.1,3974.1,16,5.63,24.4
85.34,83.28,4043.9,10,7.29,53.3
65.76,76.72,4472.6,6,7.95,33.1
60.71,36.18,352.2,16,1.31,65.9
66.22,74.7,2683.1,16,5.96,53.3
87.8,28.62,626.4,8,1.0,74.6
62.82,34.57,1083.6,9,3.06,59.9
62.29,14.71,4511.1,5,6.25,19.8
99.16,89.16,2534.3,16,3.01,77.0
78.11,31.19,3816.9,15,2.73,48.5
49.81,51.86,415.5,6,1.07,57.5
73.67,40.22,2142.4,18,0.66,67.6
45.03,91.39,3403.8,3,1.07,48.4
30.6,35.15,753.7,19,7.45,26.3
63.72,75.07,1696.5,23,0.19,67.3
93.54,81.99,416.3,16,5.92,77.3
93.62,44.2,3291.6,23,6.56,44.7
40.77,39.04,4857.4,8,4.87,25.5
57.49,72.3,4152.5,10,6.24,43.4
29.05,87.16,4875.7,22,5.58,29.3
99.61,72.94,4243.5,0,3.93,44.0
98.3,25.44,4290.5,6,3.31,52.5
68.46,84.95,2928.2,21,8.01,51.8
82.4,39.88,2639.4,4,8.26,28.0
74.36,56.86,2090.6,4,5.57,42.3
63.38,79.83,4108.7,0,1.76,38.4
14.8,21.96,992.1,5,3.86,25.6
50.93,75.61,375.5,12,4.27,64.2
70.73,58.65,4744.7,14,6.47,33.6
70.98,85.4,118.5,3,5.71,55.2
43.58,20.48,4886.5,16,4.42,24.8
94.75,42.86,3671.4,23,5.82,52.9
25.06,79.96,1709.6,23,0.3,64.8
55.03,6.73,3519.3,12,6.62,22.5
72.18,15.1,4107.6,10,1.88,45.7
72.74,94.15,1302.3,3,5.61,54.3
68.38,30.24,3877.4,6,1.06,50.2
34.78,92.8,4041.4,18,1.06,48.1
24.06,21.43,1321.8,23,0.4,49.8
67.23,37.5,305.4,6,7.75,44.5
63.94,72.76,1100.2,13,5.18,58.8
26.14,64.2,1083.2,20,3.14,52.7
73.46,57.3,419.7,15,6.72,58.7
50.97,52.69,3657.4,20,5.36,38.3
70.1,80.91,1961.9,8,5.31,60.8
85.36,26.15,4433.5,21,4.19,44.0
25.28,44.82,1335.6,21,0.17,54.0
11.72,18.99,2320.8,1,2.27,12.1
80.12,58.63,3231.2,15,1.02,66.7
64.87,27.55,4399.6,4,5.66,27.8
72.97,35.05,2670.6,11,2.19,53.3
85.43,47.41,1930.3,19,3.88,62.3
82.25,7.41,4348.4,14,3.07,43.5
96.48,13.27,1620.2,2,1.3,55.5
58.23,66.73,489.2,8,8.15,51.6
53.96,43.61,2280.7,6,7.94,25.1
46.17,82.83,3947.0,3,0.81,44.0
23.83,67.52,250.8,24,7.05,38.0
61.53,5.73,2970.8,8,4.2,34.9
34.93,60.5,3012.9,14,6.6,31.0
92.92,13.44,4649.9,22,1.37,53.5
62.49,75.28,1503.7,20,1.21,67.9
63.36,94.24,1466.3,24,7.58,51.2
41.94,52.81,2258.4,6,7.64,24.7
14.68,66.45,1848.9,24,4.01,41.8
12.86,26.36,3708.1,10,7.41,10.1
48.1,44.38,3244.6,18,5.71,34.3
17.61,82.05,3818.7,10,1.65,43.1
64.62,20.07,4118.2,24,2.86,36.3
89.29,28.9,4622.6,0,1.24,40.5
89.46,45.09,2211.6,20,6.6,49.8
69.31,69.1,4925.0,12,8.38,40.7
29.01,38.83,1156.7,12,4.69,41.1
87.67,88.5,3600.4,1,5.61,46.8
89.75,13.5,2716.6,16,6.37,44.6
27.7,38.37,4102.8,18,1.98,36.4
76.37,68.81,2436.2,22,2.92,62.2
35.79,25.34,3941.3,14,3.56,27.7
82.24,64.08,4657.8,18,5.09,51.7
99.75,19.78,3688.2,9,7.24,40.5
12.7,10.04,3902.9,9,2.24,25.4
90.76,15.89,429.2,8,4.06,62.3
66.04,88.7,1104.3,18,6.41,59.5
97.6,54.66,4874.1,10,0.83,64.0
51.85,76.67,3496.6,5,4.41,43.4
86.26,34.94,2851.1,1,1.31,44.8
15.62,58.34,1898.2,23,4.63,36.5
40.18,49.55,317.5,9,6.55,44.4
16.03,90.12,1908.8,14,2.09,53.0
97.78,72.28,2544.7,4,7.24,41.3
83.53,70.75,1136.2,17,2.91,75.3
86.73,9.17,948.4,6,1.7,61.7
94.42,54.47,2591.2,2,4.01,41.8
17.66,47.03,2970.9,20,7.46,16.8
44.7,88.51,1275.6,24,0.68,76.4
16.39,28.16,2978.2,15,2.85,31.6
28.97,29.29,4511.7,16,5.59,19.9
30.64,42.02,2418.5,1,3.1,21.9
52.22,26.9,4301.2,15,0.69,42.3
34.17,16.63,4643.6,20,2.89,26.8
19.09,82.17,552.7,19,7.0,43.4
25.07,55.24,569.5,0,8.23,11.5
23.25,82.52,2432.6,13,0.43,59.4
97.58,79.8,2981.7,15,4.88,70.4
78.34,30.38,2186.8,22,0.98,61.1
97.1,54.3,1699.6,8,5.82,61.3
49.58,12.49,3240.9,16,0.17,49.9
35.05,87.37,110.2,7,0.22,67.6
81.85,41.38,4843.6,8,6.63,37.0
39.36,40.43,1237.2,1,0.73,44.5
36.94,32.25,4593.8,12,2.66,32.3
30.93,46.46,634.2,0,8.15,14.6
21.67,27.66,1266.6,21,8.38,19.7
33.08,38.74,1250.9,6,1.46,51.6
41.98,77.0,4981.1,17,4.81,32.2
70.66,80.08,122.5,20,4.8,67.7
15.63,32.38,3234.2,4,3.9,12.5
28.95,47.21,4361.5,6,7.87,9.8
82.81,83.64,3394.1,11,6.43,51.7
23.22,9.74,1877.4,16,6.52,19.4
40.84,85.02,4795.7,23,2.36,44.5
87.82,24.73,4478.3,4,3.75,35.7
23.94,66.07,2226.4,11,4.19,42.7
17.45,57.43,2909.3,18,2.61,35.1
53.61,54.76,4840.8,12,0.9,48.0
37.22,82.34,4914.5,15,1.16,57.5
60.71,14.14,2304.1,24,1.62,50.9
82.34,36.23,4252.0,18,1.81,49.1
22.34,53.44,1579.7,22,2.13,43.2
62.26,78.02,1921.9,9,2.25,66.4
55.5,24.48,907.6,11,3.93,48.5
22.97,77.26,1125.0,6,4.38,40.8
66.16,40.97,3318.7,13,2.69,57.3
34.63,22.0,2602.8,9,7.72,28.0
53.91,73.31,1232.5,7,4.75,52.4
17.4,13.18,2074.3,14,6.71,20.2
51.36,51.33,1928.6,15,7.86,38.3
37.58,10.75,4938.1,7,1.47,31.6
84.01,37.08,4282.5,3,3.69,34.2
15.13,59.1,2001.0,16,3.74,44.8
47.67,55.05,4578.2,3,3.08,28.7
51.26,41.42,1778.9,21,0.17,61.8
75.25,43.61,3372.7,10,6.95,39.4
61.69,25.41,4836.6,12,1.04,44.5
70.05,46.03,2012.4,5,8.46,31.7
79.93,90.79,3431.4,21,6.59,50.3
87.6,81.54,1550.0,13,4.97,61.5
38.25,18.07,1404.9,6,1.4,41.7
58.42,7.68,2913.4,11,4.43,32.6
85.61,89.02,4898.4,0,2.29,46.2
99.05,52.41,2320.4,9,2.22,72.0
90.06,53.41,4694.4,0,7.07,21.4
43.43,75.26,4580.4,15,3.3,48.6
27.56,33.32,1343.4,6,3.89,34.0
54.05,48.37,2068.9,19,7.18,33.2
76.75,92.18,3252.2,5,0.84,65.8
54.33,65.49,2638.4,21,5.09,50.5
53.49,18.84,570.2,24,4.96,38.1
85.44,16.99,4969.1,17,3.67,41.1
42.53,23.38,3788.0,19,7.07,22.6
87.38,74.0,2244.7,3,8.02,47.5
46.61,31.58,3129.0,22,4.01,41.3
39.54,6.92,529.1,15,3.93,40.1
50.86,89.98,2527.0,0,4.32,36.6
78.62,20.27,4661.1,20,6.17,26.6
21.34,5.86,4493.3,19,5.71,7.8
27.68,26.34,1753.2,1,1.97,26.8
95.63,26.15,2703.7,15,0.64,67.4
25.79,42.98,3517.2,20,8.07,18.3
61.1,87.84,1766.0,8,2.29,68.4
62.14,84.13,417.9,14,5.46,62.0
54.07,46.12,2576.7,23,7.06,35.7
68.03,41.98,3048.0,15,2.62,49.8
30.68,54.95,128.6,8,5.44,44.2
59.74,26.91,568.3,6,1.01,53.1
43.5,9.7,1115.7,9,8.25,22.5
69.55,89.53,1805.5,6,0.59,76.0
22.71,21.8,2751.2,12,3.78,28.6
61.38,22.86,1539.8,1,4.61,29.2
26.67,47.52,1453.3,11,6.74,32.2
35.08,49.25,4359.8,12,1.12,42.1
29.68,6.66,810.7,2,3.8,17.5
26.46,18.32,2527.8,10,2.62,33.4
84.31,39.03,4768.8,7,2.72,48.7
35.71,66.54,3162.6,10,6.64,35.0
93.44,25.56,3614.3,17,0.15,64.5
97.29,43.07,2213.1,6,6.39,50.5
61.41,55.16,197.7,11,6.91,45.8
22.87,84.97,3266.0,5,7.67,24.4
43.71,34.35,3196.4,9,5.37,28.9
81.8,17.02,641.1,19,2.9,63.1
43.07,49.03,2364.6,14,3.69,46.5
17.83,72.2,4585.1,19,8.25,11.5
60.11,14.89,1104.9,14,7.5,36.3
86.06,43.22,2359.4,18,3.99,60.5
81.63,6.6,2359.4,5,8.02,29.0
25.76,8.02,4072.7,18,7.01,7.9
70.55,48.47,4140.4,14,7.67,33.9
29.85,31.84,3820.4,24,5.84,24.8
29.64,81.06,1890.7,19,7.3,39.7
88.67,59.19,453.0,19,7.59,58.7
32.47,45.85,1812.5,17,0.87,51.2
33.69,41.71,3431.0,1,8.21,5.2
10.06,49.75,3543.5,6,2.9,29.6
88.36,8.64,4828.5,4,3.8,30.0
81.33,85.35,2322.8,2,6.75,39.5
66.46,94.85,3198.9,5,5.69,44.6
77.52,21.33,2742.0,5,7.6,31.5
23.68,15.83,838.0,0,3.46,19.6
51.25,17.92,2359.9,18,3.24,41.6
41.61,64.49,2769.7,11,0.37,57.7
18.44,64.53,4758.7,4,3.99,14.3
53.75,81.31,1896.0,6,6.18,44.7
92.87,72.66,4902.5,19,2.63,58.3
13.61,45.47,2757.3,7,3.99,29.1
36.23,60.16,1288.1,18,1.94,59.3
28.68,66.95,1039.2,5,6.59,29.1
31.43,51.15,794.3,14,0.61,59.2
91.76,47.81,2319.4,5,6.03,49.2
52.13,63.06,207.4,8,3.28,62.3
51.97,55.17,2280.7,3,0.45,47.2
78.45,62.95,4943.2,15,7.27,38.0
23.9,60.16,3383.5,22,4.2,38.1
53.85,69.73,3823.0,9,5.13,43.8
48.7,62.85,683.1,0,6.25,28.1
63.72,51.78,2418.2,10,5.6,49.4
99.96,66.36,1502.5,16,6.24,65.3
79.25,45.45,4481.1,17,6.5,34.8
45.81,26.75,988.3,19,5.05,43.0
84.48,5.13,2347.8,21,3.17,53.2
25.36,55.4,2981.4,19,2.14,39.6
12.74,58.16,2618.8,14,7.68,14.8
28.4,92.48,4168.2,5,8.25,16.9
40.64,37.53,1234.1,15,3.1,47.5
55.95,40.47,1949.2,1,1.04,43.8
65.36,23.16,3981.2,24,1.97,43.2
91.95,11.35,2687.5,2,5.73,30.9
55.89,74.55,2070.4,22,1.55,55.8
55.11,27.47,244.3,16,6.65,42.4
14.52,59.8,3791.6,7,7.85,13.7
13.14,66.9,4863.7,19,8.19,19.5
59.6,47.41,3139.4,14,0.18,53.9
49.44,83.87,4297.1,12,8.15,32.5
85.53,44.94,2632.7,20,6.32,42.8
24.46,30.64,1235.2,22,0.81,46.8
12.25,85.64,170.8,18,3.59,47.4
50.41,82.54,3301.7,24,5.98,51.0
31.37,19.76,2516.2,24,8.14,16.3
14.47,7.34,3932.3,23,1.48,25.4
75.21,13.1,3503.9,0,1.17,31.4
20.04,30.79,4941.0,11,4.07,17.3
64.75,92.5,2600.5,17,8.23,49.7
35.29,55.27,2193.2,17,8.26,30.4
25.61,38.59,1505.0,2,2.01,33.3
44.18,84.98,2436.6,17,2.78,53.6
82.13,45.78,4377.1,16,7.73,39.0
45.29,33.37,308.0,10,6.27,44.1
77.57,89.71,4891.7,4,8.27,30.4
21.29,81.46,4967.2,21,7.6,24.0
79.55,80.93,3029.3,6,1.91,65.1
31.32,51.11,1724.6,22,6.48,29.4
70.97,76.05,1192.9,17,0.51,76.8
60.92,21.14,1454.8,6,6.97,29.9
93.62,56.59,345.5,17,5.15,67.8
44.86,93.55,2428.0,1,8.13,26.5
15.95,31.19,380.9,5,8.16,10.9
11.72,76.49,3620.5,21,0.53,45.6
84.42,49.14,1922.5,7,1.45,64.1
57.23,8.58,1076.9,20,4.17,40.9
79.77,73.67,2769.8,20,7.49,46.6
31.1,20.17,4871.4,16,6.94,12.4
41.06,61.83,3506.1,3,8.2,16.2
12.71,12.71,2509.6,16,5.29,20.1
96.53,90.22,3906.9,15,2.26,73.4
70.11,31.26,3713.6,20,0.31,58.3
93.99,25.38,4469.5,14,1.97,61.6
33.89,16.62,1102.9,14,5.77,31.8
65.03,90.14,4308.5,7,7.88,41.0
71.06,69.07,1575.0,16,2.8,68.9
38.58,71.75,4710.9,18,7.46,31.8
86.33,49.95,1477.2,0,3.42,46.5
95.24,47.73,4641.6,12,2.69,54.8
89.64,14.9,4822.6,5,4.37,33.9
76.52,55.39,812.9,9,3.82,64.8
34.97,27.22,4875.0,0,7.78,5.0
35.35,92.94,520.0,11,4.03,56.8
96.7,76.69,1171.0,18,2.43,83.6
10.93,42.17,2276.4,14,7.18,20.2
74.44,18.62,4968.6,20,8.49,23.6
73.56,75.68,2494.0,4,5.54,46.2
66.04,15.98,2797.0,1,2.2,31.1
99.11,22.04,3502.7,18,2.11,59.5
38.07,24.04,4844.6,13,0.58,39.9
40.6,55.12,3938.4,8,0.75,55.5
17.1,75.84,1198.4,0,7.79,6.8
49.85,33.29,1584.7,12,0.91,57.9
33.49,12.62,578.4,16,4.17,38.1
40.9,46.81,3257.8,1,5.96,14.1
85.11,72.33,985.6,23,7.24,51.5
94.19,24.95,1361.3,21,1.54,70.1
26.72,24.79,4451.8,13,3.78,24.1
43.53,90.25,1701.1,19,2.21,60.7
93.58,90.87,2876.6,22,2.25,76.2
15.56,94.14,2048.1,5,2.65,43.1
18.31,77.69,462.8,24,5.03,41.1
24.65,21.94,1878.0,5,0.24,38.5
63.57,24.08,2099.5,17,3.53,49.2
23.54,35.62,4488.9,18,1.67,31.7
97.13,33.63,1689.8,8,8.22,47.6
50.2,91.09,1958.3,14,4.99,55.4
55.14,76.02,3936.2,6,7.39,34.8
32.2,70.16,3818.9,5,1.74,39.6
52.39,21.74,4011.6,4,6.9,16.0
69.57,86.86,4773.5,18,3.58,53.5
77.61,79.51,3998.2,19,1.59,71.4
77.85,19.73,2097.3,0,6.49,19.7
62.01,83.41,4125.4,20,6.5,41.2
91.39,29.5,2592.5,6,8.47,34.1
83.57,12.28,1460.8,17,6.66,41.0
78.13,64.11,1584.3,7,1.32,66.2
15.0,63.84,1196.8,11,2.81,48.8
10.62,13.54,810.5,9,3.89,21.0
29.12,33.7,1004.0,5,1.16,40.9
69.72,94.35,409.6,15,6.72,58.8
47.01,66.06,4453.4,18,4.52,39.7
46.22,70.71,4661.9,17,8.03,20.5
89.61,24.16,2975.2,23,5.05,49.5
90.6,12.09,4218.4,12,4.49,44.1
91.83,29.92,999.5,19,0.7,68.3
38.25,27.4,4518.2,6,1.35,33.0
72.2,26.11,2581.2,6,7.24,32.7
34.45,22.35,429.1,15,8.42,29.3
27.15,56.73,792.4,24,3.59,43.6
26.62,34.53,1614.0,9,6.9,22.5
40.79,78.83,313.4,14,5.37,58.4
48.7,21.56,1615.5,13,8.16,25.0
84.79,46.82,393.7,23,2.1,70.9
20.79,6.23,1256.5,11,4.68,29.3
76.14,48.35,1401.8,14,3.53,57.3
57.83,10.03,4972.4,7,4.65,23.3
35.92,93.0,1254.2,6,2.36,60.2
54.35,76.15,1272.0,20,4.28,53.7
36.99,49.11,3465.3,8,5.35,31.1
63.65,12.79,4310.9,13,0.78,42.1
49.05,58.32,1996.6,6,6.34,34.2
24.8,73.29,4390.5,11,6.03,31.9
20.49,22.16,1766.7,13,7.5,23.6
59.2,56.14,1065.4,10,3.68,58.4
91.22,78.28,1715.2,18,0.62,84.1
40.96,74.14,3085.8,5,3.98,40.6
75.97,77.27,1899.0,2,1.26,56.9
69.28,84.14,3397.2,5,5.54,45.5
93.84,89.39,1261.0,23,0.5,84.5
83.89,41.5,3534.9,8,3.24,51.4
60.99,56.19,1802.4,1,0.8,47.6
69.13,76.16,2333.8,5,0.13,62.8
90.85,67.74,2833.0,13,8.17,45.0
45.96,94.6,3462.5,18,8.47,34.1
39.41,6.23,1269.7,22,4.77,37.0
10.97,36.96,4196.1,3,2.11,21.1
84.39,30.29,3637.0,13,7.75,35.3
82.09,28.61,1247.1,20,7.85,45.2
19.4,25.03,4877.4,9,7.28,6.4
61.92,68.82,3357.5,5,4.67,35.4
51.76,12.63,2316.9,10,0.73,46.8
20.68,71.74,871.9,12,0.84,57.8
98.25,67.41,2712.8,23,7.63,54.1
29.32,27.57,907.4,17,7.46,27.1
16.05,27.76,2204.5,19,3.75,29.8
63.54,61.6,2102.7,13,2.86,57.5
76.5,73.6,3627.7,19,5.51,52.4
12.92,83.88,1042.7,21,6.88,33.2
69.28,81.69,4127.2,19,6.25,48.7
57.91,91.84,1698.0,10,5.27,56.2
19.29,57.32,2275.5,20,2.04,51.0
25.53,86.78,3884.5,4,2.31,36.1
61.12,77.77,3164.4,7,6.18,42.6
36.67,85.52,1609.3,3,6.84,29.6
94.45,6.05,1992.4,11,1.08,61.4
83.69,91.93,1598.4,5,1.67,74.3
98.52,47.62,3014.4,22,5.82,53.8
33.37,76.84,1729.9,23,3.37,55.1
97.28,16.45,3655.9,24,4.83,48.0
48.81,40.63,2941.0,7,5.26,34.6
41.28,29.43,814.0,3,6.62,24.0
14.53,31.25,1620.3,19,6.87,26.0
14.75,16.09,1185.1,9,2.45,37.8
72.28,77.52,2012.5,10,4.65,61.2
51.21,5.83,2628.3,14,1.14,46.2
30.39,33.13,2583.1,4,7.17,10.0
65.26,20.7,3797.2,2,7.2,20.3
32.76,58.01,1026.9,14,2.62,54.3
61.99,27.88,4737.7,1,1.45,29.0
42.33,28.31,1779.9,1,0.69,34.8
84.12,48.95,1571.2,24,4.93,51.2
83.86,63.74,3457.4,7,0.87,65.1
52.96,15.92,4047.0,21,5.82,26.2
41.57,20.8,1954.5,13,5.8,29.2
42.63,27.25,3759.6,8,5.26,25.8
82.51,92.64,4430.3,4,7.46,37.2
39.54,40.74,3857.3,11,3.28,39.4
28.82,58.91,267.6,9,7.68,40.6
17.62,26.74,4154.1,0,0.41,15.3
52.0,49.14,3895.0,23,1.05,49.5
53.39,11.67,3379.5,18,3.56,34.5
85.68,8.13,3824.1,24,5.09,39.2
29.91,47.19,4899.2,10,0.37,42.0
44.29,40.88,2212.5,16,4.87,41.1
82.76,17.32,429.4,2,2.68,45.9
84.13,66.88,2358.4,0,7.55,31.9
44.61,94.36,327.5,16,4.58,63.2
51.32,40.61,1541.8,5,5.04,35.6
37.3,61.21,2975.7,12,8.04,23.1
93.93,91.67,1617.2,19,6.52,63.9
20.68,79.84,3458.4,3,3.78,32.3
94.04,46.72,4127.7,4,4.11,38.6
71.55,71.37,2160.2,14,5.54,58.8
57.84,16.53,4510.7,13,1.78,34.9
12.94,51.09,491.2,18,0.84,50.1
52.8,30.12,4216.6,14,2.71,38.5
46.7,19.5,4160.0,11,6.64,26.7
24.51,43.37,1677.8,17,2.26,44.9
69.08,16.79,1563.7,13,1.2,57.3
97.4,67.91,1595.0,9,1.94,75.1
60.6,46.06,4075.8,7,5.8,35.2
74.33,52.8,4175.1,22,5.26,42.6
16.16,18.17,1715.6,3,5.88,9.6
47.59,17.58,3003.7,17,2.8,38.1
20.47,57.51,780.8,24,7.67,33.7
65.15,93.65,2397.0,7,3.89,62.8
94.46,13.66,4994.1,3,4.42,25.9
69.56,30.72,878.3,10,8.07,38.4
16.91,83.25,4743.1,4,8.33,6.4
41.92,11.5,4138.8,9,5.66,21.7
59.56,83.83,4863.9,5,8.04,29.4
46.29,52.19,979.9,3,4.65,37.1
85.03,41.74,1146.2,17,2.68,59.7
83.32,32.87,182.6,20,2.75,69.3
65.06,31.74,3651.0,16,4.8,35.3
43.61,32.52,3256.1,6,5.18,25.1
32.98,84.63,972.5,8,3.79,56.1
19.53,70.14,3976.6,2,7.52,6.9
41.94,65.28,1566.1,21,3.68,54.5
47.19,76.89,761.5,8,2.4,62.5
70.82,28.14,2170.6,3,0.17,47.2
69.23,60.62,545.8,21,8.25,47.4
16.31,46.41,1389.9,18,7.02,30.1
45.57,75.42,1919.5,8,5.27,50.6
26.36,32.83,4274.1,22,7.08,15.8
24.11,62.89,3983.5,22,6.91,28.0
84.46,84.4,2269.5,19,7.93,57.3
13.77,41.19,3650.4,5,3.34,23.7
47.73,11.0,2886.4,10,4.76,27.7
25.14,51.44,1770.1,23,0.93,53.7
89.14,36.14,3656.8,14,8.21,36.3
60.13,65.5,3449.1,21,8.38,33.1
30.82,90.59,3133.6,5,6.73,27.8
55.22,48.7,3128.0,19,3.91,44.8
75.83,46.96,3446.6,23,4.27,47.7
96.23,63.91,1984.3,9,3.76,69.1
29.84,14.31,4358.5,23,2.56,27.1
89.76,27.82,895.3,24,4.53,59.6
94.09,87.71,4431.0,21,0.55,76.9
92.48,65.29,1777.2,17,8.43,51.2
67.19,6.21,712.7,15,3.66,47.2
66.68,23.42,3040.1,3,7.89,10.9
46.29,66.46,1942.3,19,6.18,45.7
77.72,73.8,4095.9,12,2.54,60.6
57.82,80.59,2210.8,23,1.97,64.1
70.97,31.3,3376.0,4,8.46,23.1
48.56,88.79,1610.5,19,6.59,45.8
75.83,54.77,1126.3,23,2.2,68.2
84.2,67.69,2001.4,18,0.67,73.2
23.18,58.71,3073.4,17,5.95,31.6
84.96,16.05,3319.0,19,2.65,44.5
58.63,91.68,2933.2,16,1.96,67.3
86.02,16.06,4941.5,15,6.27,34.7
48.82,27.94,3486.3,0,5.81,7.0
44.11,78.23,4664.4,20,4.14,42.0
92.36,60.67,677.9,0,8.02,34.0
32.61,80.43,400.7,19,5.81,50.9
85.98,51.42,1623.9,23,7.6,52.3
53.56,38.93,769.3,13,1.7,56.4
56.27,87.97,2676.8,23,2.59,58.0
37.76,8.26,2643.0,1,0.98,27.1
61.57,82.05,2917.7,14,2.66,66.9
39.27,25.77,3751.6,2,8.26,5.0
13.53,81.39,4859.5,12,8.19,18.7
34.48,17.53,4403.5,18,6.49,15.1
10.57,57.22,680.0,0,4.48,20.2
98.05,84.93,1758.7,12,6.66,66.3
96.92,47.62,1353.5,14,4.75,63.2
45.56,72.19,966.4,15,0.13,73.7
75.55,77.42,2769.2,10,4.31,60.2
41.12,71.28,2811.0,2,5.13,28.9
70.4,88.28,1213.5,7,2.33,70.7
82.49,45.22,3588.3,5,1.81,51.8
95.21,20.58,3691.3,4,2.4,49.0
46.02,9.3,202.8,14,5.34,39.4
80.5,27.18,2039.2,8,1.33,62.7
33.93,17.89,4461.7,22,6.15,17.5
99.13,55.22,2649.6,21,3.65,64.0
12.32,21.65,1803.4,4,3.07,17.5
64.32,8.5,1343.0,20,6.88,39.9
69.36,8.24,1292.4,9,4.35,49.1
71.92,79.84,588.9,24,3.28,75.1
20.83,58.23,4104.4,5,7.48,8.5
94.47,37.23,524.6,10,3.19,73.4
26.31,85.48,1532.2,3,7.32,32.2
66.05,11.32,323.8,19,4.34,52.6
30.04,93.23,3928.8,11,1.85,56.6
37.65,60.47,292.5,19,5.25,51.2
59.18,21.51,1610.7,5,2.5,40.9
47.55,66.12,2909.2,0,1.34,38.4
24.42,73.7,2106.9,24,0.83,52.6
25.38,43.64,1483.1,17,2.13,44.6
47.63,82.55,1448.4,1,6.29,33.0
78.16,18.57,4009.2,4,7.14,21.5
90.82,30.1,4872.5,15,7.34,35.5
17.57,13.41,1805.4,11,2.37,28.6
45.38,23.98,291.8,11,5.65,40.5
19.02,26.49,279.2,10,2.03,46.7
11.49,87.59,3820.1,19,5.33,34.2
69.55,12.03,2806.6,18,7.55,32.1
64.22,43.47,3939.6,20,0.44,56.8
24.67,52.92,3517.7,6,8.38,12.3
31.04,85.88,4546.8,1,7.05,13.5
12.13,94.79,4440.5,5,6.5,19.0
85.15,72.8,3962.8,3,5.91,41.7
97.72,92.37,2428.4,1,6.57,48.4
22.19,75.84,1609.8,16,8.45,30.5
30.83,91.69,2584.4,7,6.57,35.6
88.16,68.65,2560.2,4,3.05,60.4
93.38,12.18,3090.4,9,5.26,46.6
47.77,41.17,1011.9,15,2.93,59.0
14.56,63.19,3312.5,1,8.25,5.0
13.55,36.56,2337.3,23,7.66,19.5
61.66,29.6,3139.0,18,4.87,35.0
45.36,56.97,1274.1,6,6.66,37.6
12.58,89.02,2228.5,1,7.74,12.2
62.49,8.15,1130.0,12,2.15,54.4
11.02,74.23,4389.0,22,4.97,28.5
80.86,70.05,2491.0,3,4.15,51.8
37.58,91.76,1202.4,15,6.58,54.6
13.62,88.76,301.9,9,3.28,51.9
62.95,73.6,3411.1,16,6.06,48.4
45.79,51.84,1151.8,20,3.49,54.2
97.64,23.38,4949.0,13,1.03,62.5
58.98,54.07,2715.1,11,1.0,61.9
34.77,73.88,1516.0,12,1.1,62.5
73.85,85.61,3322.6,19,0.37,75.2
34.43,76.07,1448.6,7,4.58,49.5
91.38,22.57,4119.3,16,5.74,45.4
43.72,58.97,1610.4,17,1.16,57.1
59.49,34.9,4942.4,20,5.24,30.3
14.55,5.83,3065.2,9,5.12,21.6
48.35,23.02,4237.6,12,1.34,35.2
84.91,15.19,456.8,1,3.49,41.7
82.51,80.84,1806.7,16,6.44,59.8
30.19,28.27,3713.7,5,0.24,33.9
30.35,30.62,3309.8,11,1.33,45.1
83.56,91.39,1051.8,12,8.46,59.7
93.74,39.12,1845.4,3,6.26,39.6
18.58,5.86,1390.9,14,4.0,26.5
50.51,30.55,3105.5,15,5.39,34.9
40.37,15.74,1788.4,20,7.21,29.2
88.36,14.25,1614.4,18,7.18,43.3
17.52,11.97,1116.2,14,2.83,34.4
29.0,58.39,2104.2,5,4.23,32.0
77.72,22.04,1058.0,19,5.46,50.5
14.62,37.51,4816.6,5,0.7,26.2
54.33,82.58,857.1,4,8.04,35.9
49.79,43.19,4575.2,1,3.74,22.4
40.1,87.41,2199.5,19,3.22,61.0
45.51,49.81,1951.5,1,7.72,16.2
57.69,40.9,1233.5,4,1.09,52.6
24.52,72.54,3215.2,2,0.43,34.0
61.48,11.59,3459.1,5,5.85,24.8
82.49,13.05,2391.1,10,3.33,52.3
78.41,63.68,373.0,4,6.52,48.1
23.85,48.82,4600.7,17,0.68,37.6
23.43,76.14,4903.6,13,3.32,41.5
34.14,87.46,2212.1,9,2.08,58.8
42.5,39.95,3106.9,23,6.31,27.6
46.76,58.68,2306.5,21,2.01,57.3
71.17,50.06,1677.2,24,3.95,57.6
15.1,93.34,478.9,2,6.98,27.5
13.12,79.8,2334.7,15,7.79,30.9
45.27,87.06,4110.1,15,6.17,31.7
72.74,27.89,183.5,10,3.71,53.3
27.41,74.53,2952.3,3,4.9,30.9
67.74,28.89,4415.8,10,5.89,32.3
33.38,23.79,1166.0,7,7.45,23.1
89.75,89.98,998.0,15,7.56,59.4
90.61,6.74,3884.2,22,7.92,30.7
36.76,91.88,1349.9,7,6.91,44.7
30.7,18.43,1040.7,8,1.33,50.8
47.02,78.75,1952.1,13,6.38,47.1
31.65,29.83,2023.3,7,6.94,22.7
70.51,36.56,4383.1,23,7.47,31.3
84.35,24.51,3130.4,15,7.87,38.9
70.58,57.7,2089.2,21,4.38,58.1
84.19,36.33,2718.5,1,5.6,32.4
45.73,64.17,4774.4,22,0.18,53.1
24.07,6.41,654.8,19,4.91,28.5
76.42,10.79,1117.8,18,4.07,47.6
42.44,13.97,4816.4,19,8.18,6.9
70.41,42.71,4790.9,19,7.67,30.5
34.36,78.33,968.1,18,6.8,45.4
17.31,84.94,811.0,24,0.58,65.3
99.33,27.03,2163.3,18,3.48,62.4
24.06,56.69,343.6,17,5.95,43.6
98.96,74.15,3309.0,12,0.35,78.3
97.96,30.99,479.7,16,2.08,75.1
81.44,41.81,384.3,0,7.56,28.0
69.35,52.16,2477.4,20,1.19,63.1
62.0,17.14,4793.2,4,0.53,29.5
87.95,7.34,2191.3,24,4.98,46.5
36.05,18.75,1846.8,19,8.05,25.4
52.09,61.42,4990.0,20,7.11,28.9
65.75,11.63,2706.6,12,8.29,28.2
47.01,22.07,1938.7,5,6.43,25.0
48.47,35.41,1990.7,9,3.77,42.9
39.73,12.01,1055.3,22,8.05,23.9
60.78,22.25,2609.9,8,3.68,47.0
86.55,87.01,2250.4,5,3.04,67.1
28.14,6.74,1426.9,0,3.86,10.4
94.1,63.81,886.6,23,6.94,56.9
72.02,39.6,1625.1,17,7.81,41.9
84.09,65.54,2592.5,24,3.1,62.8
60.06,57.98,385.8,22,3.98,59.5
80.16,25.11,853.3,6,7.65,34.8
11.46,81.25,4743.5,9,0.5,46.7
83.65,49.27,2760.0,11,6.68,46.9
13.61,79.03,410.9,20,3.92,49.3
90.09,41.54,3496.1,23,3.26,54.0
99.28,93.62,402.8,14,3.85,82.2
36.47,74.34,3720.5,16,3.62,44.2
28.93,91.94,3774.8,2,6.46,18.6
78.88,51.29,3290.3,24,7.89,39.0
32.77,47.63,3687.8,14,4.23,38.0
87.9,72.99,531.0,0,7.09,36.8
19.26,84.23,3661.2,10,6.25,31.8
21.34,91.77,769.8,23,2.88,54.9
98.12,34.21,1763.6,5,5.03,54.7
70.65,76.88,4719.5,15,5.7,44.6
86.22,23.96,2564.1,20,0.3,61.7
39.19,54.1,4840.4,11,3.43,35.2
70.88,21.19,535.7,21,8.44,39.5
63.48,36.27,2440.0,20,5.45,50.8
64.28,88.82,405.8,14,2.91,66.6
71.43,18.15,3188.0,24,2.2,45.5
61.78,61.92,485.7,17,1.86,72.6
48.62,58.37,959.3,9,3.47,51.1
34.83,15.87,1368.3,21,1.72,44.7
79.17,34.34,3768.8,11,1.24,55.4
30.36,55.67,903.4,19,3.16,48.0
72.31,21.85,4248.5,18,5.2,35.1
31.0,77.06,746.3,4,1.33,51.5
66.28,92.49,272.7,17,0.47,86.7
77.24,24.33,2035.7,18,0.39,67.6
29.68,21.82,4899.3,22,2.35,29.3
15.39,45.94,640.7,11,1.7,47.7
21.79,72.3,598.4,0,4.63,27.9
64.54,30.34,3780.7,1,3.93,26.2
86.45,6.79,1629.6,2,2.83,43.5
14.05,53.71,3614.7,11,7.1,20.1
76.07,91.09,1080.1,13,4.34,74.5
40.72,40.21,2354.4,6,0.87,45.0
53.07,42.81,1399.9,3,2.58,45.6
93.6,92.2,2312.5,11,8.28,59.7
39.88,67.51,3868.6,23,8.31,24.5
51.88,69.73,3833.8,7,2.24,50.6
11.23,55.64,2627.3,0,1.5,23.0
17.34,92.71,4649.0,4,4.26,25.3
33.27,67.0,1392.5,0,4.14,27.9
12.51,85.55,1277.5,14,3.55,43.7
66.82,67.94,3107.7,12,4.55,50.0
48.38,71.16,3144.4,22,2.05,54.3
59.33,31.14,328.0,12,1.07,61.8
25.72,32.31,3078.1,3,4.89,12.6
36.63,75.47,1934.7,14,7.93,39.4
69.74,31.7,3762.5,11,1.26,52.6
96.88,55.65,4059.7,7,6.02,54.5
14.54,27.44,2805.6,15,3.78,28.2
90.13,78.53,108.4,11,2.57,84.9
61.92,14.95,3218.2,23,7.27,26.5
60.75,79.65,3769.5,24,3.93,50.3
55.03,59.25,1320.0,5,5.0,44.6
16.25,21.82,2376.8,22,3.82,32.1
18.09,53.78,4832.1,14,0.78,37.4
64.08,30.42,1560.8,6,5.1,42.3
40.69,34.11,1193.5,4,3.62,36.1
92.55,36.64,1133.2,22,0.83,73.8
46.59,10.7,2838.1,14,5.1,29.6
22.9,93.74,4754.0,24,0.18,48.8
74.32,7.84,3082.6,11,1.85,49.1
36.4,64.62,1586.3,10,6.66,41.2
57.29,38.41,3229.0,3,0.42,43.7
72.8,63.14,3161.7,12,5.53,49.8
91.02,37.06,3024.9,17,8.08,42.9
81.3,65.64,881.2,7,1.54,74.0
70.87,70.63,3209.4,6,3.6,52.1
71.17,67.15,2207.8,21,4.93,57.8
95.13,15.26,191.1,22,3.88,63.2
36.62,64.12,2744.8,15,5.31,38.6
10.1,30.2,4947.4,2,3.49,5.5
34.48,7.59,1813.7,21,1.35,41.9
29.61,42.33,4831.2,15,0.85,37.8
69.57,44.02,571.4,15,6.35,51.3
67.03,47.05,3689.0,6,2.1,48.6
63.41,68.43,660.2,22,7.22,48.1
11.46,32.8,1440.5,12,6.34,25.3
75.59,33.38,2897.1,12,0.52,66.9
39.12,10.45,3004.6,20,1.79,35.1
69.86,66.81,3898.5,18,2.55,55.1
60.09,56.1,3115.0,17,5.09,53.1
40.85,36.45,3008.7,6,6.9,19.7
22.11,68.47,4570.5,19,0.61,48.3
18.5,53.36,2315.6,17,2.2,42.2
84.84,47.23,1203.8,23,3.26,65.5
92.66,51.02,892.8,17,1.64,75.5
68.48,62.27,2060.0,21,4.68,56.2
19.31,64.4,3592.5,3,4.12,16.8
46.18,31.01,308.5,8,2.76,53.6
75.6,17.67,732.4,20,4.44,51.2
80.18,19.1,620.0,15,3.09,54.0
20.64,62.55,2967.7,3,2.98,31.4
10.0,83.56,1290.0,7,2.33,42.3
74.09,41.85,914.7,2,4.64,47.9
42.09,20.26,3004.6,8,3.83,36.2
32.9,73.09,3830.4,7,1.75,41.8
11.16,79.92,1727.6,11,0.21,60.3
58.63,84.25,2933.2,13,1.37,62.8
86.6,59.61,580.8,23,0.46,79.2
96.19,82.47,4682.4,9,3.73,57.1
60.92,6.39,1750.8,20,1.99,46.4
56.3,14.65,4987.8,16,3.63,28.5
17.66,13.33,4895.1,10,2.87,22.4
59.4,69.13,3916.2,9,4.62,49.7
44.2,11.26,198.3,12,6.18,32.1
64.64,49.67,2763.0,24,4.13,50.4
44.99,47.54,525.5,1,0.62,40.3
31.63,32.96,4486.2,0,0.25,21.3
18.55,83.34,3969.2,21,1.89,51.3
38.34,20.34,4864.5,0,3.67,5.0
18.7,36.72,3081.1,15,0.48,38.7
25.92,74.68,2658.6,9,2.85,49.3
98.86,7.74,2643.0,9,7.55,42.1
49.97,65.57,1993.6,6,0.86,55.1
57.87,78.48,2396.6,6,8.07,41.5
88.63,88.9,3213.5,0,7.3,32.4
99.6,83.87,4671.4,12,7.09,57.4
62.44,33.74,3019.8,4,7.35,23.9
83.12,57.77,4299.9,2,0.77,52.4
39.42,11.96,4327.6,12,1.37,35.8
37.52,28.21,2642.3,11,1.23,47.3
46.24,13.48,1802.6,17,1.03,50.9
70.53,33.37,3233.9,4,2.85,43.5
71.4,83.77,2284.8,4,7.07,41.9
38.37,36.25,499.1,1,2.22,32.5
21.99,55.57,1951.3,5,2.15,38.5
66.92,44.0,4971.0,6,5.78,27.3
21.55,46.3,337.7,0,0.91,32.8
62.06,92.26,3513.7,2,3.13,49.8
72.41,31.65,4221.8,19,2.58,49.2
73.06,61.46,3278.8,1,7.22,26.8
77.81,42.81,2891.8,9,4.42,54.1
88.56,10.5,3567.0,10,5.53,41.8
55.0,49.04,2203.8,20,1.18,64.2
75.72,78.2,547.7,12,7.9,49.9
65.73,13.89,4815.6,15,2.81,34.4
26.8,11.26,2218.3,19,6.04,20.1
12.31,18.83,3360.4,10,8.12,5.0
35.61,73.8,2703.4,17,4.37,45.1
49.87,70.16,367.9,10,4.36,58.7
65.54,55.85,4768.5,0,1.08,40.0
86.5,47.14,3983.4,23,3.38,57.0
27.66,84.95,830.6,17,7.26,40.7
21.3,74.0,4910.1,19,1.23,43.5
96.71,78.07,3710.8,4,7.81,35.7
19.72,78.19,2414.4,1,5.71,19.8
53.06,62.84,3095.7,24,3.64,49.4
62.7,46.22,623.0,17,4.69,51.9
58.72,82.82,2846.0,21,1.36,64.5
17.74,88.34,460.9,6,1.93,52.6
15.13,7.14,2769.8,21,2.51,24.4
19.49,9.64,2808.2,10,3.33,28.4
62.7,91.29,4384.8,10,7.79,43.1
58.99,29.94,3652.8,12,3.19,43.9
31.04,83.6,1322.8,3,4.5,36.9
67.4,39.99,4453.3,0,1.46,28.7
83.81,15.72,2908.9,17,6.28,38.4
13.74,12.24,3071.3,11,4.81,18.1
54.83,19.09,928.0,9,3.8,44.4
72.04,27.49,4303.1,21,8.06,29.8
32.71,48.97,4661.7,7,7.58,15.4
37.7,68.13,3897.5,2,5.64,22.2
65.23,93.78,4709.7,6,7.84,30.8
90.81,44.74,1581.3,24,4.84,57.6
82.89,51.64,4319.5,19,7.05,42.6
62.48,51.96,2495.6,10,3.54,55.1
75.72,53.55,903.2,6,0.83,64.8
42.83,51.6,3377.1,6,8.45,20.7
67.69,5.79,3452.2,8,1.49,47.1
51.96,5.16,1505.9,2,2.21,28.6
27.09,13.79,234.7,10,1.47,47.9
73.16,14.14,1079.3,16,2.93,49.8
60.08,68.44,2058.9,7,2.53,55.8
42.28,23.44,921.1,19,5.15,40.7
92.02,85.52,1050.7,1,8.47,42.3
11.88,88.57,2017.8,20,0.54,56.6
38.42,92.83,4812.8,19,6.64,33.6
15.12,89.52,3844.8,0,1.18,29.8
78.99,29.47,1666.8,15,0.27,69.2
73.19,50.88,4762.9,22,5.46,42.5
39.82,20.79,3263.7,3,7.44,7.9
70.81,77.56,2331.7,23,1.58,68.1
45.63,84.96,2394.7,8,2.97,55.6
78.06,81.62,2112.6,7,1.52,68.3
50.88,44.0,1241.7,0,7.71,15.6
47.11,73.28,1994.5,7,2.37,54.2
94.13,13.78,2686.7,4,3.84,47.0
32.58,8.62,2687.3,0,7.62,5.0
20.84,72.79,3832.5,24,4.74,36.7
62.61,43.28,1858.1,24,7.94,36.7
97.24,94.6,3612.3,6,7.88,50.0
44.01,13.75,2932.7,14,3.98,34.4
15.58,82.01,4813.0,6,4.99,20.0
40.54,48.2,1987.9,0,2.03,28.8
55.53,79.44,4516.0,8,8.42,28.0
24.57,78.54,4121.1,0,2.44,22.1
69.23,87.44,3224.6,11,6.68,47.1
99.8,31.81,3307.1,6,2.73,59.1
50.66,90.48,514.8,24,2.73,67.0
41.93,18.65,4756.1,8,0.97,29.8
46.06,12.38,624.0,4,4.8,28.9
20.36,43.85,2859.8,11,2.16,41.5
89.49,79.55,1717.3,21,1.35,84.5
47.33,47.61,2206.3,1,2.0,34.4
44.85,79.64,3089.9,17,2.21,54.0
69.37,70.67,4553.4,8,4.33,48.5
49.78,23.85,2342.1,0,3.34,23.6
68.34,90.4,4939.9,9,0.73,60.8
15.53,10.47,3004.8,13,4.6,19.2
83.24,85.85,886.7,20,6.72,63.4
94.65,32.4,1031.0,13,4.92,60.0
68.39,50.01,3608.9,6,8.29,27.6
95.91,43.01,346.9,11,0.93,76.9
23.63,20.47,2453.7,21,7.0,20.1
52.97,37.23,826.3,21,4.35,49.2
64.16,22.36,2222.8,5,4.48,35.8
62.36,23.35,3774.6,12,4.46,33.7
46.13,21.84,2348.2,7,2.83,41.7
40.43,49.01,900.9,22,2.83,50.1
21.41,76.81,1334.4,20,5.41,47.3
45.26,56.21,1900.9,1,0.48,39.6
24.64,85.39,440.8,9,5.05,52.8
76.09,62.29,2963.3,5,6.19,35.5
28.79,67.04,3076.9,15,3.09,36.9
15.27,65.08,404.5,9,1.93,51.6
59.71,45.45,2071.3,14,1.89,50.6
63.57,67.04,2128.6,20,0.79,69.9
88.47,11.27,1735.7,19,0.85,63.8
61.93,82.39,2832.9,9,1.5,69.9
41.09,75.0,1795.2,10,0.26,64.5
82.27,27.07,2140.4,20,2.34,59.6
58.63,74.12,4007.9,24,2.67,52.9
17.14,6.14,894.3,1,8.46,5.0
60.93,24.55,3133.7,21,8.43,24.2
91.72,10.86,2577.4,24,1.67,55.0
45.67,75.22,1594.9,9,1.89,63.0
36.67,73.03,3664.9,20,4.23,40.7
22.91,78.23,2800.8,11,1.35,51.3
23.63,5.4,2439.1,10,4.33,33.2
48.95,50.11,3371.6,21,3.45,42.9
63.61,68.44,4031.2,14,2.83,54.3
17.26,18.99,4866.1,3,7.01,5.0
94.56,63.48,3183.8,4,7.06,45.0
77.96,12.57,4384.8,23,8.4,24.2
62.8,21.32,105.3,0,1.97,39.2
84.56,47.82,2698.2,0,7.56,31.2
17.22,63.82,1151.8,9,4.62,38.6
52.92,18.13,561.5,3,5.07,30.0
66.71,21.67,2706.7,12,7.63,34.0
84.58,23.4,3759.4,13,8.02,29.9
80.51,26.48,2120.1,18,6.21,46.9
34.94,25.39,3383.5,4,3.02,23.0
94.68,40.56,2499.6,10,4.21,61.5
21.19,63.84,2241.7,7,5.27,36.4
88.76,44.42,1522.3,0,7.06,31.1
97.38,74.84,1974.7,4,5.63,52.2
25.94,69.73,1814.0,20,3.17,47.0
74.99,16.39,3266.3,17,3.61,44.6
13.63,9.4,668.5,12,0.52,45.3
46.49,84.01,553.9,4,7.86,38.5
56.47,12.18,3334.1,23,0.84,48.1
62.26,18.35,2776.9,6,4.97,33.9
94.23,6.99,2208.0,11,7.42,42.5
70.5,61.55,847.0,1,3.64,45.9
53.32,57.41,2114.0,12,6.82,41.2
82.87,93.82,3969.7,13,6.85,52.7
95.55,84.82,4459.1,5,0.6,65.9
11.99,41.98,3542.6,15,3.56,31.1
98.43,38.44,393.6,9,5.9,64.8
17.75,31.72,3385.0,10,3.65,31.5
83.29,18.72,1280.8,0,4.68,30.0
35.23,17.43,1644.7,14,5.09,33.3
21.9,16.91,1059.8,15,1.37,46.1
49.59,15.27,3901.2,9,3.56,37.6
67.96,26.65,3278.2,9,0.34,51.6
44.29,32.6,3098.0,2,1.36,31.5
14.91,91.54,3373.1,10,4.4,38.6
63.95,57.06,1260.2,10,4.92,59.2
91.22,93.88,2278.8,15,1.33,75.0
44.49,38.52,3202.9,5,6.45,19.2
29.47,46.19,3219.3,8,3.23,42.0
49.83,34.21,3980.1,0,7.83,5.0
14.35,21.46,1506.8,5,3.36,21.2
83.84,17.88,3874.6,17,1.36,58.1
84.37,90.06,2256.9,24,6.47,56.1
62.92,93.81,3383.8,12,4.87,58.0
41.78,9.04,2333.0,1,3.35,13.7
81.98,18.53,4748.2,18,3.09,39.2
59.92,43.12,978.6,1,1.37,46.2
84.33,21.77,3407.5,3,2.96,35.9
66.83,37.75,2925.0,3,0.35,48.2
80.6,16.62,946.4,9,4.32,58.9
63.87,46.09,423.4,16,7.63,45.0
47.27,29.45,4015.8,23,6.78,29.0
96.22,36.67,871.5,15,0.34,79.1
58.7,13.49,1013.9,20,7.5,36.5
64.46,43.53,4894.3,7,3.9,30.7
29.84,93.49,3614.6,5,1.7,47.8
66.31,34.59,1327.4,1,6.42,28.0
61.44,83.88,2995.6,22,2.81,59.6
26.64,80.89,2717.1,14,2.23,56.6
15.36,90.69,4237.9,24,1.46,44.5
64.39,76.11,3673.7,22,4.19,47.4
78.73,64.36,4175.4,10,0.88,66.2
57.11,82.09,1136.4,20,6.7,48.2
30.41,11.81,3237.1,15,4.05,26.7
69.99,46.65,297.2,3,3.85,53.0
17.21,94.03,437.8,10,0.12,68.9
49.77,74.26,3596.3,13,6.97,36.5
24.7,91.59,219.7,7,4.24,52.3
26.6,75.17,2940.8,5,3.8,39.4
28.21,83.74,4218.0,20,6.5,27.5
44.8,68.59,1961.7,22,0.63,65.1
14.6,73.45,319.7,18,3.18,57.6
45.8,52.09,3597.9,24,4.94,39.0
56.05,88.18,4655.5,3,3.97,35.9
53.5,79.25,3614.1,3,1.63,45.4
44.45,80.95,2934.4,23,2.61,53.5
85.52,65.57,1227.1,5,2.62,62.8
23.08,32.41,175.3,10,8.43,26.3
55.51,8.21,3503.9,0,2.84,19.6
15.58,89.21,1232.0,1,1.82,43.8
16.4,57.75,4305.0,8,7.01,12.6
61.65,31.83,2385.2,15,3.64,39.9
60.94,18.42,2700.1,5,3.83,39.1
89.02,79.66,3794.3,22,4.71,59.6
60.21,80.29,3919.2,8,5.1,47.9
96.38,78.31,3249.0,18,5.06,64.1
14.38,63.06,4698.3,4,0.39,30.1
18.82,37.94,4913.3,20,6.98,17.9
13.97,32.37,4739.7,9,1.74,29.4
26.67,5.77,4138.5,6,2.56,18.9
58.71,80.02,3557.6,1,1.56,42.3
68.1,12.87,3350.3,19,6.54,30.3
14.1,61.77,608.4,3,5.0,25.6
95.14,50.37,1430.3,7,6.44,60.2
85.79,52.4,127.9,2,5.59,48.4
36.7,88.4,773.3,1,0.97,47.4
16.95,7.85,2252.2,8,2.63,30.9
25.29,74.61,818.0,10,4.36,53.3
21.42,9.68,4518.2,3,2.66,13.2
21.1,8.43,4047.9,8,1.84,24.6
56.67,43.68,450.9,5,7.41,32.2
32.13,10.68,1319.7,0,6.38,10.6
42.23,76.02,4113.5,2,3.0,27.0
99.06,52.66,4034.9,6,6.53,45.0
71.59,7.61,4732.7,8,5.37,27.5
95.41,8.65,4988.0,7,0.13,56.6
22.83,60.14,4883.7,20,3.29,28.8
44.39,77.55,2109.7,12,2.54,55.2
59.93,44.4,1326.6,23,1.93,61.9
16.91,54.91,3816.2,17,2.21,39.0
10.38,76.98,1566.4,18,8.02,32.6
70.34,59.95,4051.4,23,4.19,50.2
67.76,25.23,2716.4,8,7.22,34.9
46.97,60.17,3990.2,23,1.9,52.0
54.07,61.55,1451.8,19,1.56,58.9
47.39,71.07,2589.3,5,7.57,27.4
12.16,60.88,2863.7,20,4.26,29.2
40.18,92.23,4721.2,11,7.62,23.5
25.94,22.76,1406.3,3,0.63,37.0
18.86,90.6,4689.8,8,7.8,27.5
96.1,53.45,4043.8,9,3.59,59.9
63.94,65.48,3681.4,2,1.41,45.2
75.58,13.95,3955.7,16,5.84,33.9
38.38,39.25,3066.6,6,6.79,22.4
45.38,74.24,1296.0,7,0.5,70.1
31.32,68.62,1028.5,10,8.39,39.3
18.73,8.61,4345.1,12,5.96,8.7
26.11,54.19,3653.2,2,2.8,26.6
81.78,12.95,1144.7,18,1.37,66.2
70.98,94.63,3114.0,13,3.4,66.1
59.22,85.76,2293.0,21,1.95,67.3
52.76,6.9,877.4,15,4.25,42.9
93.02,82.28,2706.1,14,6.67,54.5
16.55,87.75,1479.4,1,5.65,19.8
35.25,36.82,571.6,5,3.76,40.9
41.49,69.76,2388.1,20,1.1,55.3
80.42,44.79,2991.5,6,8.14,29.7
99.33,63.97,329.8,8,2.37,74.9
31.66,35.63,2070.3,8,2.43,41.8
88.69,34.03,1362.5,16,5.52,55.9
84.76,43.2,250.2,22,6.57,57.8
30.22,18.1,715.7,2,8.37,10.5
45.94,79.8,781.3,3,8.24,30.4
46.87,36.38,996.1,1,7.78,17.1
98.04,41.01,4036.6,0,3.76,37.8
26.28,85.46,2253.5,9,1.5,57.7
81.92,49.7,820.7,2,5.01,43.5
40.08,53.98,591.5,9,0.24,65.2
75.78,91.08,1559.9,8,1.75,71.0
47.8,84.81,4010.3,16,0.12,61.5
62.05,20.25,1885.9,14,1.62,51.7
84.94,47.59,883.5,2,4.09,53.3
82.37,92.42,2080.2,20,3.4,68.8
87.98,38.51,2821.0,2,3.2,43.3
15.37,38.44,245.0,3,7.08,15.4
72.28,22.55,3175.4,3,5.77,23.9
22.6,15.29,2036.0,16,7.97,16.8
47.42,71.63,147.7,5,3.84,51.7
59.37,74.3,3402.1,10,2.39,63.0
46.25,92.21,3590.7,11,1.13,55.0
56.77,74.61,3181.3,22,5.75,47.6
99.69,26.9,1775.5,6,7.17,44.2
22.17,8.61,2695.1,12,1.64,33.2
70.79,93.69,1997.1,5,7.48,47.4
45.64,35.64,3533.0,22,4.52,37.9
21.97,33.08,2959.5,2,1.31,25.3
24.29,86.54,500.8,20,5.5,51.9
95.43,57.66,3251.2,13,4.47,59.3
89.16,24.34,3467.5,13,0.34,59.1
91.63,85.02,1916.4,22,3.45,73.3
99.24,94.4,4391.4,9,6.69,60.8
28.75,12.8,4230.8,4,4.77,8.4
41.99,82.6,958.3,1,2.47,42.1
70.23,40.15,4530.9,5,7.9,23.2
53.54,52.17,2260.3,22,2.1,56.4
47.66,87.33,3646.4,10,2.22,53.8
42.2,92.6,4089.1,17,3.08,50.1
63.44,28.59,2575.1,23,7.61,31.9
61.8,24.16,2055.6,20,4.36,44.2
24.53,12.25,4585.7,10,5.83,14.8
52.46,55.56,1231.2,23,8.3,37.1
59.81,6.22,1359.2,14,6.68,35.8
61.33,42.07,1871.9,2,1.55,42.5
28.91,11.6,4311.4,1,6.72,5.0
76.8,41.47,4700.1,6,6.39,36.2
12.27,8.59,1178.3,4,2.05,22.0
41.93,80.17,4333.0,20,2.83,43.8
80.22,23.88,1365.2,12,6.07,50.3
60.75,34.55,4856.1,7,2.1,41.4
33.5,83.3,3027.3,8,1.85,55.6
72.55,72.16,134.7,7,6.01,57.4
61.07,24.71,267.2,9,7.5,39.8
81.66,11.47,822.7,1,0.73,47.1
76.15,69.41,1019.1,9,3.85,67.4
64.91,40.16,3861.3,10,5.2,35.4
53.94,73.95,1191.6,22,5.78,52.1
21.99,45.08,4848.8,10,8.47,6.2
33.52,36.14,3216.9,4,5.83,15.9
47.72,45.61,3493.3,13,5.31,35.3
63.94,72.37,1167.3,22,8.41,47.9
56.23,86.2,4474.3,2,0.61,48.0
35.94,9.48,3372.3,19,0.73,41.2
10.58,52.17,4335.6,22,4.81,18.1
54.66,7.96,4786.8,1,3.11,17.4
35.71,47.16,715.6,17,0.91,56.3
76.11,84.68,573.3,0,2.67,54.4
12.16,37.54,4036.7,0,5.76,5.0
62.63,88.92,4344.0,16,7.5,39.5
94.73,61.75,2960.4,5,0.89,67.2
25.7,89.07,1893.4,12,4.64,49.1
52.45,73.14,3297.9,20,2.59,52.1
18.23,14.31,1597.8,23,5.71,23.0
66.31,25.8,1268.1,20,4.72,47.6
59.55,40.48,2491.9,0,7.88,16.3
46.66,20.31,1159.2,23,0.42,53.9
56.92,49.54,2470.1,5,4.05,39.2
90.69,47.42,4787.4,7,1.72,52.9
27.67,91.06,4214.9,12,4.61,36.7
12.03,44.04,4714.0,1,7.27,5.0
87.55,75.71,4051.0,7,7.76,41.6
61.94,89.77,1838.3,21,3.45,69.5
90.16,83.93,4079.0,0,6.92,34.1
63.73,23.78,4622.3,12,2.46,45.0
82.91,49.64,4740.5,0,0.15,39.1
48.67,36.3,3447.7,9,7.28,21.0
77.49,40.99,1135.7,4,1.1,59.9
92.17,37.47,294.7,22,0.25,85.1
61.49,79.37,821.3,19,3.07,65.9
26.27,45.69,4831.2,12,3.29,30.1
34.19,52.13,2364.3,4,0.75,38.2
27.88,93.42,4289.4,9,6.94,31.8
32.22,10.4,2378.7,2,3.51,16.7
37.58,48.92,3338.0,1,4.22,13.5
59.96,74.67,218.3,1,2.32,50.0
62.92,18.6,1324.3,4,4.4,32.6
48.38,60.04,2237.7,3,6.54,22.9
65.39,26.55,3190.1,1,7.71,10.1
17.34,83.07,940.5,20,8.25,35.7
17.9,34.44,3846.3,8,3.68,24.7
25.46,34.62,1885.6,23,8.42,24.0
56.63,58.84,4105.4,8,2.58,48.0
29.26,21.52,580.0,8,0.16,53.7
35.5,30.64,3430.8,23,6.55,24.9
46.03,42.5,1537.3,24,1.6,59.6
83.07,36.83,3997.4,3,0.54,45.8
11.25,52.24,2070.6,7,7.86,20.0
68.44,58.97,3360.2,17,6.75,38.8
70.2,56.0,4678.1,8,0.96,61.7
81.88,63.88,201.1,24,6.63,57.5
93.95,32.7,154.5,2,7.19,41.4
11.81,16.38,3874.4,5,7.7,5.0
23.84,73.47,3267.3,22,4.67,33.7
89.76,81.57,1535.6,18,6.01,66.4
51.27,28.13,2522.5,4,6.5,19.1
60.81,41.64,305.5,16,5.88,56.9
69.67,49.87,1043.0,18,5.53,47.6
71.12,53.0,2180.0,23,4.7,48.4
93.86,64.35,4186.8,2,4.13,39.4
99.73,8.74,2450.4,7,8.47,31.9
74.81,69.93,2973.2,8,2.94,63.1
35.85,10.58,4381.4,21,0.84,40.1
89.18,47.15,1613.2,22,6.53,57.2
14.43,79.49,3533.4,21,1.9,44.9
30.8,45.61,4322.2,7,4.57,26.4
90.76,18.42,1092.8,13,0.9,67.0
33.06,93.65,1846.7,22,5.3,50.2
29.86,85.04,4901.1,9,8.03,23.4
22.43,74.42,4917.8,16,6.17,25.8
87.32,42.04,1193.8,2,1.9,52.4
55.01,21.55,425.6,2,8.26,15.4
70.74,89.73,1427.5,2,2.68,57.2
31.52,52.91,2048.9,3,3.77,30.4
78.22,81.71,2260.9,16,4.28,62.0
78.4,35.79,3132.2,13,8.42,32.1
38.13,35.18,4507.6,1,0.68,25.9
46.96,93.7,1718.7,11,5.95,53.5
28.87,51.96,4264.9,4,3.14,30.7
97.89,17.66,558.0,21,0.76,77.9
68.1,24.77,305.2,24,7.95,37.4
94.11,48.37,2569.8,1,5.05,39.0
37.3,8.82,392.3,11,6.43,27.1
80.37,46.63,2023.2,8,2.12,58.8
78.93,42.7,4494.2,22,6.5,44.2
72.25,75.14,1283.3,8,7.06,58.7
96.91,36.94,3559.3,19,3.72,54.0
45.42,93.43,1581.6,22,4.9,59.5
21.76,21.27,320.1,0,8.26,6.9
70.45,58.19,2827.8,23,7.21,36.9
75.64,13.07,4190.8,6,3.84,37.1
61.76,71.05,2106.4,22,5.68,49.6
28.61,94.53,3124.7,17,6.69,38.9
55.4,78.72,4510.1,9,0.3,69.0
38.1,55.01,3969.5,14,5.04,38.3
48.47,48.63,1050.0,8,8.37,35.2
68.07,80.15,3693.6,10,8.06,45.2
77.07,89.24,2559.3,23,7.09,48.5
30.9,94.03,3755.2,0,0.99,37.3
46.48,40.69,2523.1,10,8.45,28.4
34.22,94.18,727.0,0,5.22,36.5
27.88,19.03,2892.6,4,1.97,24.5
80.5,27.82,2511.5,17,5.76,46.1
91.83,13.01,2637.8,0,7.29,21.9
43.32,29.46,4406.6,9,1.04,34.3
77.62,74.11,4484.7,12,7.8,39.5
90.73,81.76,2322.3,7,7.83,50.3
86.15,75.1,2333.1,12,0.21,80.8
26.45,61.8,2624.4,19,7.66,31.5
96.07,51.26,2646.0,1,8.05,28.3
43.9,68.78,4756.9,20,0.42,48.8
40.53,40.18,3282.1,11,2.57,42.5
15.62,80.72,1459.5,12,3.23,45.0
53.76,65.95,2704.5,21,3.03,53.2
19.81,67.8,3173.4,7,6.48,25.0
32.37,53.23,3234.9,14,3.11,42.6
38.52,84.67,2967.7,6,8.14,30.3
82.79,27.68,970.9,6,8.46,37.9
88.79,39.3,264.6,16,2.76,75.1
37.22,74.99,1755.4,18,4.37,50.3
87.28,49.35,2194.9,2,4.78,41.1
87.15,85.03,402.8,6,4.97,66.9
78.82,36.18,4093.3,11,3.24,46.6
23.2,38.24,1786.0,13,1.49,42.3
72.13,84.99,4576.8,1,0.56,44.6
95.05,46.79,856.6,6,0.99,76.5
71.43,51.45,379.0,15,7.67,47.3
39.85,34.95,2463.3,8,2.46,45.2
55.05,29.9,1026.7,0,0.75,39.1
68.12,64.04,4693.3,11,5.34,42.3
55.95,15.79,150.5,1,0.73,46.3
20.8,84.13,2121.8,21,0.69,57.9
38.09,75.13,4641.1,17,5.32,32.2
82.22,22.17,1983.6,13,5.07,47.0
87.53,67.46,556.2,11,0.45,86.3
22.36,59.24,1584.2,17,3.97,43.9
95.71,21.61,2540.3,4,3.76,48.3
39.59,29.59,1007.2,6,4.69,35.1
69.61,41.81,2386.2,3,6.3,26.5
77.66,67.93,4198.1,12,2.48,60.2
83.08,62.49,4375.8,15,3.74,54.9
95.12,52.9,341.4,21,6.76,62.3
38.16,74.16,888.4,15,7.85,36.7
87.27,73.21,1448.9,18,7.59,54.6
21.85,60.61,3014.8,3,4.11,21.0
73.45,75.83,1868.9,19,4.48,62.7
76.78,35.08,4235.8,19,4.54,44.1
71.0,84.31,3611.7,0,7.4,25.5
32.71,60.34,592.2,12,7.16,42.0
88.57,79.01,3160.3,19,2.72,73.1
25.2,54.17,653.8,19,1.47,55.7
14.83,24.66,1349.7,21,3.28,36.5
74.57,53.82,971.6,8,2.52,65.2
52.79,38.4,948.0,9,8.09,33.8
86.42,67.77,3120.3,5,2.33,62.1
44.51,47.82,2861.7,21,1.62,47.8
25.15,80.25,962.5,6,7.66,35.3
85.28,66.03,4951.8,22,0.83,68.8
59.4,66.61,2167.0,15,2.29,62.7
27.03,24.54,575.6,16,3.79,39.8
74.83,93.58,690.8,23,5.1,65.0
56.0,80.75,2961.1,0,2.85,38.4
64.39,76.01,4897.4,8,4.27,50.0
51.48,34.72,2902.6,13,1.77,48.4
84.58,53.21,4750.3,14,4.92,49.7
84.66,17.34,2276.3,3,3.53,41.1
73.84,53.46,2235.6,24,7.23,45.8
19.49,18.13,2550.0,7,3.59,25.1
85.5,54.77,3517.4,24,3.83,51.8
70.39,63.38,1901.3,14,5.07,53.8
72.73,40.12,4333.0,21,1.13,52.9
42.67,49.87,243.5,24,1.42,63.2
89.14,83.81,2254.8,3,6.74,47.0
75.28,14.77,2603.9,18,2.4,54.5
20.13,76.26,3074.5,2,5.85,19.2
46.7,20.37,1452.8,7,0.92,48.4
89.77,8.3,2194.7,1,7.0,20.3
14.25,21.7,2474.2,21,8.4,9.3
96.53,73.85,3465.9,24,3.24,67.5
71.12,41.46,3890.4,24,4.35,43.4
66.82,83.53,3715.4,7,3.82,50.3
34.35,52.22,1773.8,7,7.61,31.9
32.39,7.0,4997.3,16,0.18,32.9
94.79,69.5,4258.5,15,5.59,54.8
36.84,14.92,1374.1,15,5.58,29.1
79.8,76.04,1056.0,15,3.31,68.0
45.38,20.13,1638.7,6,1.94,42.1
22.53,36.09,2316.5,14,2.11,34.2
10.96,73.51,4268.9,16,6.82,23.6
58.98,90.88,3914.0,24,0.66,63.3
97.82,38.43,4271.1,2,4.84,34.0
43.22,79.65,1432.6,0,2.68,41.2
42.15,22.17,3008.0,7,2.33,36.9
40.97,77.65,1487.9,6,4.35,44.1
56.85,64.17,634.2,17,7.64,51.2
49.66,22.35,3452.6,22,5.29,26.0
89.19,32.23,800.7,4,6.72,35.8
55.5,16.86,3371.7,14,5.15,34.8
55.7,39.47,3275.0,6,5.96,26.0
22.45,23.33,4070.2,9,3.73,28.1
98.45,62.96,783.8,15,7.88,60.6
32.5,94.51,3939.1,22,4.32,45.0
16.6,6.08,4996.5,1,4.73,5.0
69.68,53.68,4270.1,17,4.51,42.5
63.58,56.63,3783.9,14,2.76,50.5
47.36,87.28,3344.6,22,2.04,55.2
48.0,50.54,2166.7,18,0.72,61.9
80.66,53.93,3679.5,19,6.13,43.3
27.61,47.45,3648.5,13,2.53,39.6
83.82,29.2,3194.3,22,3.37,55.1
68.39,10.04,4001.8,1,7.83,5.0
47.71,41.78,2298.9,17,4.86,42.1
51.22,9.73,694.1,8,0.92,51.7
33.1,54.54,2839.4,0,6.82,9.5
77.69,32.66,1398.7,15,2.25,60.5
56.16,53.02,1983.7,11,4.74,46.3
38.88,17.09,185.3,11,4.38,42.3
63.64,88.94,1975.7,18,2.1,65.6
99.62,85.51,4063.1,9,1.07,79.0
49.17,22.1,2759.3,19,1.87,41.9
92.86,35.91,148.0,4,0.92,63.9
41.05,60.21,2402.2,2,2.42,35.6
14.93,13.61,1528.1,8,8.48,11.7
28.38,36.91,2440.0,20,3.48,38.3
47.68,27.6,2083.0,22,7.36,29.8
29.77,87.4,4666.7,14,4.71,32.2
10.02,81.73,301.8,13,5.7,45.7
92.35,57.18,3449.6,10,1.41,67.0
85.95,51.83,4270.0,12,2.41,58.3
76.81,88.77,4800.3,6,4.39,56.1
25.1,88.92,970.4,24,7.5,44.7
20.83,92.24,2703.4,1,0.46,41.1
16.08,16.28,313.6,2,4.36,14.1
75.16,19.45,2546.0,19,0.53,55.1
93.59,65.91,714.7,7,3.94,73.6
48.75,53.73,4205.7,0,5.38,13.6
20.72,6.66,658.0,24,6.36,23.5
56.12,10.58,2615.1,20,1.26,44.0
41.39,84.93,2653.4,3,1.5,48.7
43.73,83.2,4861.1,12,4.05,45.9
65.92,37.15,3309.4,23,8.48,34.0
74.68,85.19,1510.4,13,3.09,69.2
19.95,58.43,1279.9,8,3.69,45.5
13.2,77.53,728.4,2,3.73,32.7
99.49,43.47,3806.9,13,0.78,70.4
30.95,15.21,3484.7,3,6.6,5.1
14.84,44.04,3088.4,16,2.23,33.6
27.09,46.16,300.1,14,6.01,42.7
13.51,54.58,3837.9,11,4.09,29.0
45.26,14.5,3245.2,13,5.24,27.1
82.22,94.23,4823.1,18,0.55,71.6
40.71,26.97,2977.3,9,7.58,20.4
49.98,22.87,1589.4,4,2.15,40.6
70.8,52.41,1969.5,23,5.73,49.4
55.8,53.35,961.6,16,6.8,42.8
87.53,44.58,3642.3,16,4.64,58.1
87.94,74.47,3567.8,2,2.93,46.8
10.89,51.5,1083.2,15,8.31,24.3
80.02,59.87,876.6,24,2.44,71.1
51.47,70.14,477.3,8,8.07,42.3
99.0,7.25,4568.7,16,1.41,52.2
53.49,56.36,1242.0,19,3.37,52.0
98.82,84.58,1786.4,11,1.26,90.4
77.91,6.56,1474.5,23,0.12,61.8
32.37,41.47,2126.8,1,2.29,27.1
58.46,88.36,3598.8,19,0.83,71.1
99.29,36.78,4365.9,15,8.39,34.7
87.18,46.29,994.7,22,6.5,59.2
18.76,93.34,3463.4,22,0.13,57.4
73.57,22.94,1827.6,20,1.98,51.3
41.1,10.87,4904.6,22,5.73,16.3
10.63,82.35,1564.7,5,3.45,39.8
46.31,83.16,135.2,1,7.09,34.3
31.13,47.49,2626.6,8,4.34,37.2
83.7,51.28,838.6,4,5.59,47.4
40.36,80.22,318.0,17,5.12,52.9
84.48,71.47,3521.5,21,5.46,53.3
10.05,28.86,3688.1,20,2.03,34.8
37.7,6.52,2357.4,17,3.24,31.3
31.7,48.17,3416.7,9,0.53,46.2
31.02,82.3,2737.4,9,5.04,42.9
16.14,85.63,3186.0,22,3.96,36.1
26.84,91.06,3023.8,9,6.49,38.6
60.0,84.16,3362.5,17,1.83,58.3
36.22,57.2,1078.2,15,3.77,46.2
47.57,45.01,1416.7,22,1.62,53.2
43.92,74.74,2255.8,5,5.26,34.2
88.83,71.58,2286.0,11,7.22,58.4
91.48,53.43,3894.6,3,6.53,36.0
54.37,12.86,1900.2,19,8.03,29.3
39.71,88.35,896.3,15,8.26,46.0
19.61,46.0,1332.2,21,6.59,29.5
95.81,37.7,1152.2,24,2.51,69.5
15.42,61.66,3685.1,21,1.94,42.3
36.79,65.65,2404.7,21,3.86,51.1
36.83,23.96,3572.3,10,8.45,11.2
38.84,80.32,2139.5,0,3.57,40.2
24.79,31.09,4459.7,4,1.77,18.5
80.48,21.8,4919.2,16,8.03,24.4
21.02,41.58,3382.2,10,3.34,32.7
67.14,70.75,4332.7,13,5.9,43.7
21.15,91.89,2588.9,8,6.72,42.4
16.35,77.84,4679.6,9,7.18,24.4
91.85,89.63,4174.8,3,7.0,42.1
27.11,17.65,4959.7,1,7.12,5.0
83.91,11.41,3153.2,24,5.71,40.7
59.02,55.19,3918.1,5,3.49,37.0
17.01,31.13,2760.1,2,5.71,9.2
95.99,79.52,1369.7,12,7.13,63.3
32.23,65.48,1838.3,11,3.05,47.1
87.37,92.37,4480.6,17,2.59,70.5
25.19,27.93,374.1,5,2.99,36.2
86.85,48.72,2998.3,9,4.73,50.7
11.19,50.11,1925.2,5,0.54,36.5
56.06,26.53,1994.8,24,6.64,36.6
79.25,58.11,4434.4,4,1.27,53.2
94.13,44.9,4283.7,14,1.22,64.2
91.83,45.2,3034.3,14,1.76,66.6
83.77,37.65,1437.3,11,4.95,53.2
89.94,6.52,2429.7,8,2.5,54.9
27.93,51.99,2100.6,12,3.19,42.2
35.58,35.17,1832.7,15,7.93,25.6
36.01,5.12,603.6,20,7.22,25.9
43.93,32.71,2761.3,1,7.26,7.6
45.4,30.08,1579.0,16,4.95,42.0
59.01,40.41,3338.0,8,7.38,28.6
24.39,16.87,1664.1,22,6.64,19.0
72.21,50.69,2212.7,18,8.11,38.4
25.08,67.32,356.6,5,0.64,57.1
37.93,61.72,4963.4,3,0.34,36.2
55.3,77.34,2587.3,24,1.57,57.5
81.68,45.68,218.8,14,7.9,53.3
76.55,51.72,2752.0,17,5.19,50.4
68.1,77.94,4364.7,11,3.68,51.7
24.02,43.49,3885.5,11,4.41,27.6
59.23,68.14,3534.4,19,7.07,34.9
17.87,44.11,783.4,16,7.9,27.0
43.96,42.6,3322.9,6,6.23,22.1
47.22,73.42,3854.9,19,6.48,35.7
13.58,20.74,2904.9,4,2.79,17.5
34.66,35.47,4474.5,11,4.02,31.3
96.01,25.18,1457.2,16,7.54,47.8
95.83,37.32,1286.5,1,6.7,38.9
41.71,25.73,4360.9,3,5.85,7.0
13.88,57.15,3164.5,1,0.65,26.4
26.12,76.84,107.1,13,0.43,68.0
45.3,75.8,1830.3,13,1.2,67.0
95.3,37.81,4303.5,12,4.98,44.7
22.71,93.99,233.9,16,4.61,51.9
78.72,58.45,115.9,16,8.02,55.1
19.78,40.95,1478.2,21,5.94,35.3
98.31,80.2,4578.6,17,2.57,68.0
44.35,70.69,4517.2,2,1.46,31.7
79.77,72.43,2641.9,20,7.24,46.9
40.83,22.65,2810.9,15,3.96,35.3
66.49,47.15,1726.8,18,5.59,49.7
27.28,82.56,1294.3,5,4.85,39.9
23.14,50.36,4094.6,22,1.0,37.6
94.43,66.51,620.8,5,0.58,81.0
92.59,57.91,2488.0,17,3.27,64.5
89.87,80.81,3208.5,8,3.14,69.4
66.29,30.61,608.0,17,5.76,42.9
82.74,56.79,2646.1,5,5.41,49.7
16.21,16.09,2929.9,8,8.24,7.1
40.13,67.12,3738.2,24,7.31,34.3
38.23,70.88,1250.7,17,4.27,53.0
67.21,8.86,1537.3,24,4.3,40.3
42.04,65.82,2890.7,15,5.76,40.2
23.37,42.32,4917.3,23,1.06,40.4
63.68,16.17,1165.7,22,8.5,30.1
83.29,42.79,4930.9,12,4.46,49.5
44.39,22.48,3600.3,10,7.74,20.8
21.9,42.4,4147.8,7,8.23,14.4
27.7,39.59,539.2,23,4.99,40.5
31.37,71.46,1572.1,16,0.97,58.8
36.99,74.68,382.9,8,4.92,58.4
67.85,59.63,1920.6,5,5.12,47.7
64.09,7.04,4908.3,0,6.73,5.0
72.65,88.79,615.8,0,0.51,64.7
42.63,66.76,2855.6,12,4.02,44.4
84.16,8.08,129.7,6,7.85,38.8
28.37,78.69,3592.1,9,8.43,29.3
52.21,23.02,1066.2,17,1.71,53.3
82.08,57.13,735.0,5,7.41,44.0
26.21,47.0,1751.4,12,1.33,46.4
19.89,42.79,3878.1,4,7.17,7.3
89.53,85.07,622.4,20,2.43,79.2
40.86,44.36,1226.2,14,8.16,27.6
71.55,11.78,141.5,11,5.94,43.0
12.28,90.2,4845.2,21,3.45,38.9
72.1,87.85,3001.5,10,2.46,66.2
38.45,66.6,3627.5,7,2.08,46.0
15.02,47.11,3291.8,4,5.82,10.6
64.88,13.36,807.4,7,7.62,31.9
31.67,76.17,3015.2,4,6.44,23.7
44.81,11.79,743.9,9,7.11,29.9
17.25,11.17,2066.1,14,6.66,12.3
23.24,53.36,2887.9,5,8.32,16.6
36.82,19.41,2838.5,23,6.47,23.7
18.08,5.7,683.5,17,1.87,39.1
91.97,43.08,268.7,22,6.75,61.0
10.54,17.35,4011.3,2,2.81,9.7
53.55,19.45,3657.0,8,8.46,17.6
21.09,11.92,500.9,9,3.26,38.7
37.69,23.46,724.3,6,2.56,44.0
93.35,69.39,4473.7,18,2.11,65.7
24.55,77.8,3868.7,23,5.63,36.0
96.92,45.73,4981.2,1,1.02,46.8
28.52,50.59,1344.5,7,8.11,28.5
76.74,7.94,2490.2,6,2.57,49.0
59.2,11.24,1258.7,4,2.58,39.5
89.6,28.18,3151.7,3,0.49,51.8
59.86,53.95,665.5,10,2.17,66.7
58.11,71.56,723.5,9,3.62,62.1
27.59,59.45,452.3,0,3.2,32.9
24.96,40.29,3498.6,3,2.39,22.3
92.48,15.65,2521.0,21,0.44,57.8
39.51,75.27,3126.9,5,2.62,45.2
43.49,37.74,4408.6,17,6.64,19.1
78.38,71.24,3727.6,24,3.79,55.0
40.49,51.17,2362.4,12,2.54,51.1
95.69,71.48,4923.3,12,2.66,64.9
76.41,86.66,2335.7,0,4.76,45.9
63.77,87.89,651.0,3,2.64,53.9
89.28,53.16,4964.0,3,5.4,34.2
14.46,51.04,211.8,17,8.41,26.8
33.14,28.91,2794.4,23,0.45,49.1
51.85,89.22,1614.6,17,1.52,73.1
30.43,46.21,2567.4,17,1.6,42.4
76.95,16.48,2837.7,14,3.86,46.3
92.73,43.94,1276.5,17,0.45,79.3
48.14,16.43,2828.6,14,4.11,34.2
40.79,50.23,3804.7,16,7.9,29.2
96.54,55.51,1405.9,4,0.2,70.1
50.04,35.4,1978.8,10,3.17,46.5
54.01,11.45,1414.4,15,6.49,30.2
41.65,89.92,4120.7,19,1.4,56.1
91.86,74.6,3652.4,1,0.75,47.0
61.21,80.5,4368.9,16,5.4,44.4
78.6,38.02,933.2,0,0.18,56.4
83.06,73.47,460.5,17,6.83,57.5
40.77,48.68,685.0,16,0.66,56.5
49.03,23.1,889.0,24,4.5,47.0
86.36,16.2,2712.1,17,6.32,45.1
42.69,36.05,4857.5,18,2.13,33.0
81.45,17.38,1850.5,24,0.97,67.3
94.69,94.84,4796.7,4,1.58,63.4
66.09,9.43,287.2,12,7.28,42.0
76.75,44.7,4641.7,23,6.03,36.0
82.46,45.69,987.6,22,1.76,74.6
86.05,32.06,4571.1,5,6.12,30.1
45.55,56.42,375.5,12,6.05,46.4
14.61,18.5,4746.3,17,8.48,5.0
46.17,75.55,1083.9,3,3.39,45.2
70.64,34.92,1583.3,8,7.36,36.8
50.53,58.22,2505.6,22,3.85,49.1
77.41,69.41,1965.5,2,7.64,33.9
42.13,85.01,3370.9,21,0.87,57.2
67.13,80.22,4876.6,23,1.57,62.3
26.78,59.75,3071.5,23,7.24,33.9
77.44,39.96,3635.3,7,6.98,32.9
59.11,50.29,531.2,12,2.67,62.4
28.37,74.19,3176.3,23,5.11,36.7
36.27,83.98,2323.9,21,3.31,59.7
77.37,14.34,4440.3,10,0.19,53.7
53.43,39.64,2002.2,9,0.32,62.3
29.44,74.85,3429.3,10,0.56,56.9
97.05,43.85,1218.0,2,5.09,47.6
74.36,34.9,1370.9,24,2.45,60.1
96.14,42.02,1943.0,13,1.31,76.4
48.44,59.26,1589.9,13,8.01,39.7
52.76,94.98,1344.0,18,1.12,70.4
90.82,49.37,343.4,3,5.76,47.9
57.25,23.76,4200.1,0,7.61,5.0
73.66,19.66,415.1,1,1.48,49.8
32.7,8.81,4448.1,5,1.9,26.1
50.21,55.29,714.8,12,4.92,57.8
21.11,54.01,419.8,13,4.37,41.8
28.54,23.47,2858.7,0,4.48,9.2
10.08,67.58,2562.0,24,4.76,32.3
13.53,71.7,2507.0,7,8.08,21.3
97.96,28.32,2915.1,17,0.55,70.6
31.81,35.97,1506.6,13,6.49,31.3
69.7,94.14,3348.5,1,2.05,53.8
85.52,38.68,2561.8,23,3.24,56.5
59.56,73.47,1740.2,11,0.85,71.5
23.78,45.75,4149.9,23,3.84,28.4
75.53,76.4,3665.8,0,6.86,21.4
64.02,74.21,2028.7,20,0.93,66.5
75.81,65.1,4253.3,14,2.42,57.7
79.28,81.93,4609.3,10,3.23,64.2
97.79,89.53,2730.6,17,0.97,80.9
61.62,57.2,1153.3,16,6.5,48.0
40.75,26.37,4587.4,2,6.71,5.5
68.36,40.88,1028.5,14,7.12,43.3
16.16,73.25,337.3,12,5.0,43.7
90.77,63.58,1704.7,2,4.36,50.8
20.74,21.0,3662.1,12,2.31,28.5
39.51,9.61,4624.0,8,5.6,12.8
83.42,66.47,3222.7,9,3.83,57.6
63.76,27.6,4764.0,0,8.25,5.0
45.43,49.97,552.6,1,8.23,21.8
52.61,72.21,397.7,24,7.7,51.9
86.91,55.64,3060.5,13,3.12,64.9
40.6,12.5,4834.0,4,3.19,14.1
88.27,21.7,2563.3,24,7.26,38.4
17.93,24.74,352.4,21,6.22,27.2
79.91,28.21,1184.0,9,6.02,48.8
86.28,55.89,1299.5,18,2.45,68.5
26.36,50.36,1755.5,7,7.1,26.9
48.73,23.28,313.7,12,4.97,41.6
24.89,11.08,4534.0,8,3.85,22.2
73.59,20.43,2626.3,17,7.37,31.7
58.18,93.59,3387.6,24,3.41,55.3
67.18,47.17,429.1,3,5.59,43.1
27.68,83.06,365.2,7,4.01,54.6
29.06,81.39,2973.7,4,5.08,30.2
13.73,51.04,4447.8,5,0.44,33.3
38.99,68.6,2689.6,19,3.97,48.5
60.38,22.35,4401.3,4,4.77,28.1
87.21,66.96,4073.9,0,4.24,38.3
70.02,29.51,471.7,18,7.22,49.9
49.19,79.89,1089.6,3,2.71,51.0
95.78,12.54,3322.8,0,7.53,21.2
74.73,74.58,2273.2,18,3.49,67.8
93.71,13.99,1524.4,3,5.93,36.5
57.48,84.31,2151.3,13,0.83,67.6
33.3,32.38,2281.5,13,1.78,42.9
14.75,63.9,4561.7,8,6.49,21.4
75.35,48.88,606.9,18,0.2,72.0
20.92,37.97,1470.7,10,8.24,20.7
37.25,63.09,2734.1,15,1.7,55.5
57.92,90.28,3521.6,18,7.67,43.9
60.8,8.71,3190.1,3,4.43,15.6
64.05,87.7,4714.0,8,4.84,44.5
24.96,59.82,3998.5,24,0.81,51.4
44.18,77.66,2829.7,16,3.17,56.0
65.55,39.55,1151.9,14,1.41,61.5
97.28,47.47,2309.3,7,4.52,53.9
75.49,83.2,3497.6,12,4.73,52.9
93.03,42.34,4206.0,0,6.06,26.6
78.6,53.12,4802.7,1,7.48,23.8
63.25,6.82,3066.7,9,4.03,43.2
27.28,19.27,2681.9,20,2.06,31.7
70.0,62.75,186.7,12,2.9,68.4
66.1,69.53,453.3,10,7.22,50.9
64.22,57.43,864.9,13,1.33,69.1
54.08,17.9,368.3,15,5.37,39.1
57.58,45.09,2064.2,5,0.21,53.3
40.1,36.96,1750.7,1,2.16,28.6
56.74,49.61,3223.0,4,5.07,33.2
27.78,83.33,2724.8,18,3.93,44.3
82.47,74.83,3020.3,6,4.25,54.5
26.72,12.56,2412.7,16,5.65,24.6
17.65,85.13,1460.9,4,2.07,49.3
49.26,47.46,4768.8,11,2.46,47.8
69.25,71.95,523.4,18,5.85,61.0
49.39,17.6,4700.6,17,4.62,26.4
34.91,65.36,1625.1,11,0.22,65.2
60.24,26.27,2612.0,2,5.73,25.6
41.23,44.45,633.3,3,5.31,34.6
93.96,6.52,447.6,14,0.76,65.3
93.04,18.64,2204.8,14,6.38,49.7
55.21,13.29,3734.3,10,4.49,33.1
39.51,26.58,1419.9,1,1.82,28.2
76.34,14.0,2855.5,17,4.8,40.0
13.3,67.27,1465.4,2,5.1,24.5
52.73,7.61,2004.2,17,7.83,17.4
40.27,60.6,4541.6,13,6.33,28.5
92.85,17.66,4293.6,5,2.64,41.0
11.08,90.06,2628.5,1,1.09,32.3
59.75,88.98,1266.7,0,7.27,31.3
76.66,25.3,1046.6,7,7.21,36.8
53.65,60.3,4775.0,9,1.57,52.4
17.69,7.52,1093.3,19,0.62,35.1
97.52,88.86,4060.0,17,6.08,59.3
56.62,52.07,1908.0,19,6.17,41.1
65.28,8.89,4929.7,10,1.59,45.7
31.29,35.82,1904.0,17,5.71,32.4
53.51,11.92,1822.4,15,2.44,39.5
48.62,40.36,3223.6,4,2.29,37.8
16.74,65.29,4811.4,6,2.83,24.8
19.55,47.29,4883.4,21,4.47,26.4
85.37,39.53,3565.3,1,6.86,25.9
31.58,15.72,3797.6,10,4.29,29.2
27.55,27.04,2860.7,12,2.6,36.4
55.44,14.01,3803.3,19,7.53,23.8
79.19,77.67,4312.9,23,0.56,68.0
15.58,17.17,2481.9,15,6.8,14.3
61.91,58.58,3137.3,13,6.69,43.6
20.73,35.85,2732.9,6,2.23,28.8
13.28,25.34,2856.1,6,1.77,28.3
14.75,62.55,4461.2,11,7.45,15.2
85.07,46.13,1842.5,11,4.79,59.7
20.62,41.01,1120.1,19,0.49,48.4
14.06,58.36,2335.8,0,7.58,5.0
49.41,49.21,1119.6,22,3.03,54.6
85.96,32.31,2542.2,5,2.97,54.5
33.62,55.32,4527.2,7,5.5,24.1
47.95,65.25,3125.4,12,5.66,39.6
13.59,7.4,4291.6,4,3.07,5.0
50.42,46.93,914.3,23,1.3,58.2
61.99,10.19,4514.3,9,4.74,30.8
61.38,21.78,3048.8,13,5.35,36.1
39.92,55.45,255.6,23,7.33,41.3
38.4,82.96,3202.3,8,4.17,52.0
19.6,84.45,4761.8,16,5.52,24.6
43.01,11.29,487.9,2,0.56,45.9
18.95,42.72,2954.0,11,7.61,22.4
78.99,57.47,4585.8,11,2.85,52.7
96.96,18.24,147.5,10,5.41,60.1
97.31,73.89,3191.5,21,7.79,50.4
87.86,71.98,2427.0,3,6.91,43.3
64.07,86.3,1800.2,7,5.46,61.7
73.08,5.76,3174.9,9,6.01,31.3
35.67,24.5,358.2,13,7.84,29.1
66.77,79.45,3790.0,0,6.92,21.6
51.01,65.35,121.9,11,5.22,53.6
53.38,85.5,1604.0,4,5.63,42.7
78.2,10.15,2569.4,13,1.34,51.7
35.37,58.73,1947.4,3,4.05,31.8
38.62,56.21,1606.6,16,2.63,52.1
93.22,8.21,4171.1,21,3.73,43.7
15.06,51.22,4680.7,12,5.66,12.6
53.71,59.86,4381.2,2,1.35,36.0
92.15,22.22,2659.9,10,0.25,66.2
64.93,29.6,4432.4,10,3.43,46.1
59.18,62.63,4612.2,4,2.81,38.2
32.48,47.15,2105.3,5,3.63,37.3
40.89,82.22,1488.9,3,7.92,27.4
86.68,35.81,581.5,9,6.04,59.7
60.33,29.0,2447.6,9,2.85,45.8
56.33,93.64,4736.9,11,1.61,60.1
18.96,87.0,2848.4,21,5.3,41.0
11.44,7.61,3371.1,22,5.62,14.8
96.73,74.37,653.1,17,4.16,81.8
43.93,14.93,803.2,14,1.89,47.5
64.29,7.47,2375.9,22,0.34,57.9
17.17,29.63,4761.2,22,2.33,29.7
71.48,29.24,1867.8,17,3.94,51.2
93.93,78.74,4399.7,2,6.72,42.0
61.81,68.96,689.4,2,7.27,35.2
21.35,93.34,3123.4,0,3.57,25.9
62.35,69.04,3043.0,16,6.79,43.1
78.97,42.64,4313.4,9,8.44,27.7
46.58,67.9,116.3,5,6.12,46.2
89.19,94.95,1030.7,24,6.22,70.9
68.38,68.91,1176.5,24,7.74,49.1
90.93,73.55,4754.8,10,2.94,66.2
66.12,89.45,853.1,13,0.19,80.1
21.82,15.23,281.1,16,8.39,15.8
37.87,68.43,2718.9,6,4.22,45.4
28.16,81.57,2689.9,21,6.7,39.1
91.79,90.89,4235.8,3,6.92,43.0
78.44,23.99,4749.4,10,3.44,41.4
70.88,50.35,2738.9,18,4.65,51.2
37.09,66.25,4657.0,8,4.64,30.9
26.56,27.27,3653.3,20,1.95,34.0
78.08,59.04,1396.3,7,1.09,67.5
52.67,28.18,4649.3,19,4.67,31.3
30.32,35.01,3370.5,3,1.11,32.3
65.5,44.74,2129.1,15,3.01,51.9
13.63,52.63,3433.2,5,1.66,33.0
39.36,45.44,2066.4,5,6.04,28.8
52.17,49.39,659.5,18,7.42,44.0
23.32,31.87,3623.0,1,4.95,6.1
98.62,19.31,4138.0,10,3.55,52.5
28.82,9.26,3671.2,24,8.47,6.0
21.73,22.64,1222.7,17,0.28,42.4
28.32,57.37,4787.5,8,2.66,31.4
79.22,75.75,223.7,15,2.44,75.7
48.3,20.23,1730.2,10,3.09,39.4
60.89,14.77,1374.5,13,2.04,57.0
11.89,72.44,335.8,7,2.32,50.1
13.1,32.46,2088.1,12,2.26,39.2
50.12,90.63,3153.3,9,4.35,54.7
83.5,69.29,4424.5,22,3.38,57.0
89.67,34.41,4949.5,11,5.47,51.7
17.8,31.06,4059.6,20,4.42,31.1
58.45,52.13,2396.5,2,1.64,47.3
92.19,12.12,3646.2,1,6.9,16.3
44.92,15.59,4233.8,10,4.07,32.8
84.66,20.83,2380.0,23,1.39,55.2
22.03,74.73,3946.8,17,1.5,49.5
94.19,51.25,2465.0,23,6.79,44.5
77.63,5.95,1993.8,20,6.01,38.7
94.72,65.62,2677.8,24,4.35,67.2
70.9,43.13,3411.7,3,2.67,41.3
42.71,50.98,3661.7,7,3.97,32.2
94.44,24.27,1848.0,10,5.45,53.2
34.8,54.66,2899.5,14,7.49,29.2
39.9,93.12,4558.4,22,4.77,42.9
73.07,11.61,4883.9,23,2.42,39.2
78.88,30.55,1213.5,20,0.46,71.4
93.65,26.87,1044.9,1,1.57,55.7
28.43,27.37,3415.8,22,5.56,23.2
81.82,39.08,2132.0,18,1.45,69.4
76.47,78.63,218.7,14,4.14,70.6
15.74,87.16,1799.6,12,5.97,37.7
44.85,23.2,4053.0,1,2.69,22.4
35.45,53.87,4007.4,2,5.72,18.8
37.4,62.32,2524.0,13,4.98,39.3
98.47,51.96,2415.6,19,3.79,62.2
67.85,44.07,2939.6,12,7.64,41.6
74.59,22.28,1175.0,22,5.91,46.0
97.9,48.94,2677.6,15,3.13,64.8
43.95,41.11,154.1,11,6.86,40.3
82.17,76.6,2430.2,0,6.3,40.1
49.11,73.72,1746.7,5,6.75,43.9
88.26,17.06,3406.9,12,5.48,42.5
26.26,12.97,3227.9,21,3.29,35.3
95.29,86.73,1966.1,23,3.03,74.9
29.69,53.2,135.6,1,5.59,25.2
39.36,82.2,1336.1,17,1.2,66.8
78.06,10.23,3203.4,16,6.99,30.2
45.44,52.39,454.6,18,3.21,57.9
64.74,53.55,627.4,22,5.4,53.1
50.01,82.46,3270.5,14,4.29,45.4
76.81,13.78,3803.3,7,4.46,31.8
30.55,26.64,1675.6,22,6.3,27.6
15.26,41.59,2499.4,8,5.36,28.2
36.99,82.93,4734.0,7,2.2,40.5
52.69,89.5,4733.2,7,0.72,57.4
25.12,94.35,1606.8,10,7.16,41.4
41.93,91.33,4068.9,17,7.53,34.4
46.0,5.53,3010.3,16,1.48,37.5
15.17,9.29,4879.9,21,2.7,19.4
62.5,18.28,2440.3,22,2.47,47.6
89.59,36.4,3896.1,5,7.97,32.4
23.66,79.69,3863.9,22,1.82,42.5
63.8,85.34,2537.4,23,1.5,68.6
69.83,21.82,3998.6,1,1.63,26.9
47.74,60.77,1379.1,0,6.23,23.9
73.1,87.56,699.0,9,7.56,54.9
46.97,46.74,2183.3,7,3.4,42.2
55.42,14.32,4723.8,15,1.24,39.7
10.66,46.2,2553.6,23,5.02,25.8
72.25,38.82,3212.8,13,1.86,60.0
69.52,56.99,3158.4,23,0.64,67.2
13.46,44.48,749.6,15,7.54,28.8
43.14,6.56,2012.5,13,7.42,25.1
98.11,94.46,3564.0,6,8.3,50.0
47.87,53.92,4862.8,17,4.08,40.4
55.18,47.63,923.3,19,2.57,57.6
91.89,90.92,2111.2,8,6.57,69.8
74.55,19.03,566.0,23,1.62,60.1
62.39,22.03,1287.6,3,2.14,38.8
81.8,77.72,1946.1,23,2.25,68.2
87.79,28.47,2749.2,15,8.09,34.9
51.12,76.93,1229.8,21,6.23,45.5
52.76,29.44,1215.1,10,1.22,57.3
44.74,7.99,3911.4,8,0.88,41.5
97.0,51.53,4816.9,16,7.18,42.5
72.74,22.7,1685.7,21,6.84,36.3
17.49,73.21,3471.2,10,5.74,29.1
87.67,62.71,1364.6,19,1.75,77.3
53.25,88.12,4647.0,2,4.13,31.6
16.19,75.47,3397.2,20,5.16,30.5
59.47,21.27,4033.1,10,7.93,17.7
47.54,77.01,341.8,7,1.52,65.4
89.0,62.76,3032.7,9,4.43,57.1
28.36,65.21,2685.3,5,1.43,42.7
84.38,79.9,1535.7,16,3.83,71.4
60.19,56.64,1385.9,5,1.78,55.1
14.91,46.94,2942.1,6,7.12,15.8
97.47,62.3,3561.8,12,2.24,69.0
56.14,31.82,262.5,5,3.6,42.7
36.18,21.43,2880.3,2,3.53,24.8
52.25,60.49,935.3,24,7.38,41.6
87.21,26.05,787.8,12,6.47,52.8
37.44,12.19,3153.3,9,0.58,38.1
27.34,5.05,1623.3,3,0.66,29.8
21.62,59.75,2260.3,4,4.73,27.3
36.81,37.59,1864.0,20,3.69,46.9
80.2,72.71,3276.8,18,2.41,64.0
52.45,38.77,2403.6,17,6.76,38.7
30.47,48.74,4820.9,23,1.18,40.3
24.96,41.64,1826.7,6,8.28,23.4
39.95,63.55,3727.4,20,0.3,48.6
94.59,37.05,1360.7,0,1.09,54.5
40.87,91.74,2592.9,16,2.72,49.3
98.93,89.25,2807.6,23,4.38,70.2
53.67,81.32,1712.6,19,1.92,68.6
26.12,87.83,2411.7,19,6.28,43.8
90.2,45.42,1468.5,24,3.1,68.4
51.43,53.28,129.4,17,0.42,68.4
73.87,71.79,1156.7,4,7.47,44.7
98.53,67.65,3530.3,21,8.03,56.7
14.52,85.16,3877.7,5,5.3,25.1
18.7,69.47,1473.0,9,6.87,36.8
74.84,94.81,2099.4,18,1.12,76.3
35.36,36.37,283.1,9,2.36,55.3
26.59,79.97,1261.6,5,2.83,49.6
13.54,67.79,3918.2,9,8.17,15.6
11.97,67.22,3069.3,9,4.4,35.6
79.7,34.33,1108.3,20,0.16,74.0
22.1,75.7,1361.5,11,3.29,51.9
52.09,86.03,4102.3,23,0.17,62.6
64.53,24.67,1124.5,3,2.1,48.1
48.55,61.29,1737.4,12,3.92,48.8
12.44,40.29,3355.4,9,2.82,31.2
80.52,94.06,2849.5,15,0.37,79.3
10.95,48.09,2358.3,18,1.08,46.2
78.57,25.55,4508.7,5,4.73,28.9
90.4,39.37,1176.6,8,5.94,56.7
48.96,63.85,3733.0,13,3.5,44.4
58.2,11.85,879.4,23,6.24,38.3
52.93,59.32,3117.1,9,1.47,56.9
45.03,88.81,4366.1,7,1.13,50.2
89.87,81.53,2343.7,2,7.15,46.2
90.45,11.09,3649.0,16,2.95,50.8
40.22,94.41,4119.9,18,3.73,45.6
65.36,67.89,766.5,2,8.06,32.5
93.42,19.61,3558.6,13,3.66,55.0
96.59,6.12,4607.2,5,0.13,50.2
55.81,20.42,2924.2,18,7.98,22.1
50.75,80.44,1012.0,17,0.22,70.7
35.08,6.95,722.0,11,5.66,33.2
96.3,25.98,1372.7,14,2.81,67.1
22.85,73.16,607.2,24,4.05,50.8
62.18,57.75,2615.6,5,4.7,40.9
35.43,75.45,441.6,20,3.53,59.6
35.11,72.15,1194.7,11,6.6,41.5
46.45,9.55,2255.6,18,7.92,19.3
99.89,85.33,2422.2,6,0.83,83.5
14.95,25.43,2870.5,22,6.82,17.7
62.07,54.81,3557.5,19,1.18,54.7
17.43,62.99,331.4,9,0.77,58.2
23.91,20.18,495.0,17,8.13,23.1
49.56,92.86,398.2,1,4.21,45.7
55.94,48.93,2173.4,12,1.38,59.0
33.29,10.19,305.1,14,4.89,33.1
38.48,89.35,3755.8,23,2.31,55.3
17.83,57.76,1192.7,3,4.0,29.4
37.29,67.93,4702.1,6,5.35,22.7
96.99,52.27,2483.4,2,7.4,35.5
95.02,80.13,2287.0,24,0.13,81.9
40.14,7.98,3924.6,15,1.9,24.7
61.38,29.15,3594.5,8,0.91,50.7
91.86,47.27,3075.8,22,0.92,71.6
10.56,11.89,4682.2,22,8.04,5.0
82.96,68.53,2169.1,16,7.96,51.7
95.35,40.43,4061.8,7,6.39,42.4
18.22,29.54,1962.5,17,5.5,25.3
24.53,5.3,4207.9,23,7.22,5.6
96.47,69.78,1371.4,12,0.59,79.8
58.38,80.04,1517.4,1,1.1,55.8
11.28,40.55,3421.6,0,2.76,12.9
33.19,55.78,1142.3,15,7.09,35.3
50.49,25.49,1222.9,15,4.07,38.8
72.36,61.0,1595.8,10,4.33,60.5
75.98,6.09,3426.8,23,2.03,44.6
99.59,48.98,4458.0,3,5.55,37.8
35.88,62.98,3405.4,10,7.56,23.6
58.44,87.64,4156.3,5,2.87,48.5
58.0,39.32,2763.4,10,5.3,40.1
46.51,73.87,437.7,0,2.89,35.7
25.22,58.79,592.3,8,6.76,42.4
97.97,88.43,2816.5,6,4.09,64.8
86.8,40.85,1706.2,20,2.95,62.7
54.85,33.72,1180.8,21,3.63,51.8
64.29,84.84,2384.7,2,0.87,56.0
30.45,9.43,3365.8,8,7.38,14.8
58.94,17.27,1986.5,1,8.15,7.6
72.55,12.42,4032.5,9,4.11,37.6
56.37,80.88,3718.8,16,1.96,52.5
99.13,5.95,3701.1,0,5.68,20.8
65.02,82.55,4927.4,17,3.9,54.4
43.39,45.61,1546.6,5,2.22,40.6
79.49,5.36,3259.2,5,0.42,46.1
25.34,41.15,4291.8,8,7.57,9.1
44.61,21.81,2939.7,9,6.79,25.6
41.23,61.2,3968.6,14,7.06,30.5
48.86,66.14,2130.8,3,3.79,40.5
80.36,48.88,2993.4,7,6.43,41.6
53.58,8.65,372.8,3,4.98,23.1
81.46,64.05,4930.3,2,3.25,34.7
61.88,80.78,4020.1,3,7.18,31.9
40.79,69.83,4357.2,0,8.49,7.2
82.9,79.7,3502.0,8,7.65,47.9
31.45,23.05,1011.6,10,6.62,30.0
30.19,85.0,252.0,20,6.38,45.4
55.41,34.0,4336.8,22,5.56,34.9
33.48,6.21,2042.0,18,7.27,17.5
10.82,80.91,1392.9,20,4.24,44.9
68.35,89.76,2852.2,19,1.63,65.3
56.0,64.0,2162.4,6,6.55,38.5
50.1,25.83,3293.2,4,7.82,17.2
97.03,27.66,2470.6,1,2.97,40.3
61.41,46.99,3516.4,18,6.68,38.1
87.71,85.8,4281.8,23,2.4,63.4
22.55,18.46,1058.2,2,8.02,5.0
61.23,79.34,1714.2,14,5.84,53.9
88.12,31.22,2240.4,6,4.88,50.5
62.48,77.77,4814.1,4,6.65,27.9
74.62,87.82,1890.1,22,6.93,58.1
43.48,43.47,1967.4,9,7.6,35.1
18.32,37.85,3302.0,8,7.67,13.5
51.21,77.2,2154.1,22,0.54,62.1
45.5,52.65,4761.0,13,1.13,45.0
88.04,66.6,4482.9,21,7.04,48.7
31.96,61.05,2615.7,12,8.05,25.4
97.01,18.76,3259.4,0,2.68,39.3
96.23,81.03,384.3,15,0.17,91.0
32.29,22.62,3509.1,19,2.81,38.4
41.32,88.91,3565.3,7,3.32,55.1
90.6,27.55,1860.1,16,6.49,51.5
97.0,71.05,1176.4,5,0.5,72.8
49.91,30.62,4583.9,1,1.89,15.5
38.89,33.6,2190.9,12,7.61,26.8
57.35,32.9,3303.2,24,1.4,52.9
71.9,72.31,263.3,7,6.48,58.5
34.61,55.11,2128.9,24,3.14,44.2
76.28,84.47,4104.6,8,5.67,47.1
14.65,32.66,1999.1,12,0.72,45.6
14.44,67.28,3055.5,17,2.51,46.5
44.77,72.77,1128.3,17,3.67,54.5
41.81,18.63,2141.0,8,7.3,27.7
38.41,41.05,4645.4,1,4.83,18.5
54.19,48.45,2875.6,3,0.48,44.8
38.87,37.01,4519.5,17,6.84,20.3
27.3,33.99,4519.9,16,0.56,39.7
37.85,66.78,4726.3,11,7.95,22.4
97.74,24.43,4487.4,15,1.88,59.8
47.0,68.85,116.1,12,4.2,57.3
50.02,89.15,4676.7,10,0.71,58.5
61.89,55.87,773.6,13,4.82,51.3
98.5,60.03,295.6,9,4.28,72.6
31.74,11.2,371.4,22,3.55,37.0
71.32,82.8,1809.7,20,0.4,78.1
74.44,30.69,3141.9,18,7.48,30.0
64.66,60.35,2071.3,23,6.84,48.4
17.97,93.12,225.2,20,5.42,47.1
70.92,58.6,2434.8,16,4.91,57.9
15.77,70.22,2266.4,8,5.94,37.3
63.65,45.08,3808.6,13,1.31,55.3
76.56,10.43,1470.1,4,7.93,21.1
28.99,76.78,1165.9,2,2.49,39.1
85.75,8.15,1354.1,21,5.61,44.3
12.73,68.06,1588.3,7,5.2,32.1
85.94,7.06,3035.9,17,5.45,45.4
51.43,82.61,2410.5,2,7.48,27.4
29.58,19.19,1750.8,22,2.59,37.1
22.04,51.28,1934.1,1,6.39,10.7
95.8,58.74,1917.5,10,5.13,61.0
16.54,46.18,4864.8,4,0.74,26.9
27.92,35.67,1241.7,24,3.58,36.3
41.3,47.1,4108.5,6,7.14,20.1
65.82,33.03,3570.2,13,2.75,48.7
59.03,44.43,127.3,18,4.15,51.5
21.31,37.3,4966.6,1,4.2,5.0
36.08,55.96,3806.6,8,5.29,32.7
31.49,26.41,3444.0,24,7.53,21.8
29.22,93.98,2086.1,24,1.56,63.5
47.0,50.08,2820.5,9,4.34,40.7
73.36,22.47,1341.0,18,3.66,57.3
29.57,47.94,273.9,16,2.59,51.2
43.0,82.98,4196.5,24,7.82,30.6
45.18,6.96,4492.8,6,0.17,34.3
97.88,66.16,896.1,17,1.13,85.8
95.92,54.32,3956.6,5,6.26,40.1
82.01,20.26,3731.6,8,2.31,49.6
31.75,78.57,974.0,7,6.17,39.0
16.12,38.2,2167.0,21,7.09,22.8
38.52,31.44,2171.5,21,2.24,47.6
34.01,79.53,3823.8,23,1.71,53.5
55.53,62.47,4204.5,8,1.32,49.5
80.0,85.84,564.4,23,1.78,79.8
87.25,61.69,2858.5,0,2.34,50.1
86.04,71.67,3832.6,1,7.4,30.0
42.37,80.28,3952.3,21,6.57,36.2
71.85,9.93,825.2,23,0.12,64.0
38.16,74.84,2675.0,3,7.44,24.4
15.48,60.23,4302.0,19,0.76,41.5
73.14,11.26,1660.7,17,5.6,40.4
10.88,50.77,2183.1,9,1.37,45.6
46.83,12.42,4041.4,0,0.62,17.5
39.64,71.24,537.7,9,6.48,50.8
72.4,54.19,4311.5,8,4.02,44.9
78.96,90.82,1624.7,22,5.13,67.5
37.37,21.48,107.1,24,3.67,44.7
83.05,59.54,1247.4,12,0.66,75.2
36.45,24.04,538.6,14,6.31,38.6
50.17,60.27,552.7,17,6.99,48.2
75.43,70.04,3494.9,12,0.45,68.2
72.36,70.01,1148.5,4,3.26,62.1
98.86,78.36,4680.2,1,4.78,44.2
30.26,81.82,2630.6,6,5.18,35.0
69.61,11.95,2354.5,8,4.96,33.8
64.87,35.89,2228.0,18,5.92,42.4
92.36,66.84,3493.7,13,8.22,50.4
24.07,49.87,2316.1,16,3.38,41.6
77.66,22.16,730.1,19,4.78,57.8
61.14,54.74,4412.8,19,5.97,34.7
34.72,41.67,2199.1,10,5.08,35.7
52.7,40.1,462.6,21,3.35,54.6
40.04,77.88,2693.9,4,5.34,34.7
62.14,41.68,3272.0,11,5.56,41.9
90.01,7.38,1450.4,20,5.01,54.9
61.24,10.23,4021.7,8,1.82,47.1
66.86,82.06,3381.9,16,4.35,60.2
56.69,91.45,3286.7,7,7.53,42.7
14.6,66.96,2162.0,23,7.4,26.3
30.96,37.79,4813.4,7,6.41,16.8
54.28,89.47,1443.5,11,5.96,56.7
37.92,64.65,2930.8,18,1.39,53.3
26.36,80.99,1614.4,9,3.96,46.4
55.37,73.93,3749.5,23,1.03,57.9
39.05,39.12,334.2,1,6.97,22.8
33.23,48.08,324.9,23,2.54,52.7
51.76,21.75,4073.2,7,6.54,21.9
22.0,31.28,2227.9,13,6.94,22.1
93.5,75.03,1771.8,18,7.6,55.1
88.09,85.46,3076.9,3,6.43,44.4
73.69,70.2,3539.3,8,4.84,50.9
19.56,46.87,1085.9,12,5.12,34.2
79.83,12.79,1008.6,8,2.79,54.2
82.72,10.13,4794.9,12,1.59,46.4
79.1,38.69,2989.4,24,1.2,63.1
20.26,46.74,2011.6,15,1.63,48.4
67.95,59.82,4027.1,21,7.95,30.6
85.09,5.58,2673.3,0,1.48,40.1
61.96,94.08,1284.1,7,6.18,56.8
68.18,37.75,1113.0,8,1.65,59.7
51.25,81.33,2044.6,23,8.29,39.9
57.58,53.15,4313.5,12,3.18,39.4
13.09,16.74,401.1,16,3.56,29.8
67.51,76.78,1170.8,21,3.5,71.1
17.33,68.88,4476.4,24,6.96,18.9
49.15,52.47,696.5,8,1.93,62.4
36.34,51.31,3185.2,6,7.08,22.7
59.09,12.87,1146.2,22,5.62,39.7
22.01,64.03,3068.7,19,1.95,45.7
72.25,87.01,1977.2,22,0.65,70.6
81.55,13.39,598.2,9,6.61,50.3
24.7,28.72,2954.1,20,1.94,36.9
19.39,86.21,3446.9,4,7.57,16.5
23.1,30.59,3433.3,16,1.19,39.2
88.94,63.85,3221.5,1,5.28,36.1
57.54,53.13,2551.1,8,5.91,43.1
52.05,58.67,2645.4,1,5.62,24.6
19.6,42.42,3214.6,9,2.75,37.1
68.46,32.0,3482.3,11,7.45,31.3
88.12,9.37,3308.9,1,6.57,16.4
84.54,71.99,2976.0,14,4.39,61.4
66.34,72.15,863.6,24,5.17,58.9
16.78,65.37,1132.0,2,4.86,20.2
20.12,62.93,1375.1,1,8.05,12.2
14.44,26.93,4606.3,6,7.63,5.0
33.17,7.01,3821.0,8,2.08,31.8
22.21,77.78,2809.0,10,2.31,45.3
33.4,49.2,1335.1,21,8.34,25.8
44.66,32.62,643.4,15,2.09,57.4
94.87,14.17,4503.9,6,8.11,27.9
64.93,10.64,4474.1,12,5.56,28.0
85.15,36.4,642.4,2,0.52,60.8
73.93,77.43,4006.4,10,2.92,61.4
20.13,87.69,2288.6,2,4.1,30.4
76.23,85.71,1687.4,14,7.1,52.9
34.76,87.8,3721.6,7,2.86,47.6
67.52,86.7,3110.2,6,2.71,61.4
40.69,52.45,3922.1,4,7.83,16.0
99.79,24.75,464.2,5,0.76,69.3
33.72,76.82,1661.1,24,4.73,49.5
35.12,24.23,1664.7,18,4.34,35.8
93.76,29.05,1715.8,2,0.58,59.3
12.22,25.99,2562.2,10,0.84,41.6
72.7,51.35,1486.8,5,3.31,49.4
75.28,33.96,2277.5,23,1.23,64.8
85.27,18.87,1902.1,20,4.12,59.3
97.7,45.79,3703.0,13,5.21,54.2
97.8,83.65,3057.2,16,5.91,65.2
15.87,56.35,3302.8,2,4.69,13.1
83.97,84.05,1131.9,23,3.29,72.8
68.17,22.63,1695.0,3,1.19,45.4
68.26,20.03,203.7,8,2.18,59.2
21.55,56.8,631.0,12,3.62,42.6
68.52,46.7,1398.8,5,7.86,34.5
98.42,64.42,420.8,9,1.8,85.1
92.06,76.52,3052.9,19,3.57,62.7
49.52,72.62,4990.8,19,6.25,34.2
13.6,89.8,594.0,20,6.02,44.2
42.61,40.84,4124.0,12,8.21,19.0
84.38,23.57,682.2,22,1.7,68.2
73.13,54.58,3382.6,13,0.24,66.1
51.34,14.97,3251.5,11,2.81,37.8
14.96,31.0,4523.3,22,1.36,33.3
48.42,23.71,658.3,12,4.71,45.4
52.21,40.69,1645.7,9,7.65,39.8
93.57,15.01,544.8,6,5.88,48.5
67.7,7.87,2096.2,4,1.24,42.0
38.05,64.11,4566.8,11,1.08,46.7
57.28,59.92,3929.5,24,7.76,35.7
15.94,68.75,3642.2,1,4.2,15.6
97.53,64.43,2711.8,7,7.86,49.1
42.41,15.29,4429.1,7,6.28,22.3
53.01,31.2,2302.3,18,8.44,23.6
41.98,16.66,833.5,4,7.42,20.6
71.43,80.87,4204.2,7,3.58,53.2
69.6,72.22,1470.2,9,6.47,53.1
74.38,23.14,362.8,12,4.06,53.3
34.13,35.72,717.6,8,2.06,48.8
38.41,92.0,3084.4,6,2.12,50.4
21.27,58.47,3074.7,19,3.44,39.2
69.0,77.1,1374.9,19,1.04,76.9
13.58,28.81,3663.2,18,1.59,26.4
63.79,23.9,3890.8,10,4.31,34.1
88.27,75.55,4610.5,7,8.11,42.1
90.17,66.73,2966.2,21,4.95,60.9
50.41,66.29,3919.2,15,3.53,41.8
51.34,54.74,3790.2,9,2.14,51.6
16.93,55.72,1363.3,5,1.75,40.8
70.37,71.21,1620.1,9,5.63,58.5
83.91,29.3,2444.6,9,7.23,39.1
32.02,36.75,193.3,24,3.45,43.4
47.92,83.45,1557.2,18,4.73,53.9
85.5,32.8,2422.0,3,6.04,34.0
88.94,54.17,629.5,18,0.59,79.1
31.89,68.24,718.8,2,3.05,38.5
59.55,94.99,2369.9,16,6.23,58.4
27.32,44.18,3681.7,13,5.85,20.3
19.17,43.53,4185.4,9,0.55,36.4
92.0,80.83,2776.9,5,2.1,65.2
83.85,77.5,2426.3,15,5.81,58.7
78.4,70.8,1983.0,8,2.38,71.0
14.39,46.69,1045.5,20,6.94,30.8
85.94,34.15,818.2,11,0.35,77.4
49.42,59.79,3980.3,11,1.7,51.8
40.82,83.86,2378.5,13,2.46,51.9
59.18,84.54,3972.6,1,7.87,15.9
18.22,14.76,3550.0,9,6.79,15.5
78.1,43.55,1050.1,3,7.53,38.4
62.42,46.82,2600.5,5,3.8,44.3
26.79,92.99,2275.7,22,7.01,36.5
26.94,66.02,2177.0,12,7.27,30.8
26.58,41.65,2758.6,22,3.46,35.4
15.13,7.35,4912.2,13,8.45,5.0
62.9,55.88,4083.2,3,7.25,22.6
85.63,13.65,4528.2,9,8.28,32.7
11.57,80.1,245.2,9,7.38,35.8
14.41,72.73,787.6,4,6.62,30.8
61.55,46.45,515.3,3,8.03,27.8
83.75,43.63,1389.8,11,3.63,57.4
39.41,85.76,2265.3,21,6.68,45.8
41.47,30.96,3246.1,13,1.89,42.0
63.67,27.41,2554.1,6,6.26,35.8
34.68,89.53,4525.6,1,6.7,19.9
12.39,77.83,4705.3,13,6.12,22.7
76.17,78.86,901.3,9,7.24,61.5
66.31,22.57,4279.3,15,3.57,36.6
62.27,17.9,2460.4,2,4.68,22.4
76.75,7.34,2321.3,7,0.19,59.5
70.77,26.33,3946.2,22,1.33,46.3
28.53,74.68,556.4,16,5.51,47.1
41.72,26.6,4424.2,3,4.82,17.9
21.35,70.62,3387.2,20,1.76,49.4
21.69,27.67,4388.8,18,2.15,28.1
70.86,40.58,4972.9,14,2.99,47.6
87.27,93.48,2638.2,19,6.12,58.6
96.65,27.03,557.0,9,5.22,58.1
66.55,38.87,916.0,9,0.68,67.6
26.57,32.1,1685.7,22,6.48,29.0
19.51,14.87,607.4,23,2.31,36.9
83.16,49.09,4095.2,11,5.74,50.5
62.09,39.08,1554.7,8,1.14,55.7
65.65,67.54,4881.8,14,8.48,30.8
80.33,78.58,3542.7,17,0.77,71.5
73.29,53.98,949.8,19,6.33,48.0
85.1,7.9,2432.6,0,4.65,29.7
15.06,60.7,2387.7,2,0.82,30.8
77.28,9.99,2513.3,7,0.33,56.1
86.58,60.47,2724.9,6,3.15,59.5
35.75,66.65,252.7,14,6.84,39.9
67.64,22.8,3462.9,7,0.45,48.2
38.27,78.74,2487.2,14,6.02,46.8
96.22,87.0,3975.7,21,5.61,59.7
13.01,78.18,4095.2,4,2.33,21.5
62.18,32.46,1229.6,11,0.75,61.4
24.99,57.8,337.3,11,7.79,34.5
74.1,87.33,3545.8,8,2.62,65.1
25.83,33.86,4891.0,20,1.04,28.3
31.18,78.8,2288.6,8,5.82,41.0
54.49,5.85,1372.1,14,1.92,45.8
92.34,5.33,867.7,14,4.1,56.5
29.05,73.37,1508.5,19,0.52,62.2
22.98,73.53,1706.8,11,8.44,31.3
78.31,76.01,2177.0,4,3.86,58.4
55.06,88.7,3311.5,0,8.49,25.0
92.06,15.61,1438.5,21,3.34,55.3
23.2,25.88,349.8,18,3.02,41.5
68.13,86.34,1929.1,10,7.78,52.7
30.96,20.95,4292.6,17,2.87,28.5
24.11,66.4,2541.9,5,3.73,26.2
71.51,52.74,4827.4,16,0.76,55.7
63.43,12.49,2567.7,13,8.13,30.3
77.93,30.67,1451.9,11,0.82,62.1
37.85,51.83,1047.2,24,6.58,39.7
50.32,81.71,3503.2,4,4.62,32.1
46.49,68.68,2728.3,6,0.62,58.0
98.57,60.97,3059.6,15,0.11,77.8
36.3,49.64,3800.1,24,7.96,20.4
36.53,31.88,3656.9,8,6.33,22.7
41.91,15.73,312.5,22,5.87,32.3
60.81,41.82,4032.6,14,3.78,45.4
32.71,7.57,2710.2,3,2.1,20.2
92.38,24.0,2019.4,19,5.81,51.4
33.91,43.92,2733.8,22,5.21,30.8
90.62,42.67,3101.0,23,6.2,54.9
19.31,8.99,832.6,6,3.17,34.3
69.09,58.02,2145.3,13,8.39,47.0
91.63,54.47,1744.4,3,0.66,70.5
25.19,12.03,1817.0,3,0.77,27.5
97.15,89.88,547.5,23,7.8,64.3
50.76,13.94,883.2,13,5.54,44.4
95.11,81.94,893.0,24,2.84,79.8
70.91,5.03,1928.8,6,6.5,33.1
37.14,84.41,4483.0,14,3.9,40.6
26.95,6.77,1109.5,11,0.28,43.9
37.34,73.2,2139.3,13,5.57,45.8
18.37,37.55,1626.9,12,2.14,35.9
22.95,71.44,3958.2,18,1.07,48.7
19.42,41.16,345.6,11,1.99,50.3
48.06,11.38,1063.1,15,4.1,39.5
81.6,74.08,1132.1,15,0.52,80.8
22.72,11.41,4965.5,0,7.52,5.0
21.73,87.99,2896.8,14,4.8,41.9
67.91,9.59,780.9,4,2.56,46.1
27.75,48.14,1433.8,5,5.87,25.5
18.78,70.07,922.3,24,6.86,44.5
25.02,40.39,710.6,20,5.26,37.0
93.14,24.55,4006.2,16,1.8,56.0
83.93,73.32,2529.2,10,1.03,79.8
41.87,75.59,3192.9,3,7.32,17.2
69.02,88.04,1723.1,17,2.07,77.8
58.35,38.85,2813.1,19,0.27,58.2
70.94,50.56,1362.1,13,5.5,51.2
71.44,37.68,1609.4,22,1.38,59.8
66.59,28.14,3296.0,8,8.42,23.9
33.95,72.59,836.7,2,7.41,24.7
13.51,35.57,3124.4,2,5.21,8.7
51.0,43.53,4276.0,10,7.1,28.6
90.19,41.33,690.1,19,4.05,65.8
61.25,69.14,4497.6,22,6.72,35.7
84.92,87.6,489.3,21,5.53,74.3
99.25,65.01,1809.7,4,0.34,80.6
24.73,47.44,3091.5,3,8.07,11.9
72.26,75.13,2841.1,11,7.33,46.0
70.69,62.69,572.3,23,8.11,51.2
98.2,10.45,4014.7,11,6.24,40.8
98.7,13.61,4868.5,3,3.56,38.3
71.8,8.41,988.0,2,1.84,40.8
31.93,46.11,4486.1,22,1.61,36.2
81.87,79.33,2828.4,1,1.32,58.5
19.63,33.18,4686.1,3,1.95,18.3
80.26,39.57,962.8,23,4.73,54.3
91.92,86.85,3980.9,3,5.84,47.1
44.46,80.32,392.9,6,2.74,65.0
66.76,64.85,4427.7,1,4.71,25.8
48.71,29.01,3403.4,10,2.97,37.6
49.4,15.53,1914.2,4,5.95,22.8
37.93,6.45,1033.3,12,8.4,23.4
78.59,14.63,4101.0,3,5.89,21.4
94.26,31.33,3055.9,8,0.6,69.9
94.67,54.66,1866.0,6,4.11,60.7
25.73,10.76,2274.8,24,6.57,22.6
88.73,17.26,4150.1,12,4.65,40.3
76.37,21.3,1760.7,9,8.09,33.0
32.76,61.88,539.2,6,0.56,56.8
16.06,60.42,4565.3,17,2.55,29.5
34.12,54.57,1998.0,17,1.95,52.0
92.1,27.55,1807.1,1,6.55,25.4
66.99,38.4,1101.6,20,4.5,51.5
74.89,13.7,4497.4,0,1.26,26.4
33.14,25.38,1165.8,12,2.5,41.4
74.74,85.79,3219.7,22,4.49,58.1
12.53,93.17,4415.7,1,8.47,5.0
43.78,63.29,271.1,3,3.16,50.3
66.41,87.51,4161.1,8,1.42,60.4
23.15,62.85,2111.9,7,4.28,39.0
84.07,7.99,3324.1,17,2.71,50.3
31.15,94.71,1924.8,15,4.85,49.8
68.71,13.91,3508.0,3,4.02,25.4
46.47,66.44,1346.0,3,5.89,31.0
63.64,27.76,207.5,17,7.78,46.8
19.67,40.28,4744.2,1,1.78,14.5
11.52,63.13,180.2,20,7.0,33.7
91.86,44.28,4138.1,10,8.07,44.8
34.27,27.55,928.8,19,3.24,44.5
83.77,35.1,2021.9,23,1.05,73.9
99.94,35.74,4130.2,3,7.0,26.1
29.03,91.34,1109.1,23,5.99,46.9
33.87,76.88,4342.0,13,1.89,43.0
69.66,46.27,2539.0,20,3.84,52.0
96.89,22.98,1894.2,16,4.96,54.4
92.42,77.99,3345.9,24,1.53,71.7
55.26,19.15,1772.8,7,6.11,33.3
81.56,23.94,1801.7,0,5.9,25.5
22.22,37.94,3694.3,18,7.55,15.7
97.97,84.23,1618.2,18,4.87,69.6
96.79,16.86,1083.8,20,4.92,60.9
24.74,16.0,4057.5,6,5.3,9.5
36.95,49.46,4046.3,0,2.4,21.3
19.01,29.88,2538.2,0,6.47,5.0
34.45,56.19,2680.6,9,5.66,33.1
83.44,45.65,3510.8,12,7.15,39.4
44.05,44.15,2595.4,21,6.56,32.7
17.96,15.08,2143.5,4,5.46,12.9
40.8,17.69,4975.0,11,1.45,30.4
98.32,78.9,823.4,2,7.82,47.2
66.67,84.73,3004.4,18,3.18,58.4
47.45,26.12,4440.7,3,8.2,5.0
24.99,15.21,3467.4,14,3.48,29.9
98.76,9.81,4416.5,12,1.33,50.5
83.88,59.75,1748.0,10,7.53,51.2
35.33,69.38,1432.8,1,6.78,27.9
16.31,38.55,4271.2,8,6.7,18.4
15.1,66.17,2031.2,11,0.85,52.0
20.83,69.17,3577.4,3,7.49,11.5
62.27,89.18,824.0,18,5.11,65.1
93.59,10.84,3803.6,9,4.05,47.2
54.71,22.31,2790.0,10,7.77,30.6
85.87,11.17,1416.2,6,5.69,41.8
50.13,83.12,2523.1,12,1.22,67.0
73.77,76.33,3515.0,8,4.46,54.2
75.87,56.72,158.2,11,5.45,66.7
25.66,12.53,3223.6,1,7.65,5.0
42.51,29.6,2753.8,21,2.45,37.8
67.36,31.79,1179.4,20,6.77,43.3
16.36,55.47,3789.6,0,6.82,5.0
42.54,28.22,1587.0,6,1.18,51.4
58.13,11.57,1456.6,0,0.24,33.6
99.66,70.77,2409.0,24,4.98,60.3
52.71,31.92,3413.1,15,6.73,30.7
83.45,45.71,4651.3,3,4.76,34.3
48.89,16.49,792.7,7,6.93,27.1
81.68,77.23,2042.7,16,5.33,60.1
63.59,55.9,428.2,20,5.59,54.1
89.79,86.14,3816.9,18,0.34,79.0
46.98,49.59,2293.9,3,0.84,43.0
64.39,89.73,3564.0,3,6.19,35.2
66.7,85.27,1678.8,7,6.51,53.0
47.56,56.88,4237.2,9,4.65,33.5
22.99,89.05,2720.7,15,5.06,47.4
18.42,34.08,4723.7,18,5.26,20.5
11.5,37.91,486.2,0,0.98,26.0
88.62,9.09,2620.0,4,5.71,29.5
31.28,58.03,3855.6,1,4.12,15.0
29.04,69.97,3040.7,15,5.16,39.2
76.24,74.62,213.7,12,4.83,64.5
38.8,18.48,4864.5,5,6.51,7.7
55.54,44.97,1561.5,3,2.78,37.1
24.63,20.92,1321.5,24,3.24,38.9
96.38,64.59,2479.7,6,3.39,64.8
86.64,19.22,2756.6,1,6.5,23.3
87.74,86.37,3854.8,22,3.72,64.4
46.61,25.76,2027.0,9,1.59,51.5
78.61,31.23,2255.8,13,8.36,37.5
22.95,81.58,2721.3,7,4.24,42.5
10.78,46.26,2032.5,2,1.02,25.1
11.8,7.16,4581.3,2,5.73,5.0
62.79,49.51,4271.1,1,6.31,18.3
50.99,12.61,2329.4,16,4.3,40.2
56.62,93.68,101.0,18,5.53,63.6
10.67,57.93,4514.6,9,1.55,34.4
48.04,28.09,709.2,11,3.19,48.2
74.63,55.73,1298.1,22,1.46,74.2
49.84,11.92,846.6,10,3.35,38.2
75.9,76.99,981.1,8,4.83,66.5
30.97,88.28,4034.1,24,3.82,43.4
83.18,83.7,2939.6,12,5.08,59.9
62.96,35.76,4784.9,5,4.31,28.2
28.97,34.32,1234.1,13,2.77,43.9
31.3,8.16,2479.6,21,1.3,39.9
66.52,63.63,4889.4,10,2.22,49.5
84.69,53.14,4149.6,4,1.79,50.5
47.41,46.34,3670.2,1,6.04,15.9
33.25,86.69,1026.0,6,6.99,36.9
88.03,20.11,3870.1,16,6.15,40.3
70.23,5.87,1803.1,5,5.51,33.1
50.33,11.6,2699.6,13,2.69,37.9
53.91,25.1,3084.9,3,6.07,15.5
28.38,8.0,3085.9,2,5.18,5.0
66.41,50.26,3660.0,10,0.49,59.8
42.29,33.27,3342.3,0,7.72,5.0
99.61,21.24,435.0,13,0.77,79.9
53.22,72.51,2341.0,5,4.32,43.7
53.73,23.4,3353.7,22,4.41,33.1
60.93,66.88,1550.4,16,7.13,48.9
92.51,36.43,1634.0,16,7.77,44.8
82.07,51.06,710.4,22,7.99,48.3
50.6,89.05,2151.2,10,4.89,51.9
74.68,8.36,4935.5,21,5.8,19.2
62.76,50.02,1498.1,6,0.84,62.2
54.31,81.9,2704.0,12,4.2,56.8
27.31,57.92,3741.9,7,7.64,22.6
51.75,29.92,166.1,7,3.93,54.3
32.12,40.79,4512.2,8,0.68,45.5
92.34,66.22,1994.1,24,1.79,73.6
40.19,85.17,4358.7,6,3.71,43.3
95.7,8.7,290.8,24,2.1,66.9
57.97,11.44,813.8,21,3.4,46.7
66.84,34.25,1680.4,8,2.9,52.8
58.86,25.95,1792.8,10,2.78,49.4
21.64,28.84,4254.2,1,0.87,18.2
43.82,24.91,154.9,17,7.51,39.4
18.92,22.62,3241.4,21,5.92,20.8
66.07,16.76,743.4,2,5.34,28.3
50.22,89.06,4133.8,17,5.19,42.0
80.02,17.98,3915.0,15,3.43,46.5
29.84,23.4,2549.6,7,7.02,21.7
24.81,27.16,1142.2,22,7.91,26.9
46.57,88.97,3209.0,7,0.15,61.9
93.39,73.01,865.7,5,0.77,78.7
73.94,76.07,1031.1,24,5.77,63.1
47.7,14.43,3170.8,24,2.08,36.3
56.55,80.27,4957.0,1,7.76,16.2
17.58,41.74,4466.2,15,5.71,21.5
98.61,28.65,3006.2,20,3.19,60.0
69.98,56.82,2738.8,8,3.59,54.9
35.69,79.0,4992.1,18,5.9,39.4
62.72,75.08,2782.2,20,1.28,70.9
19.85,85.1,2158.6,14,7.52,33.3
96.93,88.53,4556.8,23,0.14,76.8
25.73,26.43,1247.5,1,8.32,6.1
68.32,43.15,577.9,14,1.51,66.9
32.09,6.32,3207.0,21,6.33,21.6
74.58,84.14,569.7,10,0.44,79.5
79.91,18.91,1928.4,19,3.72,51.2
70.61,82.53,2175.5,11,5.39,59.8
65.3,34.64,2782.9,14,0.69,61.0
90.32,38.13,4959.1,15,3.82,43.5
17.08,8.52,1182.8,5,2.65,23.8
39.78,34.42,1941.2,2,4.29,19.7
32.35,84.95,748.0,5,4.34,44.3
98.92,7.3,3077.3,22,6.7,36.9
45.05,41.57,3665.6,2,1.14,34.1
75.94,7.83,2462.2,20,0.79,56.6
71.63,38.38,1304.6,12,3.48,56.8
29.09,20.54,3142.4,11,7.56,16.4
31.51,27.7,2741.9,7,7.28,22.6
35.32,83.98,938.8,1,4.8,32.2
47.0,44.24,2087.8,6,7.57,21.9
31.09,29.64,2232.5,16,6.86,27.5
11.77,58.04,4914.8,6,2.43,24.3
89.15,17.79,4261.5,0,1.53,30.2
96.9,28.35,3698.4,3,2.63,46.2
40.74,54.16,4455.0,14,2.01,37.0
40.47,26.38,3703.9,3,5.33,12.2
10.64,66.12,4526.7,11,5.01,17.4
71.22,49.23,367.3,15,5.13,58.6
84.29,74.48,2334.7,20,1.69,77.6
23.19,90.34,3759.8,17,6.75,30.3
24.37,15.42,2958.1,13,3.74,25.1
81.11,35.12,958.3,13,4.07,64.4
65.47,33.76,1768.4,10,8.47,36.5
14.04,18.61,1657.1,15,2.47,41.4
66.03,77.93,1380.6,14,3.41,65.6
37.8,73.39,1781.4,21,5.78,44.9
43.19,48.6,2622.8,5,7.5,27.4
79.28,53.4,4288.9,23,1.16,59.4
82.98,10.36,3736.0,12,6.27,35.5
46.03,55.0,4192.7,16,7.81,18.5
95.24,76.22,4429.7,3,3.65,54.6
46.58,56.64,2139.1,11,2.51,54.3
79.47,28.88,1795.5,17,5.79,47.3
53.55,65.08,382.4,7,2.17,66.1
90.78,37.53,4659.4,11,3.33,47.3
91.7,54.04,422.5,3,7.63,43.0
17.87,48.88,3731.6,7,5.06,25.0
94.28,39.31,1952.7,1,0.9,54.5
84.3,69.7,4749.0,3,2.87,46.7
81.22,84.55,2156.0,11,5.37,62.9
28.08,5.47,4101.4,24,4.14,22.2
82.46,89.03,1485.0,20,5.65,61.5
86.51,51.04,1565.5,21,6.5,57.9
36.02,68.07,3018.0,9,4.14,41.6
95.7,82.01,4990.1,14,8.39,44.8
14.49,47.04,2636.1,8,7.78,17.2
23.49,80.15,4687.9,8,0.6,46.5
58.38,20.99,3952.6,6,2.34,37.4
61.82,19.33,3999.7,1,2.62,26.0
68.06,64.17,2236.2,6,1.65,62.9
11.53,83.31,1994.1,8,2.72,48.7
96.43,85.32,1040.4,17,3.67,76.3
14.01,62.94,4823.3,22,0.53,40.6
22.88,52.29,4801.0,11,1.17,38.5
11.26,34.83,3760.6,6,0.91,29.6
61.02,93.2,1551.6,18,0.49,78.3
93.9,33.77,1301.4,21,4.14,57.8
69.94,71.98,4944.2,23,2.9,46.5
84.04,52.88,426.1,15,7.96,56.6
11.2,59.77,4233.5,7,0.96,35.7
58.78,40.41,1841.7,18,7.88,37.0
51.36,91.83,2152.5,5,0.83,59.3
54.91,56.45,4176.7,1,5.3,24.4
16.5,89.4,544.0,1,2.18,41.9
71.6,5.68,1835.4,7,7.05,31.4
55.29,56.54,4764.9,9,0.62,53.1
78.86,69.55,3525.4,20,8.1,37.3
53.68,72.06,3799.2,20,0.5,61.0
23.44,86.45,3811.8,10,2.13,51.6
68.34,5.4,396.8,19,4.0,50.6
25.51,5.03,1095.7,19,6.45,23.8
88.52,47.5,2507.2,23,8.09,43.6
65.18,7.64,1903.9,2,3.7,32.4
24.15,92.71,2113.5,15,6.46,44.3
96.61,24.99,3929.1,2,6.21,26.3
56.65,47.54,171.9,7,4.9,52.5
16.56,10.5,3336.4,18,5.9,15.1
66.41,51.98,100.5,11,0.42,75.6
32.79,39.2,409.0,17,3.81,44.0
82.33,9.02,2100.6,12,6.7,42.6
83.6,35.16,4220.6,10,4.08,48.6
98.11,40.23,810.5,12,7.44,58.7
55.17,94.09,2817.6,20,7.1,43.4
50.95,23.71,3424.7,2,7.35,6.2
77.81,54.03,1224.7,5,1.19,70.3
21.92,93.86,2610.4,22,2.15,56.6
59.22,76.28,4565.9,2,0.35,42.9
59.16,94.4,2609.9,24,8.36,47.2
18.05,92.15,870.9,0,2.08,37.2
47.62,49.06,3176.3,13,3.18,40.0
86.8,67.67,3001.8,22,2.41,60.6
87.05,14.94,232.1,19,0.43,71.7
18.93,44.7,543.9,6,2.29,47.3
18.16,77.81,868.2,24,0.92,63.7
33.64,50.48,767.8,8,3.41,53.2
88.73,68.24,1371.4,0,8.22,36.3
21.6,72.12,2325.1,9,5.97,36.4
74.8,27.81,1921.4,12,6.04,47.8
19.1,83.81,4464.2,11,3.91,30.1
66.08,46.38,3099.3,3,6.91,28.6
42.05,23.92,4393.1,6,7.73,7.7
81.0,82.89,2682.5,9,8.18,47.0
31.03,42.6,540.4,21,0.93,58.2
67.53,72.53,2370.1,24,7.49,48.9
31.21,54.32,4128.0,6,1.99,34.2
74.23,39.37,1051.1,14,3.44,61.5
88.63,77.89,546.9,18,3.0,79.5
21.41,57.6,1714.2,6,5.77,28.9
87.99,40.15,2005.6,13,5.12,55.3
63.42,14.86,1600.7,20,1.02,62.2
21.44,85.59,762.7,13,6.68,41.6
48.48,8.19,1329.1,17,3.79,39.7
24.48,82.69,3443.2,9,0.12,55.5
73.03,37.4,1991.0,2,3.58,38.9
78.3,62.54,3199.5,5,4.44,49.6
19.52,88.0,2727.9,21,0.68,60.0
55.55,18.65,2790.4,22,1.37,47.4
83.32,56.03,1317.9,21,8.45,45.8
94.25,73.8,2655.6,8,7.42,60.8
56.22,73.18,215.6,13,1.22,73.2
95.53,52.31,2215.5,20,4.97,55.1
58.21,61.23,2905.9,20,3.29,58.1
45.48,73.18,991.8,23,4.67,57.3
86.34,80.69,1357.1,7,4.05,73.1
54.37,73.56,1175.7,0,0.5,55.3
52.47,36.86,445.7,2,2.75,49.1
54.13,94.71,1804.5,21,1.15,68.3
86.21,44.11,4896.9,5,4.21,37.0
84.87,7.2,1834.0,0,7.72,15.7
46.32,37.64,2356.6,17,8.46,25.0
40.0,16.5,3300.1,9,8.03,17.2
54.27,15.93,3277.6,22,8.38,19.1
61.55,30.34,4754.5,16,0.23,45.7
31.45,9.8,4302.1,20,6.23,11.8
81.46,66.97,3990.4,0,2.39,40.0
53.78,11.66,4763.0,21,7.37,20.3
40.06,23.3,1230.8,22,6.94,28.9
19.61,13.36,3123.6,7,3.66,24.8
31.5,10.69,4447.3,11,4.08,17.7
95.44,29.1,3158.3,18,2.33,50.3
37.46,56.47,4889.4,13,2.53,38.4
25.2,91.82,591.7,18,8.34,38.4
51.46,83.8,2252.7,16,7.57,40.8
37.64,83.83,4889.1,15,1.71,45.6
13.16,20.85,1959.9,18,2.41,31.4
39.08,28.84,3723.8,4,1.01,29.5
58.97,11.88,249.0,21,8.41,30.5
59.65,75.06,3504.7,18,7.72,34.5
42.09,11.28,4679.7,3,4.74,5.0
50.26,55.1,1975.3,4,5.92,26.1
96.9,27.31,204.4,4,6.38,55.0
43.96,26.91,236.8,24,1.81,54.6
33.24,94.17,4470.9,23,7.95,34.0
31.91,73.11,3640.3,0,4.52,18.5
51.2,80.32,622.8,17,0.88,72.0
78.36,56.48,367.5,14,3.44,69.0
28.54,83.39,4043.6,20,5.15,38.5
73.84,63.09,4068.3,18,3.06,50.9
11.9,90.16,690.6,22,5.97,41.9
47.7,30.32,1577.4,13,7.51,32.6
79.83,58.58,3922.1,5,6.58,30.6
40.49,67.11,2674.5,17,5.5,44.9
60.74,40.36,4787.3,7,4.4,37.5
28.45,84.17,2457.2,4,2.24,37.0
76.78,93.18,3417.1,21,3.92,60.1
14.71,49.44,2597.9,7,2.56,36.0
86.73,40.16,4720.5,5,7.95,28.7
27.84,47.47,2053.4,9,7.72,31.0
88.7,81.75,1226.0,2,1.41,64.7
41.73,63.09,1700.5,12,7.01,46.1
75.04,9.03,4278.6,6,6.0,25.2
38.73,53.8,2539.9,3,8.29,14.7
91.53,6.56,1835.8,12,3.99,54.0
21.4,75.07,2766.9,5,6.17,27.0
26.07,34.55,752.8,15,4.45,39.9
54.37,47.48,126.3,21,0.68,74.0
17.37,76.88,1474.9,20,0.49,58.4
27.64,9.18,3064.5,0,1.13,12.8
94.94,19.27,3587.2,23,2.59,52.1
97.88,40.82,4150.4,12,2.28,64.3
43.86,25.69,4640.7,1,6.22,6.0
93.1,35.41,2119.4,19,6.11,46.9
59.03,94.84,3728.5,18,8.26,35.7
34.28,79.29,465.9,5,2.71,53.1
73.22,84.55,381.9,10,7.98,59.1
69.3,89.33,711.5,16,5.25,63.3
99.02,35.68,2298.0,8,4.26,54.4
33.85,31.74,1135.3,4,5.71,21.9
70.49,26.07,1505.9,4,6.0,39.1
14.68,79.71,3274.6,15,1.54,48.1
20.23,66.16,1856.8,3,6.41,24.2
10.35,26.26,2831.1,19,6.19,20.7
99.95,38.93,2120.8,12,8.48,44.7
82.2,50.6,927.9,16,7.76,49.4
80.81,52.53,462.7,8,5.85,58.6
55.88,84.99,1257.5,24,6.08,55.7
37.01,39.25,382.7,12,8.05,36.3
23.61,86.77,3131.2,15,8.22,34.3
35.62,44.72,3999.0,19,7.05,25.4
43.84,72.17,1764.7,9,6.55,45.9
78.07,88.72,1996.8,9,1.04,83.7
58.57,86.68,4099.3,19,7.07,40.4
16.97,10.13,1190.8,15,2.23,39.5
11.62,23.51,683.9,22,4.84,32.0
19.21,47.92,2555.5,19,3.51,38.1
46.94,43.84,3266.3,0,3.0,23.2
93.99,62.68,3038.3,10,2.71,62.8
67.37,90.02,3598.0,12,7.29,47.2
82.16,15.12,378.1,24,6.56,49.1
51.97,45.67,2198.2,17,4.5,43.3
42.55,22.32,1269.0,4,5.68,25.2
19.76,85.47,3819.7,3,8.37,8.6
88.83,91.81,4376.4,23,3.44,61.9
80.48,48.08,1478.5,5,4.73,48.8
25.13,14.36,566.6,14,4.58,30.1
56.1,75.68,1341.8,22,7.96,43.6
53.86,67.74,609.6,1,3.05,47.3
66.26,36.92,1679.9,3,8.38,28.2
95.16,84.87,2737.2,13,2.66,80.5
62.18,92.82,4871.0,3,1.01,48.2
58.62,55.21,2056.9,17,1.71,63.7
14.53,55.92,1178.2,19,3.68,42.5
15.66,31.78,917.3,15,5.56,29.6
26.86,57.61,947.9,8,4.44,45.7
12.92,44.57,1043.7,7,3.26,40.9
76.9,32.2,3835.1,10,4.82,41.3
75.1,11.05,399.0,13,7.15,40.9
22.25,27.74,4987.3,16,7.15,8.5
85.25,22.81,2661.2,12,6.2,41.3
23.93,53.78,2766.9,7,8.1,23.5
37.11,59.15,1852.1,13,5.06,40.4
32.41,59.77,3482.3,10,0.16,50.0
43.51,39.94,2410.1,8,2.54,47.6
32.92,42.91,1712.4,7,2.86,43.6
54.01,80.08,1399.2,13,4.7,55.7
46.67,47.86,4635.7,14,7.7,27.9
98.79,93.9,1525.8,0,7.14,45.1
15.03,44.57,2238.3,23,2.05,39.8
22.8,63.46,1816.7,11,4.46,35.2
14.75,9.53,522.3,4,5.64,14.8
66.33,63.8,1011.1,24,8.4,41.8
14.91,81.63,1028.6,13,0.36,57.5
85.28,89.82,3498.9,24,4.0,58.5
56.07,94.76,2092.3,21,8.4,42.9
57.43,30.4,3931.6,15,8.31,22.7
60.54,56.78,3573.9,18,2.88,50.3
25.37,45.56,1041.0,15,0.1,54.5
27.79,55.74,2858.3,6,5.03,28.7
38.69,19.17,3740.3,2,7.38,5.0
63.41,82.05,3201.9,22,2.82,59.9
28.91,86.86,3040.1,7,7.95,29.0
20.47,45.47,3724.1,20,2.89,34.3
97.31,30.24,378.2,20,5.23,61.2
11.98,17.68,3684.0,13,6.17,11.0
82.24,66.54,1436.0,19,3.0,71.5
80.92,33.1,2902.2,2,3.06,41.1
36.75,86.86,1287.3,23,4.05,55.2
22.21,65.39,4210.2,10,7.12,26.0
23.11,63.11,2454.7,21,0.95,51.0
72.77,55.35,3250.4,13,5.4,46.9
67.85,9.12,3991.0,21,5.79,29.6
80.45,88.87,4487.0,1,4.79,38.7
94.37,61.51,3687.1,3,7.96,30.5
72.27,94.47,829.0,20,5.16,61.9
24.03,53.36,4287.2,4,5.43,16.4
31.91,68.91,3131.0,18,5.14,40.4
85.8,10.06,3086.3,9,6.16,35.6
28.84,61.86,4614.6,20,1.24,46.0
16.53,73.82,1319.3,20,7.61,27.4
73.3,75.07,1274.0,1,0.46,58.5
46.23,74.31,2614.6,20,5.48,50.2
92.8,25.37,3779.2,2,5.27,31.3
68.52,92.79,2291.5,14,1.85,70.6
18.14,94.57,3206.1,18,0.44,56.4
95.31,11.8,2317.4,20,1.27,66.2
33.27,89.28,3090.9,24,2.38,48.9
40.35,31.05,4129.1,1,7.51,5.5
46.2,67.04,984.3,24,7.29,42.0
14.61,35.43,3507.4,2,0.64,24.8
54.69,92.1,3958.4,11,2.53,55.6
21.1,14.14,2290.8,22,7.57,20.3
46.09,49.8,1683.8,13,2.09,54.4
41.56,43.52,166.4,16,8.47,31.1
79.56,34.34,4005.8,15,2.26,53.9
82.29,63.1,1706.9,16,6.31,59.6
23.81,16.8,1850.8,23,3.6,36.1
42.99,69.5,1746.4,8,1.24,61.4
43.6,93.25,2543.8,2,2.24,48.0
23.63,77.41,3542.2,21,5.77,32.0
81.86,82.4,3882.1,13,2.93,65.2
73.65,37.37,2023.6,2,5.17,35.0
27.13,34.24,3349.2,5,1.83,22.1
43.0,51.53,3631.4,22,3.87,36.9
19.52,9.12,1554.9,20,4.4,28.1
66.54,90.08,573.4,18,3.57,71.5
20.92,17.94,4483.9,23,1.76,27.6
98.73,86.27,3417.9,12,3.98,68.8
80.26,12.52,3275.7,4,5.92,31.0
45.12,79.04,388.6,0,8.21,26.3
62.07,18.68,4107.6,11,6.73,19.4
92.02,8.43,2873.7,14,1.46,63.6
59.87,69.75,4254.6,24,2.39,47.3
25.7,30.22,4875.3,18,0.76,37.3
44.08,69.3,4789.8,1,1.24,27.1
85.88,54.96,4294.8,2,2.21,48.2
67.98,14.79,153.6,6,1.78,54.8
68.57,88.89,4440.1,10,1.89,63.0
88.01,45.71,467.8,9,2.04,67.3
90.46,71.1,4270.9,7,2.63,62.9
92.78,50.09,1472.9,1,1.15,58.8
18.54,59.39,3089.3,13,2.43,42.3
58.97,32.25,286.5,12,5.88,49.8
76.65,23.03,3878.8,6,2.09,45.3
78.12,53.83,647.4,20,1.54,72.2
64.6,44.62,2112.4,8,0.67,60.5
25.01,40.11,4105.5,6,4.3,21.0
81.77,65.53,3507.2,0,7.17,29.5
74.81,67.15,129.6,0,0.6,57.9
17.75,9.13,2074.9,5,4.66,10.9
51.74,35.49,305.4,24,5.57,43.3
25.66,42.06,3400.1,0,5.08,9.9
40.37,13.72,4847.8,15,7.47,11.1
11.63,26.23,3310.8,2,7.38,5.0
46.03,9.65,1199.4,12,0.58,45.7
59.49,94.66,1840.6,20,3.13,57.2
65.76,71.29,4885.6,3,5.73,29.5
69.71,12.87,1197.9,16,8.1,37.5
85.27,6.82,2851.5,9,6.86,31.0
29.39,69.74,2062.2,3,1.58,43.0
20.84,44.53,3864.7,19,2.45,38.0
86.64,75.81,4350.2,11,6.51,49.1
24.1,88.11,1770.1,12,4.06,51.9
97.73,58.94,3335.9,3,4.7,47.2
85.83,21.84,2790.3,15,5.22,45.3
55.08,75.4,1464.4,18,0.97,71.3
98.33,91.02,1432.5,6,7.29,66.7
18.76,57.22,2739.3,0,7.35,5.0
37.28,66.38,854.6,15,4.03,51.8
67.44,35.37,4073.0,1,5.37,16.9
41.5,39.34,438.1,0,5.64,23.3
93.55,71.12,563.4,13,1.69,81.9
15.91,88.5,1776.9,19,1.05,60.4
59.45,61.61,678.6,4,0.27,66.8
63.18,76.09,2430.9,14,7.77,46.6
68.75,20.45,2058.4,9,3.0,53.6
33.01,24.08,3636.9,20,0.82,38.0
42.81,52.88,4769.7,1,4.01,14.7
85.93,20.89,3792.4,10,0.74,58.9
27.54,62.15,979.3,15,0.82,58.5
84.42,31.25,4684.1,18,4.21,49.9
60.64,76.24,2021.5,3,4.37,38.6
78.6,77.73,2423.5,9,4.97,61.7
74.22,46.74,2165.7,21,5.61,51.2
28.68,21.27,1474.7,21,5.71,27.2
61.19,63.21,4485.7,11,3.74,43.3
88.1,94.35,1728.0,1,5.51,49.7
48.89,61.03,2935.1,1,2.66,28.9
96.99,8.22,1276.2,8,3.81,61.9
50.7,6.56,4007.1,11,3.4,39.5
22.85,33.83,3893.6,1,2.86,12.3
45.05,22.62,1551.9,17,2.1,45.9
95.65,78.17,3439.6,15,0.76,72.7
38.77,81.03,3549.0,18,4.35,41.1
88.13,28.28,2856.3,14,4.61,48.6
89.31,34.31,3042.9,24,2.92,61.1
41.52,26.26,2914.8,15,8.3,30.0
17.49,86.75,501.1,5,4.78,39.4
75.21,50.24,3384.3,14,7.57,36.2
38.04,64.05,2401.9,11,4.89,39.1
80.46,42.39,2248.4,21,1.7,65.2
49.84,61.79,4314.0,11,8.29,27.7
53.67,39.73,213.8,9,7.54,41.8
80.01,35.57,1331.4,20,4.06,56.0
44.41,62.1,694.9,14,2.14,64.9
49.88,58.2,273.2,22,1.97,66.3
43.86,31.42,1450.8,3,6.87,23.0
43.06,18.44,4943.5,9,0.68,38.6
57.34,38.17,1424.1,18,5.46,44.2
82.79,42.37,3352.2,22,5.48,44.8
42.56,61.58,679.7,13,1.63,63.4
57.18,87.31,3049.1,9,6.02,49.8
70.37,8.26,4924.0,16,6.03,27.6
34.25,26.93,1530.0,21,3.04,37.3
34.98,22.43,4255.6,10,4.16,27.3
94.01,50.21,4988.1,17,7.1,39.7
75.12,43.67,2983.9,1,4.49,29.4
61.95,70.61,1616.1,10,5.29,56.5
68.29,26.82,3400.3,7,3.57,42.6
12.64,58.5,4239.8,18,1.36,44.4
65.63,84.55,939.6,24,8.48,52.1
55.86,86.96,2317.3,15,4.56,55.2
59.12,91.29,1664.0,3,2.93,53.8
42.35,74.59,1488.5,13,6.1,42.7
17.33,86.54,4318.0,21,5.31,35.5
27.4,26.11,2166.1,16,2.06,41.2
95.57,22.78,1761.5,10,7.47,47.0
46.78,5.58,3057.2,2,0.7,24.9
52.0,68.62,1175.1,3,5.19,42.3
14.74,89.37,1226.5,20,4.11,45.4
13.38,21.82,2649.4,12,2.77,28.2
74.55,62.32,2105.4,16,7.04,49.0
58.43,72.18,1545.4,19,5.61,50.9
55.78,88.49,364.4,20,6.48,55.1
31.88,63.22,2651.8,19,3.58,43.7
77.03,92.33,4101.4,9,8.02,48.6
25.14,36.02,4271.7,22,3.0,32.9
27.09,36.49,1253.7,23,4.56,39.8
51.46,53.87,3038.2,11,7.94,33.0
35.77,39.52,4293.8,7,0.8,38.5
32.27,5.13,2102.8,2,1.01,29.0
68.07,70.86,4667.5,20,8.45,28.1
68.59,72.65,4524.6,9,8.26,36.5
84.21,72.23,1119.9,23,6.58,62.5
47.59,36.05,1368.9,6,4.17,40.3
16.58,52.01,984.2,24,4.35,37.5
34.63,37.4,1060.7,9,2.26,49.2
98.2,6.44,4548.5,6,3.73,37.4
63.66,55.62,4662.6,17,3.72,46.0
73.88,16.14,354.3,19,0.4,69.9
10.66,12.2,3008.7,13,3.91,22.4
56.64,72.99,2864.7,11,4.13,53.3
13.38,5.86,2013.7,7,5.69,17.9
61.23,91.31,3195.3,24,4.44,58.6
92.87,51.37,4742.1,6,7.34,33.4
97.16,93.47,934.2,4,3.19,67.9
58.65,10.22,690.0,0,3.54,28.8
51.24,57.52,263.6,14,4.9,56.9
95.05,36.44,1882.8,8,1.8,63.8
70.62,80.91,1754.4,11,3.41,66.2
15.84,37.51,2211.0,21,5.86,28.9
51.92,28.44,2566.2,17,3.56,42.2
31.62,82.18,3813.3,10,7.72,33.9
52.28,38.72,2021.4,9,5.27,45.5
50.99,6.51,1720.0,9,1.39,47.2
62.39,40.13,4151.7,17,4.19,39.5
42.11,63.91,4264.0,0,6.52,9.8
24.78,27.89,1240.6,19,5.5,31.8
55.33,43.88,1641.9,10,7.54,33.9
84.72,10.1,4143.1,1,6.4,11.6
69.76,57.93,489.1,10,0.62,68.0
40.45,73.07,1696.6,24,1.05,61.9
94.2,42.2,2296.9,1,5.56,43.5
92.1,42.82,1016.7,8,2.1,65.5
28.84,12.95,981.6,0,5.04,11.2
13.55,23.17,2181.8,22,6.75,17.5
76.72,18.92,3797.2,5,4.95,31.1
84.48,48.35,4217.1,21,3.59,56.0
97.11,52.63,4898.3,1,5.53,28.0
90.09,90.4,462.5,14,1.31,81.9
64.05,11.59,1161.7,0,6.17,17.5
57.7,58.99,3807.5,23,5.96,36.9
12.51,52.38,2748.9,23,4.42,24.3
32.2,51.46,1705.6,17,2.44,49.5
51.37,83.58,1107.4,3,6.8,34.6
66.57,23.5,1474.3,12,4.39,47.7
60.15,8.67,2203.5,3,0.6,38.7
76.84,65.5,968.0,14,7.82,48.8
35.18,36.06,4824.7,1,6.55,5.0
60.85,6.58,627.2,8,5.01,42.0
17.93,27.62,4929.3,11,3.77,20.4
47.23,32.84,4225.3,13,8.16,21.0
77.51,60.52,2173.4,19,6.61,51.3
72.41,20.53,3725.1,3,4.59,27.4
99.16,42.17,3390.4,14,5.59,49.7
35.01,48.42,1145.1,3,2.46,35.3
54.84,46.33,1761.4,4,1.74,48.1
39.66,92.65,2614.3,9,2.4,55.3
49.65,9.1,3225.4,11,2.56,40.2
87.13,90.59,2760.2,11,6.31,59.6
71.58,57.37,2417.6,7,1.28,64.7
89.42,76.62,2271.4,3,6.63,42.7
28.32,43.74,2541.5,2,4.5,16.5
88.6,45.85,2228.3,0,3.33,46.9
15.38,84.14,2752.5,17,2.62,45.8
89.97,85.63,4451.1,19,4.41,62.4
39.62,26.48,3200.9,24,2.77,33.8
38.31,22.93,3640.8,13,3.71,30.8
56.09,49.66,3027.7,16,6.31,41.8
94.66,86.02,3250.8,5,5.36,50.7
14.3,34.01,2933.9,5,6.38,18.8
41.7,63.68,231.6,9,6.09,48.9
87.09,68.73,4998.0,18,6.95,40.9
45.64,75.08,264.7,9,1.79,68.5
27.92,55.75,2036.2,24,8.46,29.3
48.23,41.22,615.1,2,4.1,32.9
44.7,92.03,574.9,0,6.13,32.8
92.39,60.02,3988.3,17,5.79,51.9
78.57,70.57,2187.0,14,4.86,60.8
55.46,36.05,4025.6,19,8.46,22.1
98.95,65.3,1436.7,3,1.93,67.2
51.87,28.2,1356.7,17,3.64,49.6
15.24,27.06,1331.0,9,1.17,43.2
33.6,69.32,3119.1,21,1.63,48.8
49.25,51.93,4093.5,21,6.09,32.5
24.12,66.49,2316.1,18,0.14,60.6
95.28,29.25,1958.3,16,7.57,47.3
79.02,58.89,4870.5,9,5.42,47.6
34.15,44.95,672.1,24,3.8,45.6
63.17,58.73,2484.5,3,2.88,45.0
74.93,31.18,2101.6,24,1.16,63.9
94.72,69.39,580.8,4,7.84,55.2
89.35,77.53,1414.2,6,6.08,62.4
56.37,28.39,239.4,18,2.93,52.3
79.72,32.06,4397.1,18,0.7,59.3
60.59,64.5,3078.5,7,2.84,57.7
59.74,67.6,4093.6,0,1.65,33.9
20.33,68.37,2655.6,23,6.7,27.4
21.35,66.44,3037.6,7,6.14,27.9
57.66,40.35,3534.2,18,4.28,41.7
34.2,40.54,4549.3,16,7.54,16.5
11.89,27.93,549.6,8,1.62,39.7
75.06,19.12,1721.6,19,3.9,54.9
12.92,67.33,3574.2,22,6.07,23.2
63.57,13.39,4795.9,15,0.67,42.6
58.53,89.4,4906.0,8,3.23,52.2
97.19,79.4,3226.7,18,4.9,59.4
53.58,82.18,1048.6,15,3.18,59.3
15.72,86.6,684.1,20,4.13,48.7
59.65,41.77,4735.6,12,5.21,36.6
85.7,81.2,2226.2,18,3.19,70.8
99.72,19.23,1054.6,4,0.99,55.8
48.73,6.95,4676.1,1,1.27,22.3
38.83,75.64,612.2,3,4.53,44.1
91.6,11.73,3674.9,11,1.57,55.4
27.21,93.97,3163.8,17,7.57,34.3
65.39,65.73,529.9,2,7.11,39.3
46.51,72.81,1759.9,20,3.03,63.8
13.7,27.12,834.7,24,7.08,26.1
41.26,65.65,3062.0,18,4.58,43.5
33.87,8.89,2437.9,21,1.44,35.6
71.75,80.4,120.9,3,5.26,54.3
95.39,20.27,4881.0,3,5.81,28.4
34.12,67.76,1813.0,15,0.8,58.5
83.03,25.2,1365.2,10,2.74,58.7
14.98,11.16,1190.0,12,0.15,44.4
58.43,48.33,878.2,20,2.76,56.4
16.35,20.24,4995.8,10,2.92,23.2
94.06,70.65,1546.0,6,5.39,59.2
78.97,26.38,2087.0,13,1.77,53.3
69.22,35.82,4369.6,3,0.35,40.6
84.15,56.07,3245.2,7,2.75,58.2
68.28,30.65,1906.6,11,7.04,41.0
97.2,39.02,4501.8,12,3.45,55.0
74.26,78.41,3773.6,24,3.59,54.1
93.22,21.13,1216.7,8,4.04,59.3
56.54,12.4,3254.3,8,6.42,25.8
20.54,34.55,4619.8,1,4.13,5.0
57.54,43.19,2532.7,2,0.87,39.8
21.42,53.84,3694.7,20,1.83,39.6
63.32,38.52,4858.4,11,1.68,55.9
53.42,76.09,3483.0,16,4.37,54.1
66.03,8.54,601.9,3,0.35,46.1
10.9,43.86,1298.3,13,2.48,41.1
27.54,39.4,3016.0,20,5.2,28.3
54.22,63.28,1450.2,8,3.08,58.6
95.55,91.96,4792.0,7,6.04,56.4
44.52,50.93,2086.2,0,3.39,27.7
48.19,93.82,2340.4,12,8.33,39.7
74.32,32.2,3537.9,2,8.21,19.7
64.34,7.78,2668.8,13,6.82,26.2
36.9,19.91,1972.5,18,8.12,22.2
46.97,40.56,475.5,5,1.82,46.4
29.59,33.47,3022.6,3,6.41,8.6
96.94,13.73,4351.1,19,2.8,52.4
21.76,43.94,3460.2,0,6.19,5.0
43.47,35.43,1969.3,9,3.24,39.2
12.33,16.04,725.9,12,2.53,34.4
29.96,31.65,4100.1,11,8.15,11.0
80.24,84.78,4714.6,10,1.86,60.1
28.11,32.18,2002.5,3,6.47,16.4
17.21,69.26,3670.3,16,5.77,23.8
52.7,60.08,2112.7,14,2.65,54.0
10.9,43.45,2561.1,20,3.95,31.0
17.63,26.51,4198.7,2,1.3,15.4
82.69,38.21,508.8,9,7.84,47.8
79.43,58.29,2698.6,20,8.23,40.6
92.36,36.57,1151.6,13,6.25,51.3
86.91,24.34,1765.0,18,7.24,42.2
71.49,15.48,3257.7,20,0.79,55.1
14.71,84.18,233.4,3,3.33,39.8
80.46,44.63,3009.7,24,2.88,57.7
86.1,61.27,1488.9,13,4.85,65.9
81.92,49.14,3380.5,5,1.64,56.0
55.76,83.53,793.7,11,4.83,56.5
30.96,54.22,3705.5,1,5.6,13.8
86.08,48.27,3263.6,16,1.21,68.0
75.44,88.21,4859.1,0,1.21,43.1
98.27,69.77,4565.1,16,0.4,67.4
24.01,15.04,1488.2,24,6.49,22.2
30.31,20.99,233.9,4,2.88,35.4
29.06,75.84,3311.3,15,1.99,50.7
81.33,80.23,3054.1,13,6.64,51.5
26.82,54.07,234.4,19,1.3,51.3
16.0,54.9,701.1,9,3.69,39.8
99.87,61.87,2965.0,20,6.36,57.4
12.23,44.52,4568.0,24,4.92,25.9
85.17,66.22,4541.9,2,4.75,36.5
42.88,14.76,842.3,2,1.42,39.3
85.75,91.52,1984.4,17,1.62,76.1
59.92,72.51,311.7,23,4.99,58.4
91.15,61.81,2399.4,22,0.3,69.7
93.36,33.47,3790.1,17,7.4,41.1
10.82,19.49,3970.9,3,3.04,6.9
16.79,41.84,2545.0,6,3.6,30.4
32.53,64.54,569.8,0,2.27,35.8
70.24,62.03,1968.7,15,7.46,52.2
89.94,39.44,4667.3,16,5.5,48.8
51.39,60.2,1225.1,7,3.88,45.1
64.63,78.24,1666.8,5,5.02,52.2
26.96,7.37,3759.5,1,3.3,5.0
82.45,45.56,3694.5,9,4.01,53.4
97.06,73.27,4569.8,16,3.1,59.1
34.17,54.15,2001.8,18,3.55,49.4
54.53,63.63,2621.5,3,2.75,45.5
17.75,51.5,2390.2,12,0.75,42.7
60.32,94.27,4646.0,20,0.41,64.1
55.25,9.92,3869.7,18,1.56,41.4
23.0,49.19,4174.1,15,2.21,38.1
49.79,13.23,752.2,12,7.58,31.2
40.07,19.38,3980.0,4,5.23,17.0
56.96,39.47,2221.6,11,8.15,32.2
62.71,19.0,214.4,6,2.95,52.3
10.76,91.73,394.4,8,3.47,48.9
78.49,90.21,3421.7,4,6.15,44.7
74.17,35.25,1922.9,3,4.95,40.7
42.97,62.58,4353.8,9,4.53,41.6
14.76,53.04,3697.9,15,4.93,26.9
77.94,78.4,206.2,10,5.01,68.2
95.97,61.47,3465.8,8,6.53,56.3
31.61,5.02,1042.5,23,5.71,27.9
39.12,73.69,2170.7,4,8.14,28.4
26.54,72.22,3161.2,24,8.06,26.2
61.92,50.88,4376.3,10,3.64,44.3
23.94,86.26,2334.9,8,0.4,55.9
42.06,86.76,4061.6,16,0.19,55.7
72.73,52.15,3936.5,21,1.13,61.7
60.41,59.72,2131.2,10,0.73,70.2
44.78,94.69,2554.8,20,3.24,58.1
47.82,31.89,3532.4,5,0.54,40.7
60.59,34.22,252.6,15,5.35,53.1
10.53,21.45,4465.0,18,1.7,26.3
17.07,85.63,3872.1,13,4.42,29.2
89.31,72.0,1322.1,2,0.97,68.6
17.01,14.51,4907.8,9,7.05,5.0
73.61,93.36,979.0,20,6.65,61.9
92.8,70.79,4579.0,22,3.35,58.8
34.36,81.55,1689.9,3,7.75,24.1
43.34,9.33,3839.4,21,1.66,36.5
61.2,50.45,2336.2,20,6.94,43.1
89.35,67.87,3708.7,1,4.69,39.6
94.77,53.87,863.3,12,2.87,77.4
76.56,65.0,1420.6,10,0.81,79.1
17.8,78.61,589.3,11,1.54,62.7
70.22,38.69,4339.2,0,7.35,11.0
46.93,81.38,1551.8,21,5.2,50.9
52.36,19.66,3502.9,20,2.09,41.8
14.42,29.38,4119.1,8,4.27,24.4
27.2,8.9,4516.9,11,1.01,33.4
81.15,37.8,620.9,6,0.93,59.3
50.86,39.19,4475.8,16,7.73,23.6
37.15,77.47,1066.5,9,3.95,47.2
44.56,63.78,3710.8,5,3.14,38.2
86.9,44.31,3671.4,6,8.07,32.0
77.41,63.69,141.7,18,3.45,67.9
34.51,9.75,1181.1,13,2.92,42.1
20.58,21.22,2510.4,24,2.39,32.1
32.68,61.43,2158.2,10,4.85,41.2
92.87,62.72,4601.0,1,4.79,32.7
62.34,74.67,1862.7,0,0.24,52.4
58.01,41.27,4691.2,9,5.59,35.2
63.68,70.03,2351.2,11,6.72,44.2
42.94,66.56,4825.3,8,5.27,35.8
82.64,91.71,3713.0,22,7.41,51.2
57.1,24.36,4163.7,10,2.42,41.1
20.51,54.65,613.9,0,1.71,31.3
21.62,59.16,2972.1,19,5.96,31.9
58.32,94.88,799.2,9,1.68,77.1
94.29,23.11,1558.3,18,0.87,69.1
37.75,52.09,3155.5,22,0.91,51.0
88.26,36.16,3658.5,20,6.55,44.6
78.77,52.33,292.0,24,0.34,79.9
32.3,25.89,2701.6,10,2.53,37.2
13.27,9.29,2870.0,2,1.19,19.8
19.17,56.53,486.3,15,6.44,38.9
75.56,35.23,2553.4,21,4.33,56.2
27.97,21.37,3597.8,9,1.83,29.6
43.41,34.15,360.8,1,6.4,24.5
55.15,9.44,3825.3,18,6.4,27.4
75.29,90.54,2924.5,3,4.49,52.1
20.19,57.3,4182.8,15,2.42,35.4
46.57,78.33,1168.5,5,5.02,42.0
53.66,43.08,4183.0,10,7.94,29.6
58.67,86.3,563.3,16,0.53,76.5
83.65,48.5,2078.8,14,2.34,64.0
25.45,56.66,1077.5,21,2.49,56.2
82.7,49.26,4392.5,3,5.41,28.4
72.36,71.0,3554.1,23,5.57,51.8
60.03,56.0,224.3,24,1.83,65.4
72.96,29.44,146.7,7,1.92,60.8
47.08,18.1,1527.1,23,7.9,27.8
22.46,59.55,802.1,17,6.45,39.0
69.92,49.03,3188.5,13,7.95,39.0
57.22,13.64,3352.6,1,7.07,11.0
67.54,40.61,4715.6,15,3.48,40.6
40.42,51.33,4765.0,21,1.12,40.6
91.62,79.42,3328.6,14,5.39,58.7
62.86,11.85,127.8,20,3.06,54.8
17.69,36.36,1859.1,5,3.67,26.9
50.48,79.04,2614.4,8,3.68,43.2
78.07,63.36,2546.0,11,7.97,39.6
81.47,31.1,3056.4,9,0.68,61.0
54.51,81.08,4806.7,6,1.72,51.7
90.53,49.4,4437.4,4,5.21,35.3
34.09,49.85,633.6,22,7.52,37.7
46.95,92.89,1403.3,7,7.81,39.7
90.87,90.24,4182.2,11,4.79,61.6
90.66,37.27,4139.1,0,0.39,43.9
71.71,17.65,1449.3,9,3.15,54.1
87.31,34.31,3679.9,10,7.82,34.0
17.99,7.74,3393.0,22,4.3,15.0
87.85,6.87,2420.3,19,6.2,43.2
38.86,40.6,1087.1,4,2.36,36.6
26.05,89.69,4454.4,12,0.31,50.3
31.54,83.42,3421.5,17,4.96,45.0
47.62,51.03,928.1,9,7.11,41.3
32.61,55.87,3553.5,20,8.42,22.8
38.85,5.53,3733.0,24,7.21,16.7
22.15,24.4,4445.7,16,4.75,21.2
36.66,7.23,1191.9,18,5.21,31.6
61.51,72.91,4944.9,3,7.02,20.2
49.77,18.11,851.6,8,0.27,65.7
41.2,83.21,3043.4,17,8.09,33.8
77.18,62.9,3320.2,15,4.56,54.5
90.42,25.65,2152.9,6,8.1,37.4
78.11,19.19,2427.7,24,6.52,38.0
39.88,61.49,4465.5,11,1.38,45.4
77.0,86.08,3261.8,3,1.49,62.2
23.68,69.65,2535.3,20,3.07,42.6
21.73,36.37,728.9,11,2.32,46.9
41.11,57.86,136.0,11,3.79,57.7
82.69,32.97,712.3,3,5.17,43.1
32.17,94.92,4785.3,11,3.77,42.4
15.69,72.4,3844.0,22,0.57,49.1
21.85,60.29,4838.9,7,8.3,11.4
87.29,43.09,275.0,23,3.67,61.1
67.04,60.63,3433.1,2,7.25,29.0
32.79,35.75,317.0,15,0.72,53.7
59.98,7.6,3932.1,1,6.9,6.1
57.48,40.56,1966.7,5,1.56,45.5
68.99,88.74,569.3,16,5.81,62.2
30.99,61.37,2883.4,11,5.66,33.5
87.8,12.56,1472.6,8,7.74,41.4
37.84,84.65,3331.9,15,2.79,48.7
72.47,29.2,3325.1,6,1.02,56.8
11.45,26.94,3554.5,7,7.36,8.3
43.54,31.74,4963.1,6,2.89,30.9
41.65,56.95,1994.8,20,2.05,53.6
58.91,54.02,2380.0,4,4.18,43.0
16.55,49.23,4042.6,22,1.33,31.0
81.11,69.58,2934.0,6,2.59,57.9
29.6,33.49,282.6,17,3.34,44.4
70.93,75.39,4231.1,17,2.43,56.7
82.29,20.78,352.3,15,3.88,60.6
60.57,75.44,937.0,6,3.33,61.4
76.68,64.74,600.2,20,6.61,57.3
69.57,66.49,481.8,1,7.81,34.0
42.0,48.34,225.9,16,0.95,69.9
82.8,65.03,369.6,24,7.02,60.2
36.52,12.18,2268.0,7,7.93,9.8
61.41,81.64,1339.0,1,5.87,40.8
77.09,10.0,720.0,17,8.47,38.6
44.11,18.39,3327.7,18,2.91,40.0
37.25,56.91,1207.9,19,7.07,39.5
51.34,71.55,192.9,8,5.76,52.2
83.62,11.86,2150.3,11,2.82,56.4
93.69,87.87,1621.1,21,6.02,67.5
59.06,92.62,1661.2,18,4.38,65.0
69.53,59.54,2281.8,7,1.69,66.3
91.29,48.31,3377.7,21,1.56,64.7
18.87,71.73,3120.7,7,6.09,30.9
30.89,34.55,4692.6,9,6.08,22.5
73.8,49.39,2636.8,17,4.56,52.2
84.14,87.45,2415.6,14,4.31,72.4
87.13,91.01,1145.7,23,1.61,86.2
47.36,88.44,3801.4,10,3.71,48.8
18.04,28.62,789.8,20,7.42,25.1
49.4,25.92,2506.6,13,7.28,30.8
30.77,31.79,2164.5,14,5.65,36.0
36.21,44.72,3325.7,13,8.48,22.7
79.5,33.28,4596.3,11,7.6,32.0
16.8,38.68,4738.3,3,1.32,23.3
84.48,60.86,922.2,2,3.45,53.4
48.49,73.63,1382.9,11,1.21,62.6
63.65,71.2,4077.0,24,4.02,51.8
18.07,78.3,2639.6,6,6.62,26.0
40.36,7.9,2319.9,6,1.41,45.0
18.07,9.3,3582.1,21,7.5,8.8
96.54,76.04,3049.4,24,4.88,65.7
82.65,52.98,4856.5,18,6.39,38.5
51.37,57.03,2961.5,13,0.48,62.5
30.12,9.73,2383.3,0,0.89,20.3
94.01,27.98,2759.8,6,5.32,44.9
41.01,62.45,4061.8,24,7.14,28.4
24.49,82.33,3102.1,21,7.44,26.8
60.68,87.53,3270.5,9,5.88,48.7
94.94,50.04,4860.1,17,1.79,61.7
10.34,54.09,3130.1,12,1.74,33.9
31.43,79.97,1963.4,7,7.5,37.4
94.46,53.39,3487.5,8,1.05,68.0
25.4,51.52,3331.4,14,5.86,28.7
20.19,86.46,167.9,7,4.58,42.8
61.32,76.09,2389.9,24,3.64,58.9
87.57,86.82,3740.2,0,3.8,41.0
52.94,24.64,2545.3,2,8.04,10.3
99.51,52.19,3920.1,18,7.34,41.8
71.13,80.82,2309.3,8,7.37,47.4
16.67,15.0,4918.3,18,3.52,17.1
99.35,76.52,1535.2,14,1.0,83.5
46.71,21.47,551.4,13,8.48,32.5
35.87,77.73,2207.1,0,1.32,32.9
60.21,60.08,2754.4,2,4.43,34.4
37.39,22.39,1810.6,1,2.32,25.5
17.78,47.6,1287.2,24,4.39,36.2
10.13,66.37,3393.1,0,2.66,14.5
50.46,62.05,1947.9,17,7.63,42.0
85.32,43.45,3193.7,0,8.23,25.3
61.51,85.94,3917.5,8,3.54,49.8
99.93,51.73,3828.9,6,0.69,62.4
35.82,50.53,1939.0,12,5.67,34.5
35.24,10.6,2882.7,16,3.26,31.2
24.38,87.99,2303.3,12,8.38,35.7
24.77,20.94,4366.9,12,0.85,35.0
35.67,52.55,4405.9,9,1.1,43.7
81.36,77.32,1784.3,5,5.98,52.3
91.52,24.39,549.5,4,6.47,42.3
97.76,52.46,921.2,9,4.06,71.7
30.91,26.66,1898.3,13,2.43,44.0
89.32,73.37,2864.8,10,2.7,70.5
39.54,55.79,3318.3,4,2.94,27.6
20.16,82.04,1723.7,3,1.99,41.2
88.3,85.51,3370.7,2,7.25,37.9
67.25,63.39,4694.9,13,0.65,61.3
24.83,70.29,3294.9,12,3.52,41.5
48.68,54.43,877.0,23,6.38,46.5
35.85,39.6,2940.4,22,0.13,48.7
76.31,63.33,2755.3,4,7.48,38.2
50.81,86.75,4366.4,11,6.03,44.6
99.04,42.5,1816.5,24,0.72,70.6
14.93,33.3,2172.4,22,7.62,14.3
41.95,39.96,3033.4,9,4.19,40.1
53.37,44.19,2669.7,1,5.58,21.5
55.28,11.62,3623.2,6,7.51,19.6
38.43,49.86,297.9,6,7.5,34.2
75.63,49.49,2861.2,3,3.53,44.6
88.73,57.96,696.2,11,2.1,73.2
94.48,37.65,1644.5,23,2.26,69.0
82.46,60.18,3342.0,3,6.53,36.2
86.55,84.04,871.3,6,7.91,53.1
59.55,90.99,1613.3,19,0.71,77.7
84.33,57.53,3544.7,12,0.23,63.2
37.32,8.83,3288.9,7,7.01,15.7
45.86,92.23,546.1,13,3.35,61.3
38.52,68.53,2928.6,2,2.42,32.4
52.06,35.24,821.5,1,1.68,43.3
35.7,18.24,1336.1,9,3.01,37.9
96.55,17.91,2350.1,5,8.26,29.0
38.16,20.1,635.8,22,8.31,28.5
18.82,9.1,4968.9,6,2.88,10.6
57.41,86.19,910.3,15,8.19,52.4
15.14,53.67,3928.4,5,2.62,28.3
19.95,68.0,4166.2,15,7.28,19.5
29.75,79.53,4972.9,23,1.88,46.8
51.79,76.24,2200.4,11,7.04,37.9
48.99,84.43,4383.1,21,3.07,51.4
81.97,92.05,4791.9,14,1.74,62.7
76.55,44.52,947.2,21,7.95,44.7
48.37,90.53,2449.2,2,1.9,46.7
40.03,70.1,394.1,15,8.43,44.3
38.48,11.36,3141.5,17,1.01,38.7
79.66,66.36,2948.9,14,0.18,71.8
14.69,66.8,1100.2,22,7.41,30.2
11.15,86.53,4009.7,5,5.03,21.5
81.6,38.56,282.6,16,3.64,61.2
52.94,57.64,4050.5,1,0.79,37.4
21.78,6.1,230.6,1,4.93,13.4
31.2,34.89,3318.5,16,3.41,36.7
93.93,10.6,486.0,18,4.16,58.3
87.36,51.97,1331.0,4,5.4,48.7
73.88,78.57,3637.4,3,5.48,41.6
53.4,23.58,1474.0,17,8.17,29.0
56.83,52.47,2604.8,7,5.6,36.2
97.77,23.36,4584.7,8,2.95,53.9
96.92,15.86,343.2,23,2.87,64.4
29.37,50.99,4074.3,22,4.11,32.6
83.0,12.12,419.8,17,2.28,60.5
27.75,57.86,721.3,21,3.26,47.0
29.22,7.82,684.7,10,7.17,18.6
70.85,14.6,4971.1,15,7.32,24.0
46.45,54.5,982.9,15,5.37,37.0
93.84,58.23,4494.1,3,5.0,43.3
18.01,7.61,4955.6,20,3.69,18.6
56.04,56.6,1980.5,8,5.44,44.1
92.67,80.47,3192.1,12,6.87,60.5
91.37,70.01,3917.5,24,6.3,58.0
24.09,16.81,2024.0,19,0.4,42.3
43.0,58.32,892.9,7,6.24,42.9
65.72,65.5,2225.4,10,6.15,49.4
24.35,8.35,3882.2,20,0.93,36.4
97.12,81.98,3925.7,8,1.36,69.8
92.33,86.56,1229.6,17,6.72,64.8
25.03,81.54,957.3,19,4.8,51.3
20.9,79.22,4610.7,2,7.0,11.6
17.69,72.05,315.6,22,1.65,57.0
91.85,62.01,3700.2,17,0.36,75.8
27.43,66.08,327.5,18,1.46,60.4
47.47,77.58,4205.7,8,3.9,45.9
50.4,64.62,4536.5,23,4.5,42.0
63.91,34.5,1557.4,17,7.3,39.0
16.46,38.84,462.3,21,6.12,32.4
30.41,85.74,2455.4,15,8.42,30.4
93.83,6.54,1562.5,13,0.76,74.4
91.76,67.89,2144.0,18,1.19,74.9
80.32,90.93,3358.4,21,0.81,76.8
11.75,68.56,1128.1,14,4.62,46.3
39.43,94.45,1849.1,20,2.34,57.8
66.52,66.88,3934.6,3,5.84,33.1
34.77,8.09,3254.4,11,1.21,37.0
91.86,79.43,1698.7,6,0.97,82.2
67.05,30.62,3355.1,10,3.97,41.1
16.47,45.15,3850.0,6,3.26,23.0
91.81,33.09,3003.2,19,7.06,43.5
96.2,29.17,1273.5,2,7.14,34.4
16.99,43.83,101.2,3,1.09,38.8
57.91,39.09,4034.0,1,6.92,18.3
37.3,62.0,4130.9,19,4.84,35.5
45.36,78.18,3518.3,14,4.33,43.8
26.17,31.74,475.2,19,0.9,50.9
62.03,24.23,2967.6,11,6.31,35.0
96.22,65.02,4123.0,20,0.6,72.3
55.28,65.33,2009.4,16,2.43,57.4
17.46,86.1,1070.2,17,0.9,55.3
65.8,6.44,2979.4,7,4.56,34.1
40.62,81.77,4148.9,23,5.52,38.5
87.03,51.89,339.5,7,7.58,51.1
49.12,60.92,3025.1,4,6.26,32.2
27.36,13.22,3251.6,23,8.17,13.0
27.2,43.94,3051.6,8,6.49,26.0
79.19,25.46,3285.2,19,2.6,50.7
33.9,27.88,3193.7,19,4.7,34.8
79.05,50.37,739.0,22,3.95,60.0
28.53,78.12,1251.2,4,4.85,36.0
38.95,71.94,3133.1,9,4.91,40.6
51.89,58.19,186.7,0,6.0,31.9
94.89,53.55,3210.2,23,0.8,72.9
93.86,43.46,3360.4,3,6.37,31.5
28.62,92.54,1272.0,23,1.31,61.4
42.24,55.42,3030.9,15,0.32,56.7
23.45,27.86,2717.0,17,4.46,26.7
55.9,25.71,1377.4,11,4.98,41.8
51.45,60.02,2368.6,19,0.39,62.7
91.07,52.05,4557.2,14,4.43,48.2
93.7,5.69,2190.4,17,4.59,50.2
44.52,79.71,3186.2,4,0.54,52.7
54.26,68.37,273.2,13,6.08,53.8
90.66,64.56,481.2,23,1.87,83.7
82.6,11.19,498.4,6,6.77,43.2
10.33,37.59,3913.4,10,2.71,27.7
38.81,89.18,1816.3,14,4.11,53.2
47.96,82.63,1215.3,20,7.59,51.3
30.67,30.7,3761.9,10,6.87,17.3
27.96,19.14,932.8,6,6.67,21.7
13.4,45.42,1307.8,20,1.45,44.5
67.9,37.02,2211.6,22,0.5,63.6
33.63,66.4,1724.0,19,5.19,50.1
14.71,91.98,2968.4,19,3.55,44.6
30.79,37.67,1755.4,3,7.74,12.6
82.17,10.6,2025.5,23,3.04,53.2
86.63,85.79,4328.1,0,3.55,38.1
53.48,8.42,4434.2,20,4.52,26.7
47.45,90.75,4155.8,1,6.79,26.5
98.01,64.81,4337.7,3,2.35,54.4
28.05,89.75,2891.7,4,8.01,26.3
29.38,22.97,3266.5,23,4.64,29.8
36.27,8.66,2830.1,1,7.16,5.0
25.55,48.94,3949.4,1,4.52,17.8
44.14,45.56,2799.9,17,6.58,27.3
91.98,34.83,644.3,23,0.53,77.5
65.38,91.19,4066.9,13,6.81,39.4
47.08,79.03,3826.9,2,4.5,25.0
94.1,64.54,4119.5,20,3.88,61.8
14.36,19.66,1033.1,17,1.04,40.1
28.92,71.09,1430.9,21,6.33,43.8
60.93,70.43,1549.2,9,1.2,62.0
65.4,43.26,2589.6,5,1.72,49.6
13.56,88.23,756.0,1,1.16,38.6
46.27,20.03,1988.4,19,0.16,51.7
68.42,29.06,992.6,10,5.66,52.1
72.83,10.69,1397.3,17,2.38,59.6
67.43,76.59,3561.3,13,1.36,65.3
38.85,60.96,4288.6,19,2.79,37.1
18.42,33.34,212.2,12,4.29,35.3
48.44,19.74,2872.9,6,4.33,30.7
21.59,8.61,276.7,20,3.18,35.0
95.29,20.01,517.7,19,4.26,63.4
52.77,45.8,3554.9,9,3.69,47.8
38.55,27.25,3704.5,18,7.01,18.0
78.97,28.31,4088.5,12,0.35,54.5
54.82,83.8,2423.8,21,7.39,41.0
37.9,51.36,4313.1,1,2.15,23.1
83.08,70.63,917.5,19,6.16,61.7
88.04,8.21,1323.6,11,3.5,55.4
70.57,37.86,759.1,7,2.57,62.3
14.23,48.13,4007.9,17,5.27,23.7
60.97,21.78,1220.5,24,6.56,38.8
78.7,15.82,862.0,1,3.88,37.1
22.29,83.33,3153.2,15,4.02,42.2
30.58,89.55,477.7,7,0.59,66.4
89.42,12.09,320.0,15,7.86,43.5
11.81,36.41,622.9,7,7.21,19.4
77.75,91.25,101.2,22,3.44,78.0
52.64,12.48,3515.3,12,6.53,23.1
50.21,62.93,2855.0,5,2.73,46.4
10.64,92.5,1128.4,0,6.24,20.7
83.75,93.04,1241.7,1,4.44,54.6
42.38,47.41,4073.7,6,3.97,34.4
58.67,19.65,2558.9,12,0.57,49.0
70.96,23.19,3522.8,3,8.21,20.6
73.24,85.06,2318.5,8,7.13,46.1
96.04,87.05,1264.8,18,6.76,71.0
57.82,59.71,4855.0,19,2.66,47.0
45.97,73.96,2871.7,2,2.53,37.7
95.83,71.59,741.8,22,4.91,66.9
67.79,64.56,2089.8,1,7.21,27.0
36.83,79.45,1713.8,15,7.95,37.6
21.38,66.69,1149.0,9,2.36,51.9
85.83,53.06,4673.9,11,5.2,50.7
42.6,26.33,4416.5,17,6.18,22.4
69.44,71.95,1075.8,1,2.0,54.4
52.37,47.61,1825.5,13,3.52,51.7
27.9,31.53,3835.3,11,1.67,35.5
64.15,77.18,1121.7,19,5.97,55.8
15.46,67.7,2998.7,23,7.36,24.3
47.2,89.36,3529.0,23,7.47,40.5
59.2,19.89,3304.5,23,5.73,29.7
49.24,63.43,3561.4,7,3.02,44.3
77.38,26.98,3562.8,22,5.65,40.9
84.51,86.32,4827.5,21,7.36,42.9
79.41,13.95,1797.8,6,5.36,40.7
13.49,64.05,4405.1,12,3.57,29.0
27.47,76.2,206.9,14,7.83,42.0
58.29,36.94,1512.2,13,7.12,42.8
94.13,90.87,338.4,4,7.51,56.4
85.15,81.57,3290.9,7,7.69,49.9
85.83,31.52,593.9,17,3.41,64.2
37.29,5.68,4244.0,4,7.32,5.0
48.65,31.7,3268.3,22,4.89,34.8
52.36,30.32,241.2,8,0.42,67.4
24.16,85.1,3602.4,9,5.44,35.8
12.8,92.04,4324.0,16,4.05,39.9
95.22,11.34,3339.5,24,2.41,54.0
31.66,47.42,249.6,2,8.25,13.8
31.6,54.35,4303.8,0,0.56,25.0
17.5,13.36,3689.1,6,8.05,5.0
93.57,38.97,1954.4,14,1.44,68.7
62.18,33.54,1710.3,18,3.27,50.8
70.03,53.25,2451.1,7,3.6,58.4
92.04,64.51,4348.8,10,6.24,53.9
41.11,68.31,1335.1,1,1.91,42.2
65.94,17.31,594.7,19,8.38,39.3
13.49,78.17,4336.7,1,6.39,5.9
26.81,66.07,228.8,10,6.74,37.1
84.81,85.02,4563.9,19,0.99,70.8
79.01,45.44,1598.2,16,4.1,59.4
41.56,85.45,2590.3,9,8.04,34.6
43.91,82.92,748.2,4,2.37,52.1
58.02,44.46,4521.0,2,1.32,36.5
10.02,39.3,3774.2,8,4.18,18.6
31.71,88.95,4628.4,19,7.92,28.8
28.74,69.36,3447.8,21,4.19,38.0
32.54,88.54,1005.0,24,3.5,58.9
82.53,76.73,1610.5,1,5.56,47.6
35.17,59.84,2485.6,22,7.97,26.8
27.24,15.43,3075.6,18,0.51,35.9
55.38,31.23,4639.7,16,1.39,48.2
87.91,92.2,1981.4,24,1.22,81.5
31.72,33.75,3545.1,24,0.82,43.5
17.07,13.39,4808.9,11,2.64,23.6
42.08,68.68,846.6,19,2.03,58.5
77.29,71.06,4327.3,8,4.71,53.7
59.56,30.69,2161.5,22,2.85,51.8
83.51,31.79,3688.9,3,3.5,42.1
96.36,47.2,1538.3,17,8.01,55.7
81.34,6.96,1736.5,15,1.41,58.5
64.34,76.04,233.0,20,3.36,71.1
54.4,33.54,4859.9,23,2.26,40.2
13.61,81.84,4085.9,9,4.71,32.8
98.59,77.24,560.2,21,6.29,66.2
44.51,64.53,4997.6,11,6.96,26.7
23.7,34.24,3064.6,10,4.43,23.7
70.0,51.47,4283.3,4,7.28,24.3
35.59,45.03,426.6,19,6.69,42.5
62.72,35.5,2008.3,10,1.42,60.2
62.81,81.33,3381.3,15,2.16,61.6
50.12,48.52,621.5,14,5.74,46.5
85.25,79.95,2495.6,5,8.29,41.7
33.85,14.47,2269.1,12,3.26,32.2
50.38,17.69,1158.6,15,2.03,52.8
58.39,92.96,1571.3,2,7.4,31.9
69.73,57.9,4838.9,17,1.78,48.6
80.56,50.88,1514.4,0,5.96,36.7
45.53,52.08,1145.8,24,0.39,63.6
68.14,24.37,2727.4,16,0.26,58.3
23.55,69.68,3387.7,19,3.89,39.1
93.94,12.63,3653.0,5,5.61,40.3
44.48,56.6,3795.8,8,1.3,50.2
75.66,56.37,280.5,3,6.52,45.0
11.83,87.28,2029.4,6,1.18,54.9
28.47,52.36,3892.4,22,4.58,31.3
53.84,17.34,4533.8,21,2.69,40.8
89.04,56.55,3050.8,24,6.42,44.3
57.45,13.22,356.3,10,6.85,34.5
93.69,23.34,2043.6,22,0.66,66.2
53.54,7.8,463.7,2,1.72,39.6
54.14,51.2,3767.8,15,7.6,35.4
20.78,12.61,411.2,5,3.59,26.9
82.24,47.25,1010.1,6,4.1,60.1
32.23,88.97,2143.1,11,1.51,66.4
90.97,69.78,2367.0,6,8.46,49.9
91.97,11.97,2091.8,21,7.85,38.1
94.9,25.18,2370.6,18,0.12,72.2
56.82,65.63,3594.9,21,4.73,46.4
70.94,85.52,1909.4,15,7.43,50.6
80.07,7.96,2784.0,17,3.72,47.2
21.79,78.12,1586.5,9,3.77,46.2
64.09,55.56,1832.8,0,3.29,37.9
13.09,54.15,3107.6,7,0.34,37.9
54.78,91.2,2503.4,2,6.74,28.1
23.94,72.29,3642.9,15,3.94,37.2
26.46,81.51,2846.6,23,4.56,43.2
42.85,36.86,4037.5,2,2.25,21.8
48.92,54.89,2272.7,1,6.69,22.4
66.09,60.39,2506.1,11,6.77,44.6
16.7,33.94,3382.9,7,4.74,23.6
55.33,56.32,1184.1,18,7.7,44.6
26.44,26.3,1991.1,23,1.07,48.1
61.66,17.9,3161.7,17,6.71,31.7
67.37,38.66,241.5,19,4.79,54.6
60.1,71.54,2241.2,24,2.04,63.4
76.45,87.46,3034.4,14,1.21,79.2
40.2,46.19,4840.1,16,2.63,40.0
78.86,62.85,4397.4,17,7.29,40.4
48.95,14.27,1475.6,17,6.72,30.8
53.58,86.4,2585.3,8,5.52,48.9
68.33,56.17,376.4,4,0.86,59.9
11.65,75.23,1279.7,10,8.12,34.5
68.86,76.5,3896.8,3,2.67,47.2
65.67,28.08,704.2,9,5.2,45.2
37.89,52.63,1362.7,3,6.85,24.1
17.72,91.44,4725.8,22,1.22,49.7
18.18,13.07,4136.9,2,5.58,5.0
93.09,66.47,3931.0,24,0.37,69.7
72.04,91.6,4336.3,15,0.96,68.5
21.44,32.05,3773.1,20,6.17,20.8
42.11,82.53,690.9,10,1.4,66.4
63.32,89.03,2631.2,8,3.83,58.7
85.2,72.24,2276.8,0,2.19,52.5
13.93,25.82,1624.6,9,3.64,28.7
31.3,35.06,4186.8,11,0.75,38.7
90.08,8.22,2374.3,23,6.44,41.2
10.82,79.83,395.5,1,0.76,44.2
28.13,81.47,1447.3,14,7.14,38.2
96.31,61.94,1220.2,23,5.67,66.2
65.21,36.73,4448.6,19,3.6,45.1
33.55,11.91,3272.4,15,7.38,14.3
16.03,72.78,2845.8,1,1.66,38.8
12.54,70.39,2582.6,12,2.32,47.8
32.03,87.13,3285.6,17,1.25,56.3
89.33,70.75,3798.9,21,3.31,61.6
47.43,79.58,2816.5,18,8.39,34.2
74.83,72.14,4697.6,10,1.45,65.3
92.65,61.76,4886.5,13,7.08,44.2
46.72,43.43,4977.2,2,5.58,8.5
27.21,86.19,3380.0,8,0.23,51.6
56.54,63.59,4669.8,4,8.04,19.2
91.73,40.85,2082.0,13,8.26,45.5
82.39,12.51,4312.0,6,7.87,19.4
15.92,31.16,4555.0,11,4.31,15.5
72.33,53.94,4530.3,20,1.95,48.0
61.47,29.81,4171.1,17,3.39,38.2
91.67,24.91,2092.3,10,5.26,50.4
21.02,52.47,878.6,23,3.28,47.5
58.06,20.28,1736.4,8,6.05,36.9
89.15,77.04,3859.7,10,6.78,54.5
46.9,48.59,1241.1,17,1.86,58.9
53.38,56.65,2443.5,1,3.5,34.9
16.34,18.26,2870.5,19,8.15,13.2
35.03,34.21,3058.9,12,2.2,36.7
39.21,41.91,4685.1,14,3.01,33.3
95.06,77.74,3341.3,7,0.4,82.6
35.44,74.31,3952.9,4,2.89,29.3
51.48,25.07,2951.2,4,3.22,30.3
70.42,60.46,4184.5,6,0.94,56.2
24.6,26.91,1392.0,11,0.11,43.7
53.78,93.94,1128.4,19,4.93,58.3
76.47,90.69,4639.0,11,2.63,67.7
88.02,55.69,3498.1,8,0.25,70.4
66.36,67.9,3390.5,3,7.32,26.8
70.21,77.13,2389.7,7,5.01,54.9
21.37,69.89,1945.8,18,1.54,50.1
95.12,67.98,2822.9,21,7.37,58.3
21.93,91.27,690.8,0,2.23,37.0
79.72,58.68,2328.1,22,2.01,64.7
33.83,62.27,2331.3,10,7.61,27.0
94.02,81.43,2737.8,22,1.61,75.8
74.8,65.29,3210.0,12,7.48,42.9
77.84,70.96,4790.9,17,6.84,45.5
29.72,26.08,3295.6,20,2.7,31.2
49.87,38.41,4430.3,19,0.39,49.4
65.6,18.26,2825.9,9,0.79,53.7
79.3,50.52,3171.9,12,1.02,58.4
19.36,46.02,442.2,24,7.58,27.8
96.61,94.74,753.0,11,3.49,80.0
90.12,60.01,2940.4,12,0.37,78.5
34.33,75.78,2039.0,1,4.78,30.2
84.05,35.06,4014.2,2,1.85,41.1
56.65,79.84,2761.6,16,2.08,48.6
51.56,60.36,4423.2,20,1.45,44.6
38.3,67.73,4864.4,18,6.5,30.3
62.29,31.5,823.4,11,0.11,68.4
75.69,54.38,2034.7,15,3.79,56.5
46.98,62.06,3358.4,19,0.83,55.7
66.63,58.02,1596.9,19,4.74,54.7
72.94,87.37,1408.5,21,3.01,71.7
74.0,85.84,4087.3,9,0.34,68.7
14.68,92.39,4903.9,22,3.97,37.2
87.38,65.07,3891.6,22,4.89,57.5
51.24,92.47,2666.0,14,2.18,59.9
33.62,79.92,2268.3,7,6.53,33.7
31.76,29.37,2744.3,18,3.22,33.8
53.47,43.47,2367.9,4,6.39,27.9
89.81,26.46,2564.2,11,4.96,51.5
44.05,5.38,1096.9,9,7.4,28.8
77.48,21.92,4528.3,21,4.69,41.0
18.71,5.37,3797.2,13,1.66,28.0
52.85,69.79,3436.8,21,7.01,38.3
99.25,43.3,4754.6,11,6.68,48.1
79.34,33.13,1493.5,23,8.27,41.2
28.95,73.55,497.7,12,0.89,65.2
55.13,79.92,4148.1,20,5.07,45.9
31.03,92.78,4992.2,20,4.23,38.8
46.86,62.78,2934.3,16,5.74,39.8
80.21,46.54,388.2,0,8.33,33.0
79.41,32.47,3924.3,21,4.57,43.9
30.53,25.01,461.4,9,5.86,33.5
93.0,24.16,2746.1,4,3.02,44.8
63.33,41.83,1459.9,10,2.61,58.9
44.19,94.26,4583.6,9,2.92,49.0
55.17,5.08,2311.5,5,0.42,43.3
64.46,22.75,4502.5,14,2.49,42.0
60.39,21.96,1565.5,8,1.55,53.6
53.78,69.54,1998.1,7,3.94,47.7
55.44,36.72,4740.9,22,3.97,32.6
25.88,46.15,1086.4,22,6.53,30.8
83.15,18.38,2934.7,5,4.32,36.3
58.76,41.45,2003.7,5,3.99,42.8
21.8,14.29,3893.4,16,2.05,34.9
78.95,52.97,733.6,11,7.26,51.0
93.92,13.81,2242.4,6,0.86,58.2
95.26,76.15,3524.8,4,8.35,37.3
43.21,55.99,2094.4,15,4.1,49.0
22.2,70.16,386.8,22,1.66,59.2
56.66,42.67,3555.1,5,3.08,38.0
20.13,39.33,2565.7,7,0.23,39.7
94.06,13.84,155.4,2,1.5,52.6
26.52,52.15,3102.0,7,2.92,37.7
32.75,51.31,4607.4,6,4.76,24.9
46.6,47.13,644.0,16,1.19,61.3
44.48,71.65,2994.3,18,5.78,43.3
81.52,79.93,3670.5,19,7.19,45.0
51.07,72.57,446.8,13,4.91,58.0
25.37,17.95,210.8,24,2.59,44.2
34.05,60.99,2374.6,5,1.12,43.4
55.82,12.23,3976.8,6,0.23,39.1
23.27,67.52,887.5,4,6.25,31.7
65.05,39.37,4199.5,18,5.38,33.6
60.92,16.92,3317.2,20,4.1,45.3
74.32,82.58,1727.6,6,0.96,73.1
94.39,60.26,2627.5,8,1.84,71.0
92.1,36.93,4831.3,11,6.95,37.1
95.15,7.77,1160.5,24,4.13,58.5
32.02,53.36,2547.7,14,8.19,24.5
21.84,88.09,3160.0,14,8.5,26.2
37.2,58.67,776.3,23,6.83,45.1
90.56,92.45,313.3,20,2.27,84.2
97.48,17.28,166.0,15,2.04,71.0
87.34,56.15,1691.0,22,2.23,67.8
19.9,76.83,462.3,19,8.39,35.7
95.27,52.3,4038.5,14,2.92,61.8
48.1,13.2,4986.9,4,6.03,14.1
10.84,57.46,400.4,11,8.16,25.2
49.82,60.06,2220.4,3,6.98,22.3
14.15,70.58,226.1,2,5.12,28.0
58.95,73.51,756.6,0,1.52,48.8
40.47,74.37,1682.3,12,1.57,60.5
52.61,64.71,2029.1,4,4.24,43.2
65.19,24.42,4704.9,11,8.1,28.6
88.19,41.38,2039.6,1,7.7,27.3
69.57,74.85,2531.8,5,1.5,53.6
49.06,90.81,1303.4,4,2.52,55.1
83.75,12.11,100.6,17,5.05,55.3
91.5,53.2,4506.7,23,4.11,50.0
20.78,33.13,500.4,4,1.1,40.4
57.87,25.29,4824.8,17,3.2,36.5
35.61,50.52,741.1,15,8.12,34.5
14.24,59.55,3063.9,16,8.09,21.7
70.17,5.88,4997.1,1,4.8,11.5
87.65,75.22,778.5,16,5.44,69.0
24.66,78.79,2177.3,9,1.96,47.3
83.12,91.9,3924.1,2,6.33,36.3
86.81,21.26,257.7,13,0.54,71.7
92.29,58.51,3479.9,18,1.95,63.2
33.88,43.4,493.8,11,0.15,60.2
91.36,35.13,1258.9,0,3.34,43.0
38.86,55.91,884.4,6,7.24,32.3
59.71,75.41,4545.9,6,8.35,30.0
14.55,7.07,984.2,12,5.71,23.2
13.95,92.25,298.1,8,6.36,41.3
74.83,77.89,2979.4,4,2.31,53.9
50.0,72.6,1796.3,3,4.47,42.6
33.07,73.43,2088.0,4,6.29,30.2
27.14,40.02,683.4,23,4.28,45.4
70.3,72.65,3766.3,23,0.84,67.3
10.04,39.81,3047.6,19,6.32,18.0
82.53,85.88,1884.7,11,1.94,80.3
17.13,20.95,940.7,7,0.92,46.3
27.23,31.31,3007.9,12,4.12,25.6
44.76,54.62,3915.1,3,0.73,38.7
53.64,33.73,1630.7,19,5.39,40.2
41.95,43.18,226.7,10,5.48,44.6
38.86,49.32,1150.3,14,2.26,51.0
96.75,82.07,3443.7,23,8.2,49.1
67.74,52.09,4946.6,13,7.03,35.1
12.11,37.62,165.5,17,1.02,45.9
48.72,27.3,1600.2,19,6.39,35.4
88.75,41.78,403.9,0,3.07,45.1
37.13,51.42,1650.1,0,6.4,20.6
18.51,72.15,2089.0,10,6.83,32.4
78.25,15.89,4612.2,23,1.37,50.3
64.54,24.94,494.7,19,5.66,47.6
61.33,39.17,3908.0,5,7.35,21.7
14.82,37.44,2038.1,4,2.82,26.7
22.64,40.26,4075.2,12,0.77,43.5
66.03,76.42,2615.7,9,0.33,67.9
28.7,34.17,292.5,5,1.02,38.7
55.37,50.17,4736.4,3,0.14,37.6
59.04,61.15,505.4,3,2.85,47.8
35.52,25.9,3028.6,6,2.61,35.5
95.36,69.68,4400.6,15,1.03,69.1
85.82,54.24,490.9,0,5.57,44.6
75.01,45.21,2814.1,8,8.43,36.9
17.02,77.88,4139.0,18,7.67,22.1
19.55,26.91,4933.0,19,2.22,26.5
54.35,84.49,3649.2,14,6.57,47.0
24.46,55.49,1463.8,8,7.97,29.2
98.04,59.83,3527.9,20,7.71,51.5
24.27,83.76,3558.3,19,7.53,32.0
53.87,78.58,3529.8,21,6.71,40.4
42.77,59.14,4285.9,0,2.56,23.4
67.54,72.79,528.2,0,0.8,55.8
21.61,44.0,631.3,15,4.2,45.2
48.73,54.26,3239.0,4,0.56,42.9
34.72,10.59,4774.0,20,8.49,5.0
89.9,13.09,2382.6,8,3.11,53.5
13.65,79.65,4806.8,0,8.15,5.0
92.24,10.37,4696.6,18,6.59,31.2
84.97,20.25,4524.3,15,3.55,47.7
36.78,76.62,4558.3,2,1.09,36.9
81.04,5.1,4501.8,3,2.09,30.5
12.81,30.42,4117.5,11,5.75,17.9
97.02,57.56,3505.4,6,7.07,50.8
57.39,58.59,219.6,14,8.33,45.7
37.3,74.94,748.0,22,1.21,68.8
42.63,50.53,757.7,14,1.41,62.1
15.98,50.85,215.3,4,0.46,45.0
99.04,70.28,671.8,24,2.29,82.1
13.54,49.88,4606.8,22,7.0,15.9
68.94,59.76,3352.6,1,1.77,39.7
49.85,85.8,1629.2,11,4.7,48.1
95.4,41.13,3987.5,18,3.85,51.7
32.14,39.66,2493.0,22,2.84,34.8
57.89,5.32,796.4,4,5.29,27.6
53.41,60.21,4434.1,22,4.32,35.8
73.26,7.68,1759.4,24,2.91,53.0
16.12,50.37,3524.4,24,5.89,20.0
27.44,77.38,1523.9,2,2.45,40.9
29.31,54.49,2550.3,23,5.5,36.7
76.43,29.27,4099.6,5,8.14,23.8
27.02,75.76,868.2,12,6.22,37.5
61.61,29.27,4888.5,19,3.61,40.0
29.37,70.97,444.1,14,6.38,45.2
87.55,59.92,2716.6,3,6.9,40.5
94.8,20.3,4588.5,19,2.84,55.5
56.66,86.46,4733.9,6,6.02,38.8
41.71,23.06,1237.3,21,3.75,38.7
31.07,94.06,805.5,17,6.98,48.7
14.48,5.66,3649.6,20,2.58,18.3
34.17,28.71,305.7,20,7.98,29.8
68.88,22.99,2477.7,21,4.93,41.2
58.03,6.26,4002.1,6,3.07,30.2
94.96,70.91,2845.2,11,3.62,62.4
45.66,67.41,1021.3,10,3.02,54.0
72.45,76.31,2486.5,23,1.33,68.5
54.04,28.1,4614.2,11,0.68,44.5
56.13,44.99,3124.3,14,2.8,47.3
34.1,64.32,3635.3,7,3.95,41.5
50.95,44.58,1747.7,10,3.14,52.3
52.37,67.76,1023.6,20,0.22,71.6
73.6,62.06,1352.6,17,4.96,57.3
94.66,15.32,2712.6,9,1.32,57.3
39.64,75.29,1473.1,7,1.87,57.7
13.8,69.86,2755.6,5,1.11,45.3
54.67,64.03,3568.2,2,4.47,30.9
59.0,18.96,3698.5,19,0.9,50.8
25.16,29.12,907.0,11,2.25,48.3
78.44,40.39,3777.1,16,3.89,50.5
98.64,30.19,3396.2,2,1.51,48.9
95.12,25.5,158.8,19,3.85,62.6
27.74,77.48,388.5,17,2.98,56.5
88.78,62.44,3266.6,11,7.33,46.9
73.4,55.89,1980.1,21,6.78,49.0
50.85,25.34,815.9,23,8.44,27.1
58.65,87.63,317.5,15,4.54,63.7
86.46,22.21,881.1,21,4.93,56.2
53.21,76.55,4791.8,9,8.05,28.3
43.59,92.0,3665.1,18,3.46,48.8
54.39,70.44,2685.8,8,4.77,46.8
62.12,94.36,4713.5,13,3.28,54.2
27.02,63.59,3133.6,19,4.69,29.3
91.08,24.57,3655.7,13,0.78,58.4
70.68,23.34,1485.0,21,6.68,44.1
66.99,34.21,2986.0,3,8.38,19.2
18.95,5.64,803.0,14,0.65,43.8
64.38,66.35,2082.0,19,6.83,41.4
20.89,29.18,262.9,1,2.13,27.4
17.08,78.37,1161.5,17,1.76,54.4
57.46,37.33,466.9,1,5.92,30.7
46.25,48.2,2000.1,17,0.47,61.9
62.99,91.91,4230.9,7,3.99,54.5
18.03,26.8,1951.9,9,0.11,43.1
48.79,69.91,4175.0,19,4.76,39.5
25.73,72.96,3316.8,3,3.98,31.8
98.84,24.89,2596.7,9,7.79,42.1
60.5,50.09,1260.8,9,6.15,43.9
71.87,36.52,4618.6,2,1.16,36.1
39.29,74.47,365.6,20,3.08,64.2
18.53,61.02,3475.7,3,7.93,5.0
97.83,47.84,3144.1,22,6.19,50.7
35.76,75.14,2261.1,9,5.09,41.8
48.14,26.16,1277.6,6,4.8,39.4
68.49,72.83,2210.4,21,3.44,62.1
12.22,82.88,4376.6,22,5.02,32.7
82.92,84.08,4200.2,11,6.58,54.9
58.29,75.53,4712.8,6,1.17,46.8
35.04,41.72,1608.2,12,8.25,25.1
15.54,93.36,1996.8,7,2.11,49.6
24.62,39.16,191.8,12,3.86,44.3
90.55,62.48,4720.5,0,0.29,48.9
71.74,19.5,1714.0,15,4.72,45.1
32.49,93.24,2080.4,18,3.31,52.7
15.9,68.36,4548.2,18,2.2,39.6
72.16,72.8,2680.3,20,8.38,45.0
61.52,10.92,2874.3,12,3.7,40.8
46.41,73.71,963.5,6,3.58,46.8
42.73,74.73,2543.4,14,3.99,53.1
29.51,65.46,4599.2,5,1.08,37.6
70.27,31.27,2837.7,3,3.4,36.2
97.36,49.07,1350.1,21,2.93,68.2
25.81,14.94,252.8,22,4.01,35.8
63.74,47.44,1747.9,19,7.3,39.0
48.18,26.94,2905.7,10,1.72,40.0
50.2,36.42,308.8,23,5.21,44.8
32.87,19.63,3088.0,20,0.42,37.8
84.26,25.7,2664.7,18,2.76,55.4
53.67,11.89,3938.8,1,4.07,10.8
58.91,87.79,241.6,16,0.72,81.3
37.43,52.74,3926.2,14,4.67,29.2
26.36,40.71,2652.3,19,2.71,42.9
17.73,53.15,1915.6,17,8.44,24.8
74.27,61.55,4830.4,11,5.4,40.0
27.66,87.97,884.6,2,2.15,45.3
72.11,21.08,2752.5,16,0.96,53.6
45.13,31.6,1672.8,13,0.44,57.2
47.42,92.82,2684.7,5,0.86,63.9
52.23,38.41,2806.1,3,5.81,27.4
43.09,7.03,538.3,20,7.28,27.1
19.06,18.29,3339.6,7,1.42,30.8
37.87,7.37,3209.0,19,3.48,34.7
69.74,94.09,3870.4,21,3.08,63.3
69.92,30.1,544.2,2,5.51,38.6
35.76,88.12,1556.6,7,1.63,62.1
51.41,94.63,3285.5,12,8.11,40.4
27.41,58.99,770.0,18,6.22,39.3
28.93,7.99,3420.2,14,8.12,6.4
12.07,12.34,389.2,22,2.43,35.0
90.71,48.34,1741.2,6,5.04,51.5
28.96,41.56,4248.9,2,6.25,5.6
30.48,59.56,3894.0,18,6.07,29.0
35.16,44.5,3259.3,9,0.28,49.1
21.47,89.07,4365.2,15,8.49,23.3
67.53,53.13,3575.4,13,7.9,37.0
16.76,67.44,2644.9,7,1.11,44.5
22.08,85.68,4900.6,10,4.67,35.4
68.03,18.22,3504.8,18,2.74,48.2
40.57,25.68,3046.7,1,7.48,6.0
73.72,14.66,2103.5,4,5.96,28.6
60.17,17.57,4521.8,10,1.98,43.3
33.04,51.13,1549.0,6,0.38,53.3
68.57,33.91,145.2,7,2.55,62.3
20.46,43.09,1064.0,16,0.42,56.8
58.28,93.42,636.6,11,1.29,78.8
49.34,19.1,1663.1,17,5.44,41.1
34.11,53.67,4146.8,6,6.36,21.1
64.36,13.9,3292.5,8,4.03,37.4
88.42,33.66,928.0,18,5.14,61.1
99.9,52.48,3965.2,13,1.41,64.3
64.7,90.2,2570.7,23,2.76,70.9
46.42,40.21,2612.3,18,6.09,38.4
30.27,10.84,1874.3,19,3.17,35.0
33.14,39.93,4336.6,17,3.03,37.2
53.15,18.12,1659.8,24,1.73,52.4
43.05,25.7,561.3,14,5.1,37.5
92.24,60.63,1583.4,20,6.9,54.5
43.15,11.07,3605.2,20,4.04,30.2
43.61,46.83,3322.2,3,1.07,37.9
44.52,59.85,1021.3,12,7.14,45.4
85.3,42.97,647.7,4,0.7,66.5
68.57,6.72,3338.2,11,4.06,34.3
65.28,93.7,3414.2,16,2.29,63.0
40.07,38.04,1894.1,9,7.97,30.3
83.61,75.07,4229.7,11,6.3,43.6
13.45,34.31,4893.2,5,4.86,5.0
88.37,47.75,1107.7,19,5.71,57.3
56.15,39.96,2927.6,19,4.57,44.7
45.84,35.83,126.2,11,1.34,59.2
54.75,6.97,3594.0,12,6.06,26.7
70.07,37.4,2130.0,20,4.24,50.5
11.15,85.05,1047.0,16,5.43,41.6
88.44,67.14,3785.9,19,0.48,69.0
50.21,18.09,4072.2,9,1.29,43.8
40.87,58.2,644.7,18,5.05,44.8
22.44,85.3,300.9,4,3.96,43.4
49.55,68.0,1737.0,4,2.01,53.8
54.67,18.38,3167.4,7,2.12,38.8
46.33,83.1,3987.8,16,5.41,37.5
71.08,32.14,2775.7,2,0.6,38.4
47.88,45.87,2945.7,20,3.75,45.3
96.53,52.35,4019.3,15,4.49,57.3
63.93,81.55,2691.3,18,2.69,61.6
82.67,88.84,3094.7,5,6.99,43.0
19.84,88.67,2629.5,9,0.58,56.1
45.76,5.72,4414.2,15,7.37,17.5
40.32,87.97,1254.0,12,6.18,45.7
61.25,9.89,1393.6,2,3.85,33.0
87.5,28.92,727.0,21,7.87,42.3
17.05,51.35,4115.4,7,6.0,15.4
16.53,48.19,2117.7,19,7.92,22.0
86.53,59.42,1804.7,7,4.07,64.0
29.16,48.15,4908.6,6,3.9,28.4
70.19,89.09,4641.3,10,4.56,55.3
58.86,26.65,4862.7,19,0.65,50.2
84.96,29.66,797.3,2,7.73,32.4
21.26,87.87,4467.1,20,5.71,29.7
21.68,11.91,1710.7,20,5.29,28.8
60.11,59.86,162.0,6,7.88,46.9
95.17,66.36,2017.4,10,8.45,55.1
47.35,50.5,2595.1,16,1.47,55.5
39.42,67.48,630.3,24,6.39,50.0
64.6,20.55,2734.6,17,4.97,40.4
93.74,81.74,4115.4,24,3.97,62.8
85.32,17.6,1950.5,8,8.31,39.5
99.59,41.07,1828.0,12,7.24,53.9
12.03,11.77,1760.2,14,5.95,21.9
20.16,54.07,4623.2,18,3.31,30.1
64.85,65.28,338.9,14,5.69,60.5
83.85,89.71,2280.9,6,4.57,64.2
35.67,71.54,1396.5,2,2.19,42.7
31.53,53.7,4479.7,23,3.88,30.7
80.83,88.94,570.7,7,1.88,82.9
15.07,48.06,2116.1,12,4.3,30.1
43.24,55.51,2093.4,15,6.15,36.2
55.52,58.65,4453.1,2,0.41,40.4
60.43,41.9,1155.9,20,6.53,36.6
75.58,80.46,3260.0,22,0.27,77.2
41.94,21.67,758.6,0,4.45,21.5
65.14,54.94,4774.5,2,4.92,29.8
62.68,70.0,3005.8,15,6.49,50.1
59.29,86.36,3168.7,0,6.49,26.5
67.64,84.55,2225.5,17,3.61,67.3
33.35,50.79,1777.2,13,0.66,51.8
17.62,62.88,1142.1,6,5.93,32.9
20.73,40.48,3059.5,22,4.39,28.3
30.21,47.14,4777.4,2,2.9,20.2
55.02,86.56,1863.0,21,2.07,68.8
85.64,88.76,4427.5,15,1.11,70.1
73.12,85.59,829.0,5,2.58,68.8
81.01,17.45,4687.0,17,3.95,43.0
41.59,81.51,1817.4,24,4.11,53.8
46.42,90.35,1960.7,12,5.0,61.1
45.43,37.51,2367.9,23,3.14,44.4
27.27,51.68,3619.4,1,7.83,8.1
15.51,75.12,3626.3,11,4.27,38.2
63.18,55.59,2450.0,3,3.66,35.3
99.03,94.41,2663.4,8,0.5,90.3
25.01,46.01,247.1,19,5.13,44.5
14.2,69.25,1591.1,22,5.16,38.2
80.16,76.33,1795.5,4,5.0,53.6
32.73,49.47,2837.8,9,7.56,27.5
84.67,82.13,2835.7,5,6.51,52.7
73.35,54.15,3578.5,0,7.39,17.8
95.11,42.05,3613.4,19,0.6,72.0
46.8,14.7,1252.5,4,2.77,32.1
69.58,40.41,3873.9,5,2.78,36.5
51.84,71.05,196.1,21,5.62,57.2
66.75,87.92,3609.2,20,3.87,61.1
50.46,27.65,600.1,18,6.63,38.4
26.98,36.97,3675.3,10,3.33,25.5
55.71,18.86,2682.9,14,1.96,42.1
57.57,67.17,2242.5,1,2.54,42.9
82.95,91.42,3484.3,14,1.63,72.2
76.2,62.69,278.2,6,1.76,73.9
69.74,60.54,1195.0,16,1.92,68.3
20.2,54.81,3120.6,11,0.24,45.2
74.86,12.96,4251.4,11,6.12,32.0
55.03,70.66,1967.4,4,3.46,50.0
90.47,59.18,1367.9,19,0.29,84.0
92.79,64.53,2641.8,6,3.21,61.5
14.96,85.89,3149.3,1,7.71,9.8
83.86,75.56,2158.5,12,4.39,66.6
13.39,75.28,4395.9,23,8.39,14.3
43.05,88.45,2664.8,8,4.64,52.5
58.81,94.09,275.5,14,8.19,53.7
23.33,57.32,1193.0,14,1.8,51.2
77.17,14.8,2308.2,0,2.54,32.6
10.75,46.32,3518.9,20,5.98,20.7
25.17,75.88,1176.8,19,8.39,39.5
62.27,7.5,4883.7,20,7.03,18.1
74.29,10.12,1660.9,24,4.75,44.0
92.5,11.04,2709.2,2,0.82,50.8
73.49,70.79,192.9,0,3.16,52.9
70.46,50.1,4436.0,18,0.83,58.9
45.49,38.2,3965.3,19,2.71,37.0
10.12,14.51,1057.7,12,2.27,35.7
20.81,70.9,4672.9,14,3.36,37.0
58.11,33.89,1647.6,12,7.13,35.2
70.76,28.88,3491.7,17,1.36,55.1
47.57,63.71,4113.0,16,2.67,46.2
75.76,55.31,3730.5,0,2.29,35.5
56.97,37.62,4596.2,14,2.59,44.9
16.68,62.73,4334.9,23,3.13,36.6
27.28,29.41,4973.6,3,2.15,17.4
85.6,76.53,994.8,1,8.02,40.9
75.24,25.64,1593.3,18,3.63,57.6
90.53,19.3,3217.5,7,1.06,56.2
20.58,75.42,3691.9,21,4.03,38.2
99.12,68.71,2719.6,15,1.65,74.1
28.85,21.44,462.2,7,1.92,41.3
11.06,15.46,4223.8,9,2.49,20.9
99.77,80.46,4808.3,15,1.15,68.4
35.3,74.89,2087.0,4,6.16,32.5
70.12,34.45,1201.6,18,6.75,42.4
25.9,64.24,194.6,5,3.41,40.7
62.22,16.17,1262.8,9,5.89,42.4
91.36,50.63,3529.6,23,3.37,60.8
38.82,6.69,4566.8,4,1.48,20.8
70.32,40.24,558.2,20,3.44,62.5
26.91,11.74,2811.0,18,4.78,22.0
66.23,47.76,3508.1,18,0.44,58.4
40.28,42.95,1454.3,12,5.6,40.6
29.01,44.99,2892.5,14,6.34,30.8
38.19,9.08,3604.7,7,7.32,11.9
26.1,37.55,4204.8,10,0.96,36.5
91.17,73.08,2317.2,0,0.1,63.5
45.75,38.2,3764.5,3,0.72,37.3
32.08,69.37,1578.7,24,7.86,35.2
50.36,38.25,1143.9,21,6.53,43.3
38.85,43.09,1017.8,21,7.12,41.2
77.0,55.75,1858.5,12,4.44,59.0
97.41,90.56,275.8,6,4.52,73.0
49.42,14.8,1486.7,6,2.61,42.4
87.49,7.96,3295.9,5,7.18,24.3
60.93,59.72,3274.8,24,7.07,42.1
24.15,90.42,460.4,7,3.39,52.7
72.16,94.08,1508.3,11,2.87,72.1
56.21,48.57,2890.8,23,6.3,35.7
68.55,47.13,1660.9,17,0.32,68.6
90.07,63.05,2148.1,22,7.32,53.7
49.64,55.01,3592.8,14,3.85,45.5
91.11,62.07,145.4,15,3.81,73.9
77.56,83.66,1454.3,0,5.72,42.4
53.97,72.17,797.6,9,5.52,52.7
64.29,49.72,725.3,14,2.33,63.0
39.3,46.57,4799.3,23,8.02,13.9
98.52,62.56,1945.1,12,8.39,57.2
70.06,46.01,2682.7,18,4.52,49.2
13.95,46.2,3695.7,12,4.82,29.7
39.4,6.47,332.5,8,4.76,37.1
66.1,20.67,1281.0,20,4.18,42.8
15.07,48.97,4177.5,15,8.04,11.3
12.15,79.04,4323.8,22,2.16,39.2
50.5,30.09,1927.5,13,1.01,54.2
39.94,52.04,1936.8,22,7.91,33.6
49.45,36.05,3808.8,8,1.89,45.0
33.64,14.43,1545.8,17,6.39,25.8
24.82,91.25,673.8,3,1.81,47.2
72.02,81.92,1361.9,11,8.17,50.4
56.31,12.06,1998.0,23,6.75,32.9
28.01,69.78,355.8,4,7.82,31.0
38.76,36.28,2445.5,10,8.09,22.5
63.26,94.54,3726.0,4,0.81,61.1
16.5,32.22,2617.4,18,3.74,32.0
23.27,26.49,452.3,20,5.54,30.9
16.59,56.11,2256.7,6,6.84,22.6
83.11,80.16,3573.6,3,2.13,56.0
77.72,22.33,384.7,7,7.78,38.3
77.8,68.85,393.3,5,1.96,64.4
74.47,10.53,1915.9,5,7.38,29.1
70.24,87.7,1055.3,21,4.41,65.5
52.93,12.3,4680.4,3,4.43,19.4
67.81,87.28,2948.6,13,3.24,67.6
13.45,49.17,1507.9,2,0.97,34.0
65.93,45.33,3553.4,9,3.02,52.5
80.01,92.6,1937.2,21,3.68,67.4
55.03,94.13,747.4,5,4.12,53.9
42.18,63.52,1262.4,17,6.31,43.1
34.97,16.44,3249.5,9,3.06,28.8
67.85,50.56,354.2,8,3.52,63.6
72.35,52.62,1436.2,15,7.71,43.4
88.39,51.3,1120.7,19,6.42,57.4
40.81,56.25,1085.6,3,0.29,50.0
79.28,6.69,3445.5,10,6.92,33.3
60.52,69.01,4146.5,11,8.42,33.4
89.46,69.12,3607.7,23,7.99,45.0
57.5,15.39,3264.1,18,7.12,21.9
56.59,56.32,4590.6,9,5.39,37.2
62.01,56.15,386.1,6,2.44,55.4
77.44,66.42,920.7,6,5.6,59.2
96.82,12.69,2130.6,17,5.94,49.3
16.62,61.39,1925.0,2,2.47,32.4
14.81,30.27,2148.5,11,2.24,33.4
94.38,50.63,1111.6,13,3.43,70.3
57.69,74.6,832.6,19,5.49,54.3
65.34,68.51,2595.0,1,2.56,43.6
53.42,15.7,4647.5,8,4.77,24.3
18.43,58.21,2020.7,9,7.65,25.9
79.13,92.22,312.4,5,2.58,68.8
77.25,19.11,3560.2,16,8.21,28.3
38.05,81.76,1526.4,14,4.08,48.5
37.56,68.23,1301.0,0,0.95,46.9
85.41,74.66,1688.9,23,0.56,80.3
16.51,30.38,3646.7,21,2.94,28.5
89.3,30.91,4112.2,12,2.27,56.6
33.1,86.54,2981.5,9,7.19,32.2
63.37,37.38,1680.1,11,6.3,40.4
94.24,10.67,1621.3,22,7.53,44.4
71.03,59.05,709.1,21,5.05,59.6
47.3,16.23,4673.2,15,3.76,26.6
72.06,76.69,3226.9,1,2.37,47.6
40.96,62.76,232.2,2,5.0,37.5
34.95,83.73,3345.6,7,5.29,40.3
99.7,75.64,2291.1,19,3.4,73.9
77.57,15.09,4865.5,14,7.97,21.5
68.02,39.3,4113.4,23,5.48,37.8
41.98,74.71,939.4,18,7.13,39.1
14.42,42.56,3628.5,17,5.31,21.1
12.8,92.51,2479.3,22,2.76,47.3
59.88,71.22,1016.5,0,6.29,34.6
78.58,6.39,3523.8,18,2.03,49.4
58.36,84.2,2782.2,1,5.11,32.7
85.67,14.07,248.8,4,3.48,48.0
13.01,17.65,3268.3,17,1.36,35.1
43.01,71.1,3211.4,15,3.57,46.6
31.34,82.85,806.0,9,2.71,59.3
50.25,53.27,1810.0,20,1.04,62.4
16.51,31.01,2970.9,2,7.02,5.0
95.87,36.62,780.0,24,4.29,64.1
30.09,35.86,4278.3,9,3.01,30.9
93.01,34.4,234.7,24,4.34,63.5
48.33,26.86,603.9,23,6.44,39.1
98.7,59.8,668.9,12,0.25,80.5
59.87,86.04,2687.7,20,4.69,54.2
93.77,32.64,3138.6,9,4.12,55.6
10.48,21.8,2078.3,10,7.6,15.5
77.34,80.47,1514.5,6,4.77,63.7
91.27,71.76,4065.7,1,1.25,54.2
22.57,88.78,434.6,18,3.36,57.8
18.65,19.9,1473.4,17,5.32,27.1
48.21,17.98,291.7,10,0.49,57.1
94.03,53.73,168.1,16,7.53,60.8
58.81,60.3,1831.6,2,0.67,52.0
57.47,48.22,1054.6,19,0.36,65.6
22.7,58.91,1415.0,11,0.12,54.0
10.07,21.23,4122.6,24,5.84,11.7
82.91,48.17,898.6,1,3.93,49.7
17.88,64.23,3923.1,24,0.96,43.6
67.05,43.94,3407.7,0,7.29,15.4
92.32,66.15,1699.6,8,1.8,77.0
28.78,45.61,2778.1,21,2.84,41.9
69.87,35.02,2277.7,23,1.59,59.3
17.08,32.32,729.1,18,7.88,23.4
64.34,41.98,4545.2,7,6.47,28.2
24.75,7.08,2891.1,8,6.18,20.2
76.24,65.17,4413.2,6,0.47,57.4
37.11,81.06,4136.7,3,4.49,33.2
51.71,36.92,490.9,21,4.93,48.6
63.95,9.14,1115.6,15,3.31,48.8
25.41,93.81,811.8,5,2.8,54.1
76.75,28.73,4170.8,17,7.26,30.0
37.24,16.4,4326.0,1,0.29,23.0
69.61,38.28,2687.1,10,5.35,44.8
24.25,71.47,610.5,4,3.41,43.2
71.93,31.45,764.5,16,5.69,48.0
21.54,56.72,4086.4,4,1.76,27.1
48.28,42.4,4653.0,2,2.1,21.0
32.25,15.6,1077.4,18,5.03,31.9
77.35,34.73,154.6,7,8.33,41.9
33.58,70.24,1721.7,10,8.29,31.4
89.35,60.08,249.4,2,2.19,62.3
90.26,15.78,4157.1,2,0.96,40.7
27.68,19.7,2508.4,0,5.06,8.4
65.25,62.67,3245.1,23,3.63,54.5
17.89,78.21,2116.3,12,6.5,36.6
45.24,36.45,1793.0,9,4.54,44.0
74.2,58.58,1188.8,5,4.39,53.8
69.35,20.36,3875.6,10,5.53,34.7
66.22,33.02,3508.2,7,1.16,53.6
35.43,6.82,1867.6,18,5.79,28.5
44.02,74.14,1673.5,10,4.2,48.1
19.27,41.09,106.1,5,6.99,24.1
74.71,78.45,411.4,11,1.27,74.3
55.35,68.75,3154.0,17,2.63,49.3
73.79,79.59,2621.6,2,8.08,30.4
32.4,30.71,2230.5,12,4.75,33.1
39.2,21.66,4154.8,3,7.91,5.0
40.08,92.47,2569.1,8,5.89,40.9
12.32,69.56,1984.0,15,7.88,28.5
40.69,80.06,890.2,11,2.77,58.9
82.3,6.18,4121.4,19,0.86,52.3
90.76,36.9,2923.6,6,6.84,38.3
56.64,71.85,553.1,11,6.86,50.1
51.0,12.02,3279.6,7,5.3,28.0
12.77,56.06,2182.8,20,4.97,31.3
89.13,43.62,4075.8,14,7.79,39.1
11.17,6.59,4602.7,1,1.58,5.0
95.03,26.24,3042.3,10,5.28,44.9
54.03,30.63,3684.9,23,0.52,51.4
40.77,15.07,377.3,20,1.28,49.2
93.18,61.84,2845.3,4,3.77,50.2
12.2,26.82,3801.2,22,7.0,9.1
62.33,29.99,2534.1,5,6.26,32.2
59.4,85.84,3008.4,18,8.28,36.4
29.74,47.04,4504.8,13,0.48,44.4
48.6,40.29,1070.7,6,3.3,47.3
68.7,70.15,581.4,11,1.43,74.5
75.44,86.87,3484.2,16,0.41,73.5
10.06,7.25,4132.0,3,2.32,7.3
94.32,45.34,4267.4,19,2.15,61.8
24.81,59.97,3244.1,21,3.63,36.7
31.02,33.67,4182.7,21,1.28,33.2
33.71,74.52,3533.3,9,4.2,41.4
13.4,92.43,528.1,23,7.83,40.7
21.07,89.91,3834.0,0,6.38,13.6
98.77,28.94,978.9,22,7.17,58.2
38.37,25.37,1259.4,3,6.86,17.5
20.38,91.17,2033.8,12,3.37,49.5
19.63,46.28,1641.4,5,6.06,22.5
74.75,23.75,1676.1,14,6.44,40.5
86.91,68.63,929.4,13,1.83,76.0
33.13,30.6,1540.0,24,7.33,24.3
11.88,29.05,196.3,2,3.95,14.9
30.08,84.13,2417.3,23,0.24,59.3
15.09,19.62,3866.1,18,5.5,15.5
19.31,10.8,4325.0,5,5.78,6.3
48.84,29.23,4120.1,1,4.73,12.1
30.69,59.63,2140.6,8,1.88,48.8
56.44,16.08,3679.1,12,4.15,37.6
32.81,47.44,1510.7,17,3.46,41.2
94.65,61.46,372.3,11,8.29,57.5
91.53,81.39,3412.3,20,7.03,57.0
61.01,25.69,3279.1,21,6.5,29.8
41.9,78.56,4028.0,3,1.62,35.4
44.3,26.14,3118.9,22,2.88,44.6
47.07,65.91,868.8,6,3.29,55.4
75.48,43.76,4280.5,11,4.24,47.9
50.65,15.32,3173.5,22,0.35,47.4
87.11,69.28,4057.3,10,5.08,55.7
94.97,24.6,3893.1,6,3.11,40.5
40.24,20.9,1559.5,9,4.82,34.9
60.46,37.25,465.3,8,0.18,70.8
18.56,63.8,964.9,1,2.8,27.1
28.04,26.06,555.0,4,6.56,20.2
47.21,21.53,1292.7,9,4.31,42.6
28.56,5.9,2351.7,24,6.73,16.2
88.89,47.45,4543.4,13,5.97,43.9
24.25,43.58,4372.9,15,7.28,17.6
51.01,26.05,3621.1,1,0.16,32.7
64.51,9.83,218.2,18,2.3,54.9
72.27,43.63,1772.8,22,4.71,50.1
44.48,75.94,3443.5,8,8.0,33.9
88.22,69.38,732.2,13,5.81,66.0
61.15,82.47,4025.3,14,3.94,53.0
49.56,5.86,4581.4,18,1.19,36.7
16.05,91.98,1835.1,7,4.24,44.9
51.82,35.73,3558.6,14,3.81,42.1
83.87,94.14,826.2,7,6.64,64.8
65.31,27.74,3485.0,3,3.57,31.1
84.89,47.44,205.1,5,2.78,61.9
54.46,36.85,838.8,10,0.85,66.1
20.66,37.02,3578.4,11,0.49,37.1
11.23,80.81,3588.1,23,3.79,35.9
37.29,72.18,3241.7,8,3.01,46.1
72.82,94.29,2439.1,17,4.76,57.1
81.12,60.22,3407.0,16,6.08,49.6
36.62,46.69,3891.6,20,0.44,46.8
54.61,13.11,4835.8,2,4.27,13.2
47.9,94.69,4454.3,12,7.34,36.4
46.95,54.64,3993.2,5,3.92,35.1
30.82,68.04,3504.3,13,4.48,40.8
22.27,41.61,2913.4,0,4.19,8.6
27.7,54.29,691.0,3,3.37,41.5
14.98,89.83,911.2,21,1.03,59.7
27.83,19.98,4119.4,17,1.16,36.0
10.83,31.31,4036.2,10,1.6,30.4
66.45,18.69,3110.8,10,6.76,32.2
38.47,76.3,2250.3,7,2.41,54.3
97.58,10.58,227.6,3,8.06,39.1
27.43,12.35,1703.2,1,6.91,6.5
41.12,31.86,2161.1,0,5.85,12.5
42.21,51.28,2480.5,23,6.15,35.9
10.76,41.56,4653.7,9,0.5,32.1
85.53,9.03,632.7,16,4.87,54.7
12.88,91.17,2642.4,6,8.0,25.5
94.62,90.76,1902.8,6,0.43,80.7
90.29,30.14,4951.5,12,2.54,54.4
58.2,70.84,4323.1,21,0.53,62.1
58.92,57.07,2250.1,23,4.89,54.3
68.84,26.37,4998.5,0,1.08,24.6
44.83,28.6,2618.9,0,4.13,17.6
68.25,49.2,918.9,12,6.15,50.4
14.03,42.73,2823.8,0,1.48,26.9
14.86,31.21,1208.4,5,6.45,18.1
51.15,77.68,3217.9,22,0.61,66.1
59.47,48.33,4693.5,24,1.36,52.5
89.9,63.94,3952.4,9,2.45,62.8
19.42,22.03,1438.5,20,6.79,23.0
84.04,53.02,1554.6,0,7.24,32.7
28.9,33.62,439.5,24,1.95,53.7
45.47,52.38,1500.8,4,0.9,49.3
38.49,75.27,553.9,21,7.22,43.3
46.01,74.2,2547.3,24,5.55,47.8
23.54,36.88,3570.9,1,1.43,17.2
55.32,67.48,3780.8,2,4.78,30.1
82.15,89.72,391.7,22,7.43,66.8
49.74,61.31,1765.8,2,0.68,49.6
54.16,18.36,1512.0,17,0.8,53.0
86.39,66.17,611.1,22,2.4,72.9
73.55,14.44,1876.1,7,5.58,43.4
54.14,83.49,1566.7,8,1.6,67.4
33.19,51.5,3209.0,1,6.96,7.1
89.64,39.66,4428.2,1,6.4,27.1
61.93,10.13,2328.7,15,4.81,40.5
29.9,39.27,3758.7,6,1.07,33.3
34.22,86.29,815.5,3,8.4,35.9
82.28,6.89,4485.3,4,4.22,26.2
13.97,47.72,847.7,0,3.9,22.1
99.29,88.8,1041.3,21,8.46,69.1
21.73,40.54,621.7,9,7.36,32.2
81.65,43.54,1617.4,12,3.93,60.0
45.53,57.07,2806.8,23,3.62,42.0
54.3,46.66,4941.2,14,0.91,53.9
89.26,20.17,3987.5,0,7.88,15.3
47.16,6.67,1964.1,17,7.19,20.9
58.37,59.88,2921.6,22,2.7,58.9
14.44,87.87,3154.2,13,6.43,32.1
10.21,14.57,4131.4,17,6.51,7.1
32.03,23.99,3708.6,24,2.01,33.6
71.25,38.32,2889.5,21,5.25,45.1
20.91,77.79,3379.0,11,2.24,47.8
20.24,29.23,3755.0,11,6.74,14.3
46.99,84.38,752.4,4,1.39,60.0
68.31,9.95,1082.2,6,5.72,47.2
74.09,89.69,3474.1,23,2.84,65.9
26.06,55.47,4267.1,12,0.4,47.4
17.16,64.29,2105.4,8,1.14,46.8
94.64,38.09,4901.5,5,5.6,31.9
33.46,75.38,1158.8,20,2.12,62.9
86.8,19.99,2141.8,6,5.4,46.4
87.71,9.4,1954.8,17,3.58,57.8
79.53,40.6,4658.5,14,5.92,38.4
25.2,81.83,1498.4,7,4.24,49.7
83.96,72.94,2406.9,19,2.69,60.9
79.23,51.54,1017.4,15,1.32,73.5
63.71,56.49,2654.2,16,2.97,58.5
40.35,16.69,4301.3,2,5.43,5.0
33.63,80.66,1589.8,12,6.32,46.6
20.97,75.83,4072.9,8,1.45,44.4
55.88,64.08,4565.4,19,5.68,37.2
62.67,46.96,457.5,14,1.61,65.4
42.34,91.8,3806.5,15,1.96,60.4
52.78,84.11,1351.2,15,4.56,56.8
42.72,63.0,959.1,18,2.53,56.3
67.69,38.46,3045.5,3,5.66,26.3
91.11,60.62,3557.5,18,8.13,43.3
24.75,56.79,2034.3,18,1.35,50.6
44.33,40.48,292.0,1,4.89,31.8
22.68,32.6,4552.7,5,7.86,5.0
66.24,41.63,3680.7,12,1.58,54.4
75.6,56.65,1431.2,14,3.18,65.6
93.87,43.53,2534.6,9,1.14,66.8
35.1,28.72,236.2,21,5.49,39.5
95.52,73.49,1762.5,9,5.72,64.5
15.69,52.83,2660.4,3,5.68,15.9
64.27,11.09,2634.4,13,4.65,36.9
15.14,38.15,1120.1,7,6.37,25.2
90.44,84.64,3906.1,5,0.4,68.4
57.68,72.97,1564.4,11,8.14,49.3
70.24,34.09,2944.0,7,1.97,52.1
84.84,89.44,1430.5,5,1.12,78.9
23.53,11.89,2183.3,14,8.01,18.7
13.47,91.51,1116.8,24,7.08,34.4
89.1,27.11,3201.7,18,6.52,41.4
38.34,5.82,2185.4,13,0.98,47.0
21.61,44.04,179.0,2,6.88,19.3
52.16,37.31,238.0,17,5.22,48.0
63.85,53.52,2408.6,9,6.25,46.5
12.79,76.71,997.8,13,8.32,33.8
34.74,80.82,2966.7,13,1.73,54.3
12.95,41.11,2100.1,21,4.34,30.4
47.83,43.69,3306.7,6,6.43,19.8
90.56,18.34,4766.7,6,3.74,39.3
98.44,9.28,2690.8,20,0.56,62.9
67.33,62.71,3958.2,21,1.04,56.8
24.55,10.8,3789.9,22,5.16,17.5
91.53,71.04,4616.8,10,2.49,61.3
56.46,53.52,1148.7,17,1.26,64.7
23.84,22.87,4153.9,9,2.96,26.3
92.96,53.56,4537.0,14,1.79,62.9
78.17,21.47,2024.5,11,0.3,64.1
75.85,44.49,1637.7,22,1.38,70.1
73.83,76.96,4765.0,16,7.52,38.1
28.03,46.57,3175.4,21,0.2,53.4
28.99,18.38,1965.3,23,6.6,27.0
71.95,70.14,3980.0,16,6.43,48.8
29.78,21.81,1591.9,0,4.84,13.3
49.48,71.47,964.4,5,1.85,56.5
80.38,48.14,2765.5,20,7.48,41.3
80.56,45.84,2874.4,14,4.09,59.1
50.79,81.63,4146.2,18,1.55,59.4
81.3,68.77,2339.4,13,3.7,60.3
85.48,7.96,4091.5,9,1.74,52.4
68.93,31.66,1625.5,9,3.26,51.7
30.56,83.38,2919.3,22,4.27,45.9
34.66,6.65,1121.5,6,3.12,35.9
38.34,54.07,1988.7,6,5.62,38.7
20.51,70.5,4301.9,13,7.96,20.4
34.58,60.97,1158.3,14,3.02,51.7
28.86,73.45,4070.2,21,3.09,41.5
50.98,70.31,1486.1,19,6.3,50.6
91.76,67.28,269.0,8,4.56,74.3
19.4,78.94,638.7,14,3.7,51.0
74.82,63.11,3754.8,8,6.94,37.1
71.86,41.22,1384.1,22,7.58,36.1
18.62,47.47,3305.3,6,5.06,23.1
93.03,69.51,3526.1,23,1.65,66.5
61.16,83.87,1791.1,10,4.02,59.6
42.74,29.5,2427.1,4,4.34,26.8
78.09,35.79,2078.5,8,3.73,61.1
33.16,88.77,4742.0,5,2.3,39.6
72.42,57.07,1667.7,6,4.07,55.9
13.57,21.11,998.3,22,3.85,34.1
85.55,64.73,1891.4,24,1.86,64.8
50.34,94.17,3380.6,22,7.69,39.5
67.3,79.11,3517.1,13,7.54,39.2
29.91,72.12,4627.9,18,6.48,32.5
70.94,23.72,4420.6,21,3.47,35.5
79.5,83.85,1512.8,21,3.21,70.2
52.59,52.32,2330.3,10,6.12,40.0
65.6,85.04,3761.6,6,5.21,43.0
51.07,34.68,4591.0,5,5.15,23.0
90.47,10.58,1752.1,3,1.14,50.7
54.81,47.84,2277.8,13,5.29,44.0
85.76,29.29,4507.4,21,7.68,34.0
82.12,69.37,1856.6,2,0.82,61.5
46.95,91.14,2454.5,16,2.95,60.2
30.71,67.19,4532.1,14,4.38,37.4
46.55,84.82,4031.0,0,5.86,15.9
84.36,45.77,1292.8,20,0.85,74.9
30.49,74.45,1691.5,10,7.43,33.4
57.2,80.87,1829.5,12,0.44,69.5
82.55,68.98,4572.4,23,7.3,42.6
41.81,50.7,4994.8,2,0.33,32.4
67.8,61.33,3892.6,12,1.39,60.2
32.11,68.05,2473.2,17,6.82,31.6
19.84,27.78,149.9,23,7.33,32.5
81.49,77.86,3517.7,8,8.35,43.4
18.91,90.53,2007.9,24,1.07,55.3
34.42,46.87,3201.6,1,4.52,13.8
86.96,68.1,3072.8,7,0.75,65.9
41.18,71.33,2456.1,1,1.41,35.8
97.57,64.6,4727.5,22,1.57,66.9
98.18,54.24,213.4,23,0.63,86.7
34.14,84.35,3589.4,0,7.6,9.5
13.69,45.4,2108.2,23,1.16,40.2
73.46,10.5,3597.6,2,5.39,19.5
50.59,81.01,3408.6,16,5.36,45.9
19.07,65.66,150.2,6,1.77,52.1
73.68,81.43,1498.2,9,8.49,47.6
12.81,17.47,1026.5,18,3.02,33.7
88.32,7.77,918.2,23,7.7,46.9
22.48,89.09,3669.5,8,8.07,23.6
21.46,18.3,1273.8,17,8.07,18.7
25.81,77.87,2426.2,14,6.42,37.8
96.42,79.09,1310.2,16,2.23,77.6
72.39,68.78,2943.1,23,1.11,68.7
82.12,16.81,3630.8,21,4.89,37.3
45.79,65.07,1722.3,16,3.12,56.4
40.27,85.02,3054.8,18,7.08,38.5
31.1,43.3,4141.8,8,6.36,18.6
53.26,42.22,561.7,24,2.42,60.5
59.66,44.86,3582.3,5,0.24,46.7
66.86,12.4,1683.4,18,2.09,52.0
33.14,85.28,701.0,7,4.86,52.5
95.38,83.23,2773.7,5,0.76,70.0
25.28,94.81,1208.7,16,5.63,46.4
96.91,57.67,4124.7,5,5.74,47.6
11.34,72.61,310.2,12,1.52,49.3
53.3,23.24,583.4,20,5.11,48.5
40.0,65.08,2652.9,23,5.2,37.1
50.42,63.48,2985.8,1,4.12,27.6
61.36,86.11,3676.4,11,8.11,40.8
49.2,79.77,1370.4,6,1.01,65.0
47.34,89.46,4224.6,5,3.52,43.1
75.95,83.2,4770.4,16,7.52,42.1
71.73,83.18,2545.3,7,3.35,60.2
84.99,10.74,3826.6,5,3.67,41.5
32.5,81.14,2671.8,18,5.71,43.3
64.86,59.67,440.4,20,5.69,59.5
62.67,39.24,1697.9,22,0.29,62.7
43.28,10.09,528.7,8,3.93,34.8
53.75,65.99,4945.5,19,2.9,48.4
38.24,34.54,1222.2,15,5.37,39.4
22.77,47.1,3215.9,17,4.77,30.7
29.24,66.36,1493.3,18,5.57,39.7
19.5,87.06,3300.9,6,5.59,29.8
71.48,79.29,1131.0,7,2.24,68.2
69.47,45.55,3947.8,20,2.17,52.4
95.55,39.9,643.0,18,3.21,66.2
75.67,26.58,4486.2,0,2.13,30.0
14.68,38.52,4218.1,12,5.84,23.6
89.58,14.99,3426.2,0,5.16,21.5
87.64,92.4,430.3,10,1.92,80.6
49.9,56.65,1122.0,1,7.53,23.0
62.73,16.5,4310.9,20,3.97,35.9
97.85,36.75,697.7,2,1.17,62.9
57.91,54.23,864.1,12,1.89,68.6
91.48,52.96,2765.6,6,4.63,55.4
17.47,8.2,1443.5,1,2.94,9.2
27.19,90.58,1188.2,1,7.25,20.8
49.67,29.78,2921.5,2,4.26,24.5
62.63,6.46,1925.6,12,7.79,27.2
83.46,11.88,788.7,11,0.96,70.2
98.94,57.22,2720.8,0,5.72,35.2
45.0,17.4,1996.4,17,7.54,28.6
14.27,8.76,3699.1,4,2.56,11.5
82.11,39.17,603.5,18,1.24,72.6
64.39,61.05,3141.0,9,3.94,49.0
27.87,15.07,2238.8,5,8.18,10.1
54.53,33.2,2089.7,17,5.42,43.3
76.81,42.6,1238.2,14,5.51,54.1
79.34,19.35,249.1,13,5.74,57.2
54.97,50.55,4253.7,23,0.43,51.2
37.47,12.67,1699.4,15,3.84,36.3
97.64,9.19,3437.3,3,0.75,50.1
69.7,51.79,4743.2,18,2.75,45.9
46.74,27.31,2868.5,20,7.0,27.4
35.24,13.58,2046.0,7,5.61,27.4
75.8,43.15,1414.5,24,8.46,44.8
31.8,87.36,4676.8,0,1.55,32.3
25.45,70.18,3442.2,19,3.44,38.1
57.69,78.41,3359.9,21,6.9,43.1
36.1,83.47,2188.2,21,1.91,54.1
66.6,92.54,4240.7,12,1.39,62.4
20.61,73.69,3597.0,8,3.69,37.8
68.94,59.76,1487.6,0,3.32,44.9
35.5,37.89,3037.9,14,8.33,22.2
10.02,21.35,2208.0,14,3.93,26.4
21.42,66.8,132.3,13,7.33,39.4
94.03,94.55,4057.4,4,7.56,45.4
88.06,47.06,701.9,16,1.43,75.9
31.02,70.13,2598.8,5,6.11,27.4
80.05,49.56,1747.5,8,2.43,62.0
64.77,43.87,1776.2,19,0.9,62.7
97.38,41.93,2439.1,24,7.45,46.4
43.62,50.42,4985.4,18,2.56,40.8
71.33,38.02,2101.1,22,3.0,60.2
15.72,72.39,993.4,20,2.82,51.4
45.66,83.68,3106.7,16,1.78,52.8
96.74,84.46,1257.8,6,3.75,69.9
58.51,25.49,617.2,7,3.7,49.0
35.91,85.63,345.9,14,3.53,55.9
20.82,35.74,212.1,5,7.8,20.7
73.32,32.84,2212.7,0,2.95,36.1
68.04,70.41,2191.0,8,0.36,75.6
43.65,32.42,1009.2,6,1.6,54.2
95.58,9.77,3941.7,21,6.16,35.0
12.0,38.63,733.4,19,5.06,32.9
37.34,69.93,4585.1,18,8.09,23.6
92.9,34.43,2979.1,3,5.93,33.8
38.88,61.66,235.3,0,1.73,42.3
32.7,64.41,4818.6,8,1.11,44.1
58.08,71.04,1608.9,1,4.47,40.3
84.14,85.74,2304.9,15,5.69,65.8
19.28,43.93,1492.9,1,1.49,29.4
94.87,19.98,3669.3,2,5.15,29.0
81.56,33.7,2479.8,13,7.37,38.2
26.31,43.9,748.6,12,6.21,41.6
74.08,69.25,610.6,16,5.68,63.6
44.65,6.18,3654.3,9,6.73,20.2
46.21,33.42,1261.7,2,0.97,40.6
80.5,75.19,775.2,3,1.81,69.9
96.65,65.38,2547.2,24,0.42,78.0
21.4,70.86,4033.5,4,1.32,29.3
47.86,78.06,1466.0,10,7.77,44.0
53.28,75.49,1454.5,5,1.97,53.6
43.87,66.4,4186.0,0,5.66,16.2
42.69,44.57,824.4,18,5.91,46.1
14.7,93.52,3122.0,6,5.52,26.7
71.7,56.22,4779.6,22,4.75,40.7
49.26,23.25,4222.4,9,4.18,34.1
27.53,31.35,402.9,11,3.63,41.7
83.44,67.42,1667.6,11,7.8,53.3
82.23,88.23,797.6,0,0.18,68.3
53.78,21.08,4751.3,8,0.55,45.8
36.86,12.41,4931.1,16,4.24,19.5
67.43,84.34,1251.5,22,2.88,62.0
35.93,87.38,3381.5,11,3.53,49.7
31.24,29.87,4224.0,1,8.48,5.0
75.75,38.96,1245.0,8,6.61,50.9
13.63,64.42,1019.6,11,7.47,30.5
18.53,34.69,154.9,24,3.2,42.5
10.61,83.94,2118.6,24,2.11,50.9
23.76,14.68,4507.2,3,6.55,5.0
16.21,8.42,4524.6,21,6.88,5.0
99.62,23.76,725.9,11,4.72,62.7
35.99,30.75,1101.3,17,7.63,29.9
23.43,15.16,2099.4,2,8.23,5.0
31.69,10.91,3925.1,21,4.06,22.5
94.25,73.0,3098.1,0,1.97,56.6
56.81,19.78,2617.9,22,4.44,41.5
42.83,87.25,3000.5,17,8.41,33.4
88.61,38.12,571.4,23,2.56,73.3
45.55,65.35,2440.6,20,5.29,46.3
40.15,25.29,4961.1,22,5.93,21.2
28.66,26.63,533.4,7,1.9,47.0
44.0,56.72,2644.3,18,5.04,37.9
38.5,55.46,1548.7,21,2.74,56.1
70.96,74.19,2745.6,24,7.28,49.8
36.06,73.2,2911.7,3,6.1,26.1
61.95,65.36,2929.6,22,7.04,42.4
15.93,45.42,4275.8,15,1.78,33.3
27.22,85.16,2009.8,16,0.39,59.7
46.67,61.03,2630.1,22,7.24,37.3
94.33,94.12,153.5,8,3.35,81.8
43.95,78.74,3968.8,7,1.61,51.5
69.77,8.99,1371.5,19,0.87,58.4
32.96,33.85,4101.1,18,4.44,29.2
21.43,56.47,1401.6,6,1.36,49.1
15.27,69.93,152.9,11,4.86,46.4
37.49,54.53,858.7,0,6.21,23.7
24.19,75.75,4929.8,23,4.59,25.8
25.66,30.44,1667.0,16,7.69,24.4
78.47,21.55,633.2,22,1.41,65.6
11.43,9.85,681.9,5,4.25,22.5
60.2,56.6,1620.7,23,1.47,62.0
44.15,66.97,284.5,21,7.46,48.4
55.59,34.35,2606.3,4,7.93,20.6
60.65,60.22,1147.3,24,3.46,57.4
38.2,9.69,2644.6,19,2.67,34.2
36.56,13.94,789.7,6,2.45,42.3
76.01,68.16,2206.3,21,7.32,48.9
88.41,38.13,3029.8,21,5.83,47.9
27.33,65.42,403.8,11,7.5,37.5
18.79,79.85,2053.9,4,1.09,47.6
90.8,81.74,1582.4,1,4.1,55.5
41.49,20.5,1277.8,3,5.78,18.2
59.62,48.77,3062.2,16,7.64,31.2
42.36,71.05,2983.9,24,3.31,49.1
21.32,74.66,3190.4,24,2.73,41.9
63.04,75.62,878.5,7,7.77,41.3
57.26,25.54,1500.0,19,0.5,56.4
28.27,22.33,1127.4,4,4.13,25.7
50.67,58.1,2748.5,16,3.95,46.2
81.73,71.7,2359.2,19,1.33,74.6
63.14,33.72,1718.4,3,3.42,32.5
18.72,14.42,3951.5,20,6.17,10.4
59.32,69.51,560.5,17,3.18,67.1
73.25,31.97,4877.0,17,2.7,42.7
81.34,19.97,671.1,17,6.67,43.8
66.62,18.3,3888.0,15,8.41,20.9
23.74,33.34,1904.3,10,6.65,27.1
73.92,58.34,4339.8,7,7.21,34.6
70.96,37.26,463.4,11,7.99,42.2
12.2,6.86,1936.1,17,6.83,15.8
47.06,13.72,1743.7,21,8.33,24.9
39.97,31.15,4966.5,17,6.38,15.8
70.25,64.37,4929.2,7,5.66,38.9
29.45,13.87,1030.0,15,5.92,25.0
63.18,55.46,3186.7,16,7.66,39.9
92.19,15.79,2724.0,1,5.84,31.1
81.8,24.05,856.4,20,6.49,47.6
92.93,20.5,922.1,21,1.91,70.5
98.07,11.05,4947.3,14,7.77,27.8
10.96,65.42,2318.4,24,3.86,37.0
66.05,46.71,716.4,21,1.45,65.1
47.16,79.79,1152.5,23,6.82,47.9
87.39,13.9,1414.9,6,3.09,52.8
32.66,18.03,2603.5,0,1.65,19.8
98.29,32.58,1744.2,1,2.25,49.9
65.23,73.93,2329.6,3,0.39,58.5
81.42,32.52,915.8,15,0.86,73.7
17.7,41.76,1701.0,11,5.08,26.0
26.51,32.14,444.6,16,7.38,35.5
78.26,12.22,4459.6,23,3.87,38.0
11.98,89.55,1073.9,3,5.36,30.8
83.52,54.37,3808.8,15,6.9,47.4
11.26,75.9,1812.8,6,3.1,41.6
69.14,64.25,2424.5,22,5.6,52.6
42.86,51.28,1527.2,7,3.04,52.3
65.03,13.07,3512.6,24,5.5,32.2
72.64,62.85,4238.3,8,1.93,60.2
40.82,18.98,1502.7,13,8.31,20.1
19.72,42.29,1286.9,22,0.74,51.0
16.27,61.62,3439.1,8,4.34,33.8
63.0,75.4,1056.2,14,2.5,71.3
56.86,66.65,3235.2,20,5.15,47.7
76.8,65.44,562.7,3,3.7,56.2
55.88,18.41,3138.7,2,2.68,26.3
48.02,36.15,2615.7,21,2.2,46.7
45.83,8.86,658.1,9,1.63,48.9
12.38,69.75,3280.6,24,6.68,21.4
40.2,90.73,2288.1,3,1.97,53.4
97.84,28.77,1163.9,17,6.6,56.7
88.62,12.89,1831.6,10,4.17,53.1
39.64,47.8,2511.3,18,0.71,55.8
62.9,82.1,548.6,18,1.49,77.4
86.26,54.68,4792.3,17,7.6,35.1
49.71,9.21,3361.3,12,5.16,30.1
11.62,92.68,602.4,24,1.65,62.9
16.71,79.58,4132.0,3,6.01,13.6
55.94,16.84,1680.5,2,7.02,12.9
97.25,87.96,3024.3,15,2.88,70.4
72.39,45.56,1458.0,13,4.78,53.9
16.38,38.47,3693.7,9,2.56,27.9
27.04,46.49,3642.7,5,0.77,35.8
79.42,80.11,2805.0,7,3.46,60.0
85.73,64.35,1280.5,23,6.41,58.5
65.59,10.33,1343.1,15,3.95,44.8
68.0,91.18,1976.0,9,3.5,66.3
12.55,18.3,810.6,21,3.17,36.4
84.57,72.1,1754.5,20,3.95,63.9
80.94,62.25,3453.3,6,2.77,56.2
33.31,21.88,4171.1,18,5.24,19.5
73.78,20.37,1729.7,17,0.63,61.8
29.34,83.33,1244.6,12,6.88,41.8
13.63,42.77,4179.9,7,1.55,31.9
28.1,63.91,4464.4,13,5.42,29.5
26.08,50.37,2109.1,8,3.88,43.4
40.4,70.46,231.8,11,6.6,47.7
47.66,48.13,3505.3,5,7.04,20.7
55.77,30.86,3941.8,19,1.82,47.9
52.91,37.7,188.3,21,5.79,47.9
34.36,82.32,3015.7,22,1.7,57.3
12.63,47.12,2983.0,11,1.14,39.9
64.46,24.21,1955.7,23,7.91,29.2
45.62,89.11,3773.9,18,1.48,64.7
36.88,76.69,2198.1,11,2.02,54.4
88.02,10.01,3416.2,21,1.19,52.0
77.21,94.9,2633.9,21,4.05,68.2
87.2,67.54,1317.5,6,7.82,46.9
54.55,19.42,3071.9,14,2.32,42.4
21.78,26.35,3710.9,15,4.65,23.5
72.66,67.32,4872.1,3,3.56,37.4
28.55,75.18,1962.5,5,2.92,42.1
49.71,26.51,415.9,15,4.91,50.0
15.85,28.13,4941.1,14,4.79,15.7
84.28,32.64,3156.7,1,3.12,33.9
21.33,58.82,4737.6,23,7.24,20.8
91.28,20.46,608.8,2,0.55,55.5
87.78,14.38,1776.0,14,0.82,64.0
51.81,66.1,756.3,24,8.42,39.4
76.99,75.12,4194.0,7,6.38,44.8
65.75,50.08,4413.7,11,6.85,34.0
82.28,37.74,2556.4,21,5.16,49.9
48.86,43.88,1014.4,1,3.63,34.3
80.72,39.96,722.9,14,5.39,59.0
51.62,91.4,2982.0,7,0.88,65.5
94.69,74.13,2581.2,21,6.47,55.6
53.77,23.73,3504.5,10,4.64,32.5
51.64,39.58,1595.5,16,8.14,35.9
80.66,53.96,2071.6,21,5.45,52.0
83.94,60.17,204.7,20,1.37,80.3
59.9,47.14,3089.7,21,4.11,48.5
26.18,77.91,2173.4,0,0.59,33.0
52.1,74.08,4606.8,19,6.36,34.8
97.13,50.46,3244.8,22,4.32,61.0
77.77,81.9,2053.6,14,3.21,67.8
83.0,72.6,1391.6,20,8.24,51.6
12.95,75.07,4535.9,21,8.0,19.6
52.11,91.08,179.7,1,8.1,37.7
68.2,28.98,1701.9,23,1.96,55.4
84.7,29.09,4723.2,9,6.22,41.6
14.43,85.01,3304.8,19,8.04,19.6
86.72,74.5,2710.3,5,4.9,49.0
59.36,88.39,1097.3,2,1.9,55.5
27.76,10.68,4183.5,24,6.97,10.3
38.55,61.5,1100.6,12,7.49,37.4
35.37,18.02,1316.4,23,6.01,29.0
57.78,50.35,1040.1,14,2.57,57.5
14.65,19.02,874.9,5,1.7,32.3
24.27,16.53,4771.2,8,5.34,13.1
83.14,6.1,3050.0,9,4.16,45.9
21.93,61.72,3225.4,8,5.72,30.3
31.01,37.31,4776.2,17,1.04,36.8
50.8,14.47,1229.8,8,1.24,51.9
56.54,34.06,129.0,23,3.15,60.1
78.72,20.2,3034.5,17,2.27,51.1
50.26,89.75,2588.4,8,5.3,47.3
81.09,33.8,2440.5,4,3.19,43.0
65.65,35.06,403.2,12,5.85,49.0
20.18,80.59,2326.7,11,6.56,36.4
24.07,63.3,1509.0,8,1.67,55.0
49.33,68.92,1445.4,18,7.83,46.3
45.72,62.24,1189.7,19,6.71,45.5
76.92,90.16,1729.4,0,5.36,41.1
62.27,23.63,1830.4,10,7.74,32.7
44.93,94.01,1613.0,4,2.33,48.1
25.37,79.79,4895.9,6,3.64,30.6
30.42,58.01,4670.4,12,0.82,41.8
61.8,64.61,2915.1,22,3.93,45.4
48.11,63.39,4907.2,5,4.35,36.6
56.34,10.26,4956.9,12,5.27,22.9
25.36,24.62,1844.1,5,0.64,31.6
69.66,91.53,2281.4,14,0.37,76.0
86.73,53.09,4799.4,7,3.63,54.2
33.21,39.05,3082.3,10,1.69,48.9
54.24,73.58,1143.4,9,6.47,50.3
97.8,52.21,3478.0,8,5.72,53.6
39.99,6.18,1108.2,3,2.84,32.4
63.55,71.26,1762.9,13,0.48,70.9
18.12,70.9,1215.0,3,1.63,42.4
64.54,19.86,1300.4,23,5.91,44.2
18.07,91.1,122.8,14,8.42,35.9
96.33,25.15,4415.5,20,2.84,57.0
74.41,46.2,1550.4,9,6.84,44.8
80.93,15.33,523.2,13,7.38,42.3
73.37,59.3,526.2,24,0.5,76.9
63.08,38.79,2824.5,5,7.8,28.5
50.49,36.79,4965.3,15,4.02,35.0
87.25,79.43,810.6,24,8.2,58.3
96.12,5.86,588.1,11,4.62,57.4
54.91,76.82,2247.7,3,2.08,52.9
93.84,56.43,2860.3,0,8.29,26.5
62.5,93.75,1542.5,3,2.14,56.7
58.45,58.05,1582.4,24,7.51,40.5
50.9,9.98,2179.9,12,1.55,48.9
28.84,9.56,1639.3,6,5.77,18.3
10.33,84.48,4585.1,14,3.55,29.3
31.74,80.71,305.6,5,8.26,32.7
55.88,36.13,1249.4,13,1.65,57.6
44.2,60.62,4061.9,17,3.53,44.6
50.36,49.06,4186.4,3,5.47,17.1
98.26,92.04,646.6,0,8.31,46.8
41.52,90.5,4871.4,2,2.65,36.8
50.7,93.55,3497.4,12,3.43,52.7
22.02,82.98,1435.7,17,3.98,49.0
14.32,86.86,2334.6,3,2.22,30.7
79.79,24.56,1556.0,3,6.97,33.6
61.36,79.79,835.1,10,0.87,77.4
78.46,68.8,1526.8,13,6.02,57.4
23.49,91.65,2942.5,24,4.59,39.3
61.46,56.41,4147.3,6,2.13,48.6
32.83,12.67,1881.3,2,4.24,16.6
30.53,58.77,1804.7,6,7.07,20.1
11.04,66.79,2393.2,7,3.84,37.4
21.73,24.83,3258.3,11,1.12,40.3
37.83,40.47,3782.9,6,0.44,45.7
20.52,58.87,1701.3,23,6.63,28.0
98.73,38.67,2973.1,15,2.88,56.5
37.78,38.75,2007.9,24,7.92,25.9
21.73,16.98,3610.4,16,5.28,20.5
27.92,89.67,906.9,21,3.76,52.6
62.89,72.54,1358.9,3,4.84,40.5
15.76,5.11,2187.7,16,3.94,26.4
87.62,73.91,4458.1,17,7.71,43.3
96.53,71.58,2909.3,3,3.95,55.6
32.21,5.88,4830.4,16,0.97,30.1
50.51,38.26,606.1,14,5.12,46.4
11.99,59.61,2354.9,21,5.33,30.8
67.66,45.75,2153.5,16,6.53,42.6
47.25,75.02,3041.0,12,7.94,34.0
34.31,43.29,4078.6,24,3.82,29.8
28.62,18.85,4223.1,2,3.06,13.6
68.86,92.88,3384.0,11,4.22,62.7
47.46,26.78,3243.5,16,7.66,22.0
26.17,69.59,4750.2,21,8.33,24.0
72.02,17.88,1980.1,21,8.26,34.0
60.86,34.61,4180.6,6,2.03,41.9
87.28,44.78,4615.4,6,4.27,45.3
20.57,22.3,2508.5,10,2.28,37.7
80.71,45.5,3672.6,15,3.19,52.4
70.62,19.14,1947.4,3,0.37,49.6
20.35,55.31,878.5,15,1.45,55.5
72.53,64.73,2973.9,4,3.44,46.5
49.74,10.62,1062.7,18,3.16,44.8
95.05,83.4,2342.2,21,2.44,73.9
22.75,21.66,4377.1,13,2.03,27.3
67.86,25.28,521.5,6,6.39,39.6
44.38,64.52,249.1,8,2.57,58.9
96.11,47.19,3071.7,24,6.03,51.8
39.7,49.95,1722.2,12,3.2,49.3
96.6,16.53,2147.9,15,6.84,46.7
91.13,77.52,2088.0,20,1.5,75.2
34.33,60.53,524.4,3,1.42,45.8
82.32,17.18,117.5,6,5.81,49.9
99.6,38.66,4502.3,2,7.79,22.4
32.74,77.94,1167.2,19,1.3,64.2
49.31,56.15,2187.8,14,0.72,57.8
56.82,14.78,4862.4,24,7.95,17.4
36.54,38.55,4151.1,20,1.09,44.3
11.37,26.84,628.9,13,2.2,32.5
29.81,51.57,2591.7,6,7.91,22.9
35.37,80.9,3677.4,17,6.84,37.9
49.92,44.26,3522.1,24,2.98,43.1
25.4,44.0,3828.1,4,8.12,7.2
88.59,86.48,2341.5,20,4.87,63.7
73.44,56.86,962.0,19,0.71,74.7
17.67,55.96,2377.9,7,6.01,34.5
68.51,28.57,3274.6,19,4.61,35.3
68.83,59.7,3082.1,17,4.91,48.0
96.06,56.83,445.6,20,8.45,58.9
10.27,40.72,418.3,18,1.38,51.1
32.31,94.16,4829.8,19,5.62,31.7
93.5,84.37,843.8,2,3.95,59.7
93.89,72.46,1542.9,22,2.38,74.7
74.85,53.36,3861.4,5,5.93,33.9
78.92,46.59,2107.4,17,5.71,50.5
18.23,21.64,989.2,14,7.29,18.0
56.25,32.52,2389.4,13,7.48,31.3
30.84,74.66,2887.9,23,4.82,38.2
26.31,45.84,2318.6,20,2.83,41.3
82.93,84.4,4602.8,21,4.55,53.7
22.15,18.31,1495.0,7,3.12,32.4
52.18,50.75,3340.5,10,2.43,46.0
94.47,63.23,650.2,10,4.73,72.6
26.72,51.52,2022.2,11,5.63,33.5
98.02,85.03,3730.9,15,5.06,63.0
99.49,94.06,1201.6,6,8.12,59.7
60.01,15.43,2989.9,2,2.61,28.8
25.31,16.7,851.8,1,3.23,20.8
38.45,16.73,603.2,2,5.71,22.7
48.2,66.31,2663.8,7,5.14,41.4
37.84,38.54,3407.6,19,0.12,46.7
35.26,71.0,655.5,7,2.72,55.6
97.5,41.49,4597.1,3,2.23,44.0
23.8,61.48,1206.3,22,7.16,33.6
76.0,74.29,687.9,12,7.38,53.4
10.04,54.34,1093.2,21,2.48,47.2
63.66,53.56,930.9,16,0.96,66.3
92.43,12.94,544.3,23,1.82,70.6
35.91,41.97,4009.4,21,1.58,41.3
26.7,54.12,2528.1,17,2.09,48.0
68.65,46.58,2003.7,4,2.07,48.1
74.13,86.07,4758.1,11,4.13,48.1
71.92,86.59,1917.9,1,2.78,47.0
38.74,78.97,918.2,9,4.8,60.3
32.7,38.78,1442.8,6,2.99,38.1
96.03,69.56,1270.9,14,6.94,64.9
93.1,40.58,2543.8,21,8.09,40.4
51.16,25.93,1528.4,6,3.49,41.6
86.16,35.86,2628.7,14,0.52,67.8
50.71,11.39,3379.5,15,2.11,48.2
48.2,34.86,3908.8,21,0.96,45.6
24.11,46.47,3579.8,0,3.0,13.1
48.38,90.99,1107.4,14,5.52,57.0
58.37,33.21,667.9,2,4.46,32.7
12.03,86.22,2758.0,9,2.14,48.5
49.97,25.6,1074.7,15,6.54,36.5
80.32,22.19,516.2,1,1.2,47.6
71.2,51.71,2682.8,16,2.02,61.5
67.16,65.53,1701.3,0,5.78,33.2
91.86,8.99,3805.1,3,1.76,42.8
11.62,24.9,1639.5,10,5.8,28.4
60.13,46.01,4895.7,16,8.31,22.4
80.86,34.79,3816.8,1,7.08,18.2
58.72,69.14,382.7,0,1.44,47.2
39.15,51.0,2593.5,5,4.47,34.5
22.26,19.43,2856.8,10,3.65,26.5
89.88,85.5,3507.0,3,8.43,37.8
52.37,31.36,2539.2,23,8.2,30.8
89.03,70.8,2468.9,10,1.17,72.8
62.73,75.19,1902.9,4,7.73,34.7
70.68,91.68,1430.2,9,1.72,78.9
82.38,49.87,4736.4,4,2.78,44.7
69.32,60.43,1656.2,23,3.07,63.8
45.82,35.14,410.8,21,2.51,53.2
56.23,66.04,919.7,21,7.27,42.8
82.27,46.7,4300.7,2,2.87,36.1
43.63,44.39,2974.5,5,6.96,19.6
44.93,81.99,3916.0,12,8.45,32.7
18.61,9.52,4063.0,15,7.16,8.4
92.31,84.38,4133.9,6,3.01,59.5
18.19,81.69,2798.0,17,6.07,33.1
68.34,50.57,967.9,2,4.58,43.1
47.19,49.12,826.3,5,6.71,33.6
46.51,37.56,2912.5,9,1.39,47.4
71.16,94.48,1895.9,15,5.46,67.8
16.04,15.01,2834.4,24,6.6,13.3
63.43,58.12,2542.5,12,6.49,45.8
79.48,66.35,3050.8,24,8.19,44.7
84.54,89.09,257.3,23,0.59,84.2
25.35,75.22,260.9,23,3.0,54.1
90.77,62.95,3635.8,8,4.1,61.1
69.05,15.51,1046.3,15,2.7,54.0
89.37,38.64,3295.8,10,2.7,53.9
53.68,17.5,2778.2,8,1.58,47.7
58.78,84.31,4910.8,9,6.93,36.0
92.71,72.47,4193.5,10,7.73,48.1
90.99,73.18,2124.4,24,0.79,86.9
50.33,63.7,3120.4,20,1.4,57.3
34.7,50.63,674.7,21,2.02,56.9
45.39,18.5,1993.3,14,4.38,36.5
44.9,34.67,3696.0,20,6.75,22.6
35.82,17.32,3151.1,12,0.7,44.9
34.17,70.24,2473.9,16,5.45,38.7
87.5,19.42,965.0,3,1.35,53.7
16.29,68.19,4035.4,10,8.26,23.1
70.99,67.3,1438.5,0,7.65,28.1
25.55,46.34,4120.3,0,8.08,5.0
41.01,17.17,3096.9,2,0.99,28.9
15.54,33.33,1926.4,22,4.2,29.7
34.3,33.81,299.0,14,1.49,55.1
79.16,68.03,1238.9,0,5.14,39.6
89.65,15.24,4456.4,22,2.06,52.9
29.94,79.62,4108.1,15,6.57,34.7
51.72,73.49,2916.8,16,5.51,45.7
52.33,21.77,2385.0,8,4.9,41.1
88.62,69.72,3271.0,4,7.03,41.2
78.65,65.17,2384.6,5,4.3,54.5
56.18,72.33,3257.1,14,2.37,65.3
70.37,22.0,1606.3,8,5.31,52.5
86.26,19.18,4208.6,2,8.14,14.1
10.86,26.28,3539.4,18,5.15,19.1
46.26,37.93,1716.9,20,5.39,36.8
91.65,76.43,4170.3,12,7.95,49.1
76.63,71.41,2488.0,12,4.43,60.4
58.86,88.29,955.7,22,8.47,46.9
57.67,10.28,480.8,2,1.44,44.3
41.3,6.04,3528.1,19,4.61,24.9
56.85,67.92,4339.1,13,1.89,51.3
68.98,30.14,4056.5,1,3.91,25.5
47.65,35.07,3312.7,24,1.53,45.4
74.27,54.21,792.7,9,1.97,69.4
87.51,14.22,560.8,8,1.87,70.6
23.92,62.84,1790.6,12,2.79,45.3
50.64,34.26,4289.1,10,1.23,46.9
46.72,61.94,4812.5,1,6.9,9.2
71.87,80.06,1282.7,15,1.95,70.3
32.49,20.4,3834.3,4,3.6,18.3
67.62,88.78,2912.0,0,0.23,61.4
88.97,52.76,255.9,7,0.98,79.7
47.63,88.06,2760.3,21,7.63,42.3
91.99,23.7,4049.1,15,7.13,35.4
99.38,59.41,1453.0,13,7.16,57.6
19.55,41.35,4497.1,1,3.56,5.0
30.97,74.68,1257.7,17,1.29,65.4
95.53,59.53,474.7,20,1.01,83.7
96.25,49.51,883.7,6,5.19,59.9
18.79,87.17,4201.3,24,7.06,27.5
11.35,38.94,2144.8,24,7.66,24.6
24.5,24.8,4005.0,11,2.53,30.8
99.64,59.73,2703.0,14,2.8,68.6
26.2,61.16,2454.7,21,0.95,56.7
55.23,44.52,4053.9,1,6.61,13.2
86.36,48.79,2175.1,21,2.42,60.2
11.84,91.36,4030.0,16,4.14,31.8
64.4,70.94,593.2,10,7.9,49.7
34.93,14.95,3217.9,1,6.42,5.0
87.61,24.09,3542.7,18,0.54,63.1
35.51,92.8,4505.6,4,0.17,44.3
71.81,70.38,1199.2,16,6.71,53.8
70.68,87.35,3060.7,15,4.74,55.3
29.93,32.35,2223.0,12,6.15,31.5
13.13,71.77,1975.6,12,1.42,53.5
46.83,69.26,622.9,12,7.43,51.1
36.03,31.52,757.7,4,6.6,25.4
82.81,54.57,4201.2,4,7.58,34.9
82.03,61.47,3773.8,19,2.97,56.5
51.13,48.3,1973.5,18,2.42,54.3
64.59,79.45,4159.6,6,1.37,52.8
64.38,79.96,495.8,10,7.91,54.6
84.44,81.55,3161.4,22,1.59,72.6
48.25,77.31,4354.1,0,1.1,27.6
34.79,48.93,4210.4,6,1.72,39.9
33.85,39.33,1926.6,2,6.58,18.5
58.26,79.82,3751.6,12,7.57,37.2
50.42,49.12,2194.6,2,6.91,22.8
49.61,27.17,4216.7,5,4.83,18.4
18.2,50.66,2700.7,21,8.45,16.4
74.67,17.77,3847.8,14,0.68,57.8
29.24,67.25,485.0,3,7.38,23.3
27.73,35.23,2991.1,4,3.69,23.7
47.15,28.46,2796.4,2,3.92,19.5
30.5,91.09,3088.9,18,1.17,58.0
62.55,74.92,3508.6,24,0.38,66.9
43.43,75.84,4598.7,20,2.76,48.3
50.4,61.13,3949.8,15,1.57,53.0
58.35,80.53,1176.2,16,4.16,65.6
28.32,73.32,4146.9,8,1.34,45.3
24.02,58.89,698.2,21,1.26,52.8
89.24,91.5,3148.8,8,7.47,53.6
49.04,22.24,4425.5,13,7.84,13.5
47.09,89.9,595.5,22,8.2,48.1
13.21,41.13,4263.5,10,5.82,17.1
54.82,52.56,4013.2,9,6.58,34.7
59.88,16.05,2568.5,22,7.12,24.9
60.3,53.61,1613.6,4,5.63,38.3
73.63,60.01,2086.6,22,2.87,66.0
25.97,94.79,4846.4,3,1.41,37.7
32.7,92.77,1088.3,10,2.09,57.3
82.97,91.98,2940.1,5,7.16,47.7
95.25,36.35,507.9,1,5.95,39.9
22.23,94.21,1167.7,2,3.93,38.0
54.79,45.99,3840.3,17,0.35,53.0
29.28,81.67,1582.7,17,2.34,61.4
15.41,24.47,4930.3,6,6.22,5.3
39.3,50.52,2554.0,20,4.4,41.7
22.93,91.94,2631.0,12,3.76,47.2
73.89,90.23,277.9,12,2.73,79.2
58.04,66.54,4787.0,5,5.2,31.5
22.95,76.8,953.7,2,8.22,22.0
10.83,20.88,2737.9,9,7.67,10.0
82.73,69.95,2038.8,20,0.36,81.2
25.86,60.62,2136.4,4,4.14,32.7
64.56,13.24,3252.2,10,2.87,42.4
40.32,15.18,3344.2,3,4.39,19.2
62.69,14.76,856.0,9,5.19,45.5
38.41,70.19,2548.0,3,1.78,44.6
17.82,17.75,3973.3,12,6.67,11.7
30.07,47.1,2272.1,7,4.09,35.7
26.93,37.13,912.4,5,8.43,18.4
48.52,54.55,1634.8,10,0.31,61.5
69.25,68.58,1140.7,1,1.69,56.3
33.74,66.63,716.5,17,5.89,49.4
11.09,51.4,1950.1,17,5.94,29.9
56.7,46.79,2750.6,21,4.99,47.3
64.52,40.8,456.5,11,8.26,45.4
96.66,82.57,3058.7,16,3.59,68.9
63.05,34.78,4965.8,18,3.6,40.8
52.41,28.34,4824.2,16,7.75,15.2
61.61,71.9,4163.0,3,4.62,34.8
93.51,37.38,1405.1,16,3.07,62.2
84.55,81.23,209.8,15,6.14,67.2
39.07,34.51,4184.4,8,5.31,22.7
31.35,68.18,373.0,10,2.67,60.4
33.64,9.06,1107.6,11,2.6,39.3
55.4,39.7,2767.8,10,3.42,49.0
76.96,35.89,974.1,12,0.7,69.3
55.29,78.5,4185.6,21,8.02,28.6
16.1,92.03,3908.1,7,1.64,43.3
75.12,46.48,3803.3,13,1.73,55.1
82.54,79.24,4099.0,17,5.54,52.9
36.05,67.97,1176.5,13,6.18,47.8
69.77,92.06,3671.6,15,6.29,55.8
48.39,78.0,1840.9,14,3.25,57.0
90.02,11.97,3367.5,21,7.44,31.2
86.07,69.2,697.9,19,4.67,66.1
57.29,53.19,3557.4,6,3.78,42.3
72.24,6.48,4863.3,7,6.91,20.4
89.5,27.62,313.6,5,2.15,57.2
54.61,87.96,559.8,12,7.33,51.7
38.19,88.35,705.8,16,4.63,60.4
77.83,76.9,2209.8,7,7.66,49.2
29.81,93.36,1524.8,10,1.79,61.5
44.97,77.59,4053.9,16,7.96,29.9
87.92,5.92,2421.6,8,5.88,40.6
75.2,30.91,2474.2,1,5.29,29.8
46.34,7.76,3613.5,9,3.65,31.4
29.33,13.47,1873.6,21,8.13,20.0
42.04,24.7,1830.7,23,3.83,41.8
35.57,50.32,3808.9,20,4.29,34.8
25.85,81.28,3922.2,13,6.66,31.5
76.9,82.58,170.6,1,2.49,58.9
32.69,60.46,804.6,4,2.55,44.3
50.88,88.54,1144.2,16,6.61,56.2
44.73,50.01,1822.8,23,1.18,56.8
98.39,85.01,1528.1,7,7.01,61.9
45.2,45.87,3375.7,17,5.35,35.7
17.2,29.95,4157.9,21,4.63,17.2
18.08,87.48,1041.2,23,2.02,57.6
63.17,39.91,2858.6,7,6.71,39.8
63.94,50.31,1902.3,11,6.86,40.9
47.69,34.6,2578.3,13,4.16,41.3
48.87,64.66,3141.7,22,3.37,48.8
14.85,94.55,4478.6,2,2.17,28.2
56.49,7.3,1042.2,13,6.44,34.7
55.43,85.99,526.3,3,5.47,49.3
23.46,5.35,3173.3,0,1.84,7.1
19.35,37.78,2031.2,8,6.77,26.4
21.12,20.17,898.2,13,7.51,22.8
19.09,73.16,673.7,9,0.6,54.9
64.87,9.55,2838.7,17,6.59,31.8
27.68,54.81,1572.3,9,7.26,32.0
32.63,31.54,4987.4,6,8.43,5.0
25.62,17.03,2088.9,7,2.1,35.5
96.21,74.46,1140.2,13,3.22,72.5
86.92,24.57,3181.4,3,8.22,20.5
30.74,25.13,1296.8,10,0.89,48.9
39.48,29.76,2521.0,9,4.5,30.4
28.89,57.81,2464.6,16,4.36,36.0
54.27,64.37,2322.4,4,5.2,34.6
11.76,6.58,4000.8,9,2.88,19.9
70.42,26.77,1161.4,9,7.88,40.4
57.08,43.79,4531.1,21,2.37,41.8
90.88,34.88,3977.6,6,5.56,37.3
24.8,84.58,1732.3,16,4.27,48.4
82.37,75.89,985.0,19,2.34,76.0
81.28,61.33,1469.7,11,1.69,69.9
21.45,35.42,1729.9,4,8.14,16.5
45.87,68.06,2829.0,4,4.81,35.5
25.31,80.93,327.2,22,5.18,49.2
32.92,58.53,4580.4,3,6.68,10.8
33.69,75.6,583.5,6,0.78,63.6
60.06,72.42,1468.4,23,6.1,53.6
47.03,56.46,635.5,1,1.49,40.1
95.3,33.1,1357.7,0,6.32,32.0
21.37,72.12,4204.6,9,1.29,42.8
97.63,23.61,3114.4,0,7.09,22.8
30.76,75.15,1213.9,12,5.82,46.2
79.56,77.41,4371.6,16,3.34,54.8
40.51,78.99,4023.5,8,3.11,46.7
22.88,47.56,3792.9,3,1.35,32.6
87.21,22.32,4253.4,8,7.69,32.2
37.8,13.98,3136.3,6,1.1,33.3
69.3,71.9,2557.0,22,4.07,53.8
60.98,84.76,1932.3,1,2.09,48.5
52.46,63.58,1196.4,17,8.47,36.6
54.62,17.97,2831.3,20,5.02,33.5
75.9,89.14,4458.5,14,1.36,67.9
17.9,94.02,3010.5,9,5.71,37.9
70.14,44.0,4606.1,16,8.43,26.2
90.62,58.53,1848.9,6,5.18,50.4
15.2,74.95,3506.2,10,3.94,38.7
22.66,71.28,3278.5,6,2.56,37.6
74.5,92.1,3385.1,10,0.87,72.8
49.36,15.34,3260.7,23,2.02,38.3
46.32,57.27,1186.1,22,4.75,47.9
22.33,67.27,803.6,23,6.43,37.2
55.61,85.11,4895.3,14,7.47,31.0
21.39,83.67,321.9,18,6.77,40.7
52.9,93.02,2391.9,18,1.15,68.1
78.73,51.09,2182.9,23,6.6,49.4
33.24,79.77,1864.1,24,4.99,44.6
53.27,43.46,3931.7,9,4.04,36.0
99.28,43.01,3752.2,15,4.91,52.2
71.8,27.8,4535.6,19,0.17,55.7
85.72,78.64,2037.9,7,0.67,73.9
47.34,93.72,2864.5,0,4.52,32.8
79.11,28.07,4472.3,1,1.56,31.9
13.65,10.05,4969.9,9,4.68,14.4
21.06,78.4,4849.5,9,3.08,35.3
28.28,60.82,3617.4,9,7.72,25.6
46.18,91.37,801.8,8,8.08,50.6
86.12,27.7,213.6,17,8.33,51.7
41.16,11.39,4143.6,1,7.65,5.0
68.92,49.32,4220.6,23,8.38,26.0
73.84,12.69,3757.2,4,6.03,26.4
62.76,28.56,1471.6,20,8.17,37.6
42.15,16.34,3235.1,10,5.49,24.8
61.93,25.17,1649.6,5,6.9,20.0
40.8,14.55,2308.2,7,1.21,42.2
17.55,90.85,1973.9,7,5.83,33.5
99.35,30.07,4576.8,24,7.92,33.8
21.45,44.95,1247.4,9,4.64,38.1
16.51,85.88,2930.3,10,1.67,50.6
89.07,65.96,1868.8,18,4.53,69.1
37.17,60.62,3349.0,24,6.04,32.5
68.53,68.5,2866.4,13,6.57,43.7
39.61,79.59,4627.5,10,4.5,42.3
45.23,83.99,597.9,2,1.93,53.8
33.59,62.84,1181.1,0,7.88,14.1
40.87,85.1,3855.1,20,6.6,37.2
46.96,53.19,1907.1,22,2.37,52.7
74.84,29.96,912.3,2,6.92,32.9
56.04,84.21,2566.3,8,3.02,64.9
94.92,53.73,3295.5,0,2.72,41.8
13.77,86.55,319.7,21,7.35,40.7
55.28,8.62,1528.9,11,7.44,24.8
62.58,40.78,4066.2,11,3.45,40.5
92.82,90.3,2649.2,5,0.17,78.0
14.42,27.47,273.4,7,1.67,42.3
61.61,89.74,1481.6,2,7.74,32.7
86.83,90.85,3231.8,20,7.65,53.4
31.77,84.39,1076.9,10,3.91,56.9
88.87,55.73,4154.2,10,2.65,54.8
11.71,63.22,3415.2,4,2.64,32.2
75.92,83.27,2409.8,23,7.64,52.7
93.98,74.83,4586.6,6,2.83,60.1
69.15,61.71,2019.8,18,4.4,56.2
49.51,93.4,1251.9,6,6.24,54.1
14.04,66.71,3340.9,9,1.86,44.6
92.81,92.79,2909.1,7,2.23,72.6
52.33,10.16,1742.7,20,3.11,45.3
12.61,17.51,1784.0,20,5.6,19.9
72.08,45.63,2051.2,13,6.97,43.2
53.37,39.64,1526.6,0,4.69,30.5
21.19,75.45,3580.2,12,1.22,48.9
29.28,19.46,3291.7,23,3.85,30.5
15.8,92.85,2259.8,5,1.17,51.6
61.69,33.36,2049.5,5,0.84,52.9
65.98,43.6,1888.8,20,5.05,46.3
55.52,29.73,1489.0,4,8.13,27.4
83.54,57.14,519.9,2,7.14,43.0
87.49,10.28,1414.2,11,6.61,46.2
65.41,18.47,1673.9,14,6.21,39.3
11.15,72.12,2783.7,2,7.64,12.4
72.57,21.79,3891.6,15,6.42,38.5
47.62,26.2,2038.9,17,5.37,35.2
60.9,76.37,4729.3,8,3.16,53.6
68.42,13.4,4154.0,7,0.95,45.0
41.52,44.37,4925.5,10,3.97,26.0
92.54,7.08,4393.4,2,7.87,9.8
22.06,36.21,3122.0,4,5.0,18.1
70.44,67.91,3032.5,9,1.65,66.8
10.39,13.11,734.7,4,5.55,16.4
93.22,84.95,3639.8,7,4.01,65.1
20.13,86.85,3041.0,5,7.92,29.1
18.54,14.45,2584.0,22,1.45,36.3
39.97,94.17,3497.1,20,6.08,41.5
43.62,31.78,2275.8,15,5.83,33.3
29.29,12.57,2666.9,11,8.36,18.4
62.66,5.46,2051.9,16,4.85,34.3
49.86,41.77,3615.1,7,7.42,28.7
13.08,61.68,4395.4,3,0.31,28.9
38.77,34.9,4220.1,20,1.13,39.0
82.94,80.3,3951.5,16,3.01,58.4
72.07,69.49,167.6,2,5.3,52.8
75.24,36.51,4568.2,17,3.87,41.1
72.83,71.09,1446.9,15,1.8,71.4
37.99,89.64,4451.1,1,5.05,19.8
18.97,13.38,1065.1,12,4.86,34.6
34.52,32.55,2254.3,0,4.51,15.7
84.86,46.7,3772.1,21,0.86,59.2
98.24,49.82,3237.4,23,7.89,45.0
54.45,53.8,2138.0,2,5.07,35.4
10.87,32.06,3425.3,0,2.32,7.1
22.6,65.05,2789.9,1,5.87,13.9
38.99,63.06,1451.1,18,2.77,57.5
62.07,57.0,3267.0,21,4.35,48.7
16.76,15.24,1100.8,2,2.97,16.2
94.9,47.93,3500.5,24,7.5,45.6
42.86,37.06,115.2,0,8.45,13.8
92.13,49.19,2789.0,22,1.45,68.5
80.25,87.97,2065.2,23,0.3,83.6
77.99,48.25,1585.2,8,1.94,66.9
64.6,6.26,2627.0,7,5.06,33.2
66.41,44.5,3262.0,4,1.56,45.4
67.42,78.86,4830.0,0,6.92,23.0
66.58,75.21,4182.0,14,3.53,50.9
59.84,51.21,3614.0,16,5.23,34.5
98.78,27.48,2446.9,14,3.93,57.2
75.91,46.86,2021.5,7,7.69,41.9
79.93,55.73,259.4,22,0.4,78.2
88.52,94.99,1859.6,20,6.23,63.9
29.41,62.98,4257.0,2,5.58,13.4
17.54,67.48,1981.7,8,5.56,35.6
53.46,49.23,2361.8,19,3.58,45.2
56.27,36.9,1432.0,13,0.23,64.4
84.63,78.17,1443.3,5,5.89,47.3
49.94,49.54,403.2,19,7.07,45.1
61.38,94.52,3107.6,24,0.82,70.8
57.44,46.14,2295.5,3,3.81,38.1
13.44,11.12,3069.2,23,1.47,24.3
65.37,66.43,2779.7,11,5.23,50.9
84.52,9.2,4014.3,2,6.7,15.8
24.18,27.55,3780.0,23,5.7,25.1
63.49,36.84,3880.1,2,2.77,32.3
63.42,71.55,2546.3,20,1.27,61.9
24.78,49.48,1834.0,16,6.77,24.9
21.11,7.58,4673.8,5,2.82,11.4
98.2,60.52,365.9,14,0.29,89.5
45.43,42.03,847.8,10,4.9,49.3
30.47,87.97,2156.0,17,2.17,57.0
25.42,49.96,3108.4,2,7.17,9.1
70.08,68.81,140.2,16,1.3,75.6
64.85,24.7,3624.7,10,3.75,41.2
67.92,73.49,2837.8,5,2.23,59.1
17.92,69.89,2475.0,4,5.89,22.2
90.42,86.37,2175.1,9,4.71,70.0
45.03,8.04,2645.5,1,6.74,5.0
38.2,45.28,892.8,14,3.95,50.3
51.61,66.12,632.7,10,0.14,73.3
45.11,13.56,1519.2,23,1.91,49.3
87.72,41.95,3576.6,24,8.49,42.8
93.63,89.79,2982.6,13,3.5,63.3
37.31,44.23,2452.6,13,5.31,38.0
87.75,93.69,2900.5,2,7.7,42.0
80.34,10.12,2840.4,21,0.27,59.7
93.77,69.6,1604.5,21,5.64,64.8
32.12,57.29,577.5,15,2.52,55.1
61.93,50.05,4494.2,13,2.45,48.7
34.71,92.38,3039.6,9,1.99,58.8
84.17,16.67,3519.0,21,7.01,37.5
10.48,85.64,2373.6,7,3.23,41.7
60.83,67.21,3806.8,11,0.66,60.0
40.53,28.31,2964.0,4,0.91,36.3
39.04,86.15,363.6,12,1.35,67.8
68.04,43.64,4461.5,23,7.65,35.4
86.63,78.28,1597.1,11,3.69,66.8
64.83,40.0,775.7,2,7.79,29.6
86.79,81.58,531.4,22,6.97,66.5
33.81,62.3,3630.2,16,7.14,26.3
56.76,17.69,3549.4,19,2.51,42.2
50.55,63.47,3530.8,4,2.38,44.9
11.05,22.22,4587.2,22,4.8,13.3
60.11,42.07,1809.8,5,3.61,48.1
69.54,20.33,2849.6,12,4.38,46.1
63.27,6.98,3135.5,5,0.55,39.8
76.27,24.07,4899.5,12,8.26,20.9
61.42,53.27,1630.5,14,0.59,66.7
16.01,48.34,4786.0,1,1.6,11.7
20.48,50.13,828.8,10,5.8,27.4
63.68,27.29,3843.6,15,1.41,47.3
34.75,66.66,3201.1,17,1.0,59.1
17.17,68.38,4102.8,1,1.39,23.0
48.66,37.22,240.6,9,0.62,64.3
59.89,84.31,482.8,12,2.21,74.5
39.59,62.96,441.5,7,2.38,56.9
74.84,69.17,3005.5,6,4.29,50.5
67.94,29.96,3054.4,15,3.79,49.5
39.95,5.06,4539.9,16,4.08,22.9
77.94,82.88,2391.3,8,5.27,59.7
68.38,79.02,433.4,7,2.04,74.7
67.37,16.09,1126.7,24,1.23,55.7
59.81,38.67,139.6,19,7.48,40.1
11.03,64.52,3905.9,4,5.43,10.5
72.69,63.69,4096.4,4,0.61,54.5
43.84,82.43,4989.9,24,8.17,26.9
94.83,17.62,2119.8,23,5.92,50.9
83.62,43.69,194.6,12,1.37,74.8
62.89,13.75,1250.2,15,8.24,27.5
32.7,40.06,2980.1,21,3.17,37.4
28.33,6.36,4813.5,10,8.37,5.6
40.63,85.84,607.5,14,0.97,69.1
52.89,52.43,695.7,16,1.44,67.3
36.65,81.48,3538.6,14,5.62,38.0
56.34,10.39,3369.3,22,0.29,50.0
24.88,25.47,1327.5,24,0.26,43.5
97.99,28.34,4084.4,11,6.75,40.7
19.71,39.8,731.0,3,1.51,35.0
93.87,77.26,4636.1,3,7.82,29.6
92.22,39.79,1085.1,20,3.68,68.3
57.28,23.42,498.6,15,7.44,36.0
75.24,10.85,1763.7,14,3.61,47.1
49.24,12.15,1020.4,7,4.55,41.7
66.7,73.4,2682.0,20,2.76,61.8
40.65,45.03,3465.5,19,5.63,34.3
37.1,70.36,2505.5,7,2.77,43.2
62.04,66.41,3337.0,10,1.97,55.7
54.83,17.18,1888.1,20,0.78,59.5
62.16,17.86,236.8,23,0.58,65.8
35.8,72.98,4872.9,16,2.67,38.7
43.03,69.91,4115.1,2,6.29,19.7
17.55,39.02,459.8,6,1.83,39.7
14.7,11.97,2301.0,11,2.61,34.0
32.81,6.09,3211.6,0,7.7,5.0
16.68,30.93,1033.9,10,5.47,31.1
19.34,5.83,2932.1,4,7.83,5.0
83.16,25.71,2714.9,5,7.75,26.7
13.5,42.76,1120.5,13,0.63,47.9
69.3,15.93,791.9,16,8.12,37.8
34.53,14.38,3818.9,22,0.53,33.2
88.44,85.68,1680.7,24,7.88,54.2
53.65,57.69,1295.8,24,4.69,51.1
37.5,89.1,3715.6,2,4.58,27.0
56.59,36.12,3706.7,3,6.09,18.8
44.38,65.94,1454.4,0,7.49,19.9
60.79,23.42,4375.6,3,5.28,15.9
20.31,60.65,3472.4,13,3.67,35.4
99.73,16.66,1794.2,20,1.04,69.1
48.3,5.19,2194.7,6,6.73,23.2
41.34,88.84,3660.9,20,1.18,54.2
73.92,54.94,1136.8,23,6.2,51.5
42.75,88.42,2396.9,6,4.53,48.4
84.99,35.04,3302.4,0,3.34,29.2
50.88,34.5,2743.5,1,5.25,19.9
74.76,41.06,3080.8,22,6.59,41.1
19.67,68.54,2776.4,2,8.01,5.0
86.15,55.92,1076.2,17,2.32,70.2
76.21,88.28,2110.0,10,8.06,53.1
29.05,7.29,2706.7,11,8.17,11.9
23.08,68.74,3922.3,13,6.93,23.9
38.47,34.73,3304.1,8,7.5,23.1
97.85,21.22,2190.3,9,5.92,53.0
33.11,50.94,4874.6,12,0.43,44.9
51.05,50.46,628.2,23,4.93,48.4
12.7,17.33,1113.3,23,6.38,17.6
45.75,23.17,1772.4,2,8.01,13.2
61.42,41.73,1220.0,8,4.89,46.4
95.78,41.79,3164.7,23,6.77,46.0
56.51,33.58,293.8,1,6.02,29.0
83.72,18.37,969.4,22,2.46,64.9
59.24,5.39,1537.4,7,1.4,52.4
13.67,92.32,3448.4,6,6.41,26.8
38.35,89.91,4391.7,8,2.06,49.6
61.8,48.53,4012.6,12,2.16,46.6
95.55,94.55,992.2,6,5.51,74.7
87.32,65.63,2870.5,6,6.73,46.1
30.55,11.2,247.1,0,4.99,17.1
29.81,15.59,1621.6,1,7.53,5.0
28.11,87.45,4049.3,20,1.88,47.4
93.02,61.7,2337.7,16,2.22,69.2
86.74,80.89,834.7,9,5.45,64.0
79.74,85.84,2248.9,14,7.07,59.0
45.35,45.31,1070.4,15,4.63,46.3
55.39,9.37,2026.6,22,0.19,57.3
51.79,21.95,2490.4,20,5.79,32.1
32.81,10.99,1812.8,12,6.93,21.8
55.45,21.99,4691.1,20,2.42,34.3
12.74,41.95,2856.4,7,0.56,38.1
21.86,15.64,4230.2,8,4.45,15.3
89.79,20.01,3827.6,0,0.45,40.7
77.65,45.12,3339.7,3,3.59,40.3
48.06,35.62,2534.8,17,0.25,59.1
56.54,47.09,110.7,24,1.99,59.8
43.3,43.63,3106.0,24,3.37,45.5
76.67,63.0,1844.2,0,1.04,48.6
80.58,89.35,677.0,2,1.06,70.2
78.7,14.71,2278.7,9,7.05,34.0
75.04,13.93,3704.2,23,0.45,54.0
28.41,81.75,4812.2,1,5.89,5.5
40.42,50.58,1933.1,17,6.94,32.8
52.29,73.98,2759.3,1,1.2,44.4
39.77,24.39,4271.1,12,1.74,42.1
77.94,79.6,1736.6,20,5.49,54.6
39.64,88.15,797.1,8,2.75,63.1
22.44,62.19,1481.2,22,4.1,41.6
45.91,14.53,4505.7,22,7.12,11.0
98.19,85.58,881.0,1,1.26,67.0
30.33,76.32,1713.2,1,5.31,25.4
65.09,72.58,2376.7,4,8.02,34.8
48.97,8.31,4250.9,13,0.58,40.4
16.39,76.91,4694.8,22,0.6,40.1
53.91,17.42,2186.5,22,4.76,32.3
73.19,25.01,4666.6,24,8.16,25.9
56.19,56.94,891.1,2,1.95,47.9
88.49,28.85,868.6,13,2.88,69.5
36.0,64.52,4751.3,0,0.93,25.4
17.76,59.73,2597.4,8,3.14,43.2
94.29,14.73,1010.9,15,0.47,72.6
44.04,64.04,2491.2,16,3.37,52.1
61.88,88.16,3937.7,7,4.77,50.1
81.28,19.5,4151.9,14,8.29,29.1
39.19,58.74,4333.4,20,6.97,19.8
74.45,35.77,2890.9,7,7.01,35.7
22.19,46.37,4348.0,6,2.02,27.9
36.22,30.83,2599.1,8,0.83,50.9
23.02,36.87,3074.6,1,5.17,6.4
83.01,7.6,3817.7,24,4.48,39.2
30.04,93.34,2184.6,9,4.44,52.0
74.57,61.23,460.5,4,1.02,66.9
94.9,50.06,1815.8,15,4.25,64.1
57.5,39.53,3157.3,20,1.36,55.9
58.6,53.54,1042.4,0,3.65,37.7
51.49,39.21,827.1,5,0.62,53.2
39.33,37.39,1536.1,9,7.3,27.5
52.81,46.76,257.3,9,0.21,69.9
64.25,29.84,3742.8,18,7.99,24.7
98.74,21.2,1367.7,12,7.35,47.9
94.4,55.09,708.8,18,6.42,64.7
87.59,80.85,3525.7,2,8.35,31.9
90.02,18.75,4230.3,12,0.55,56.0
52.11,7.95,197.4,3,5.49,26.9
69.17,27.21,1244.6,24,7.23,40.0
90.56,93.17,4731.6,7,1.16,66.5
45.37,79.59,1987.7,11,5.01,55.3
96.56,58.63,4699.1,21,3.41,56.1
47.42,88.63,1443.6,23,3.76,62.2
64.1,45.08,1168.5,23,7.77,38.8
73.88,93.5,1149.1,16,4.62,70.1
95.55,31.67,517.6,24,0.88,76.7
32.02,26.63,4492.5,0,7.97,5.0
77.15,62.42,4901.2,1,1.66,40.2
56.87,39.03,4777.1,8,7.6,25.2
34.17,61.37,4274.9,22,8.26,20.6
79.89,32.45,4249.8,0,7.47,12.4
59.7,60.61,3339.3,18,5.79,44.2
69.49,29.82,4148.4,16,6.35,29.5
39.06,9.59,1120.9,4,5.98,16.8
53.31,87.09,2000.8,14,3.97,59.1
65.56,84.49,3240.1,19,2.41,56.7
46.44,92.37,4386.4,23,2.49,48.0
27.85,69.49,3336.3,24,6.24,37.3
96.55,66.44,4211.2,11,5.36,59.5
56.03,55.31,2422.4,3,5.01,32.0
76.05,16.33,3614.8,14,5.58,39.7
46.99,22.03,4901.9,2,6.61,7.3
41.96,31.05,852.1,13,6.39,38.1
46.64,85.11,4641.9,3,0.99,42.9
46.83,20.57,2659.6,18,3.15,41.7
58.98,88.06,3251.8,5,2.32,56.4
58.91,52.05,4401.6,16,4.62,41.8
54.74,69.4,2107.3,17,0.62,61.3
22.13,14.92,2151.6,7,6.5,23.7
54.65,29.21,2683.2,18,0.99,59.4
25.22,91.27,193.6,19,2.38,56.8
21.35,28.95,2533.7,11,6.68,22.7
93.94,31.69,1526.3,16,0.53,79.0
64.45,22.78,4647.0,18,5.65,32.9
69.35,16.62,529.9,0,7.87,21.8
46.16,25.99,2350.7,10,5.29,30.4
91.81,62.81,4742.6,9,6.09,49.9
67.41,45.98,4515.1,15,6.76,34.1
79.23,54.84,3536.6,4,1.97,52.7
43.17,16.01,2987.9,16,4.98,26.6
96.4,77.19,1475.6,8,2.7,74.5
83.84,75.57,1898.1,22,2.2,72.5
86.86,6.94,541.7,7,1.72,60.3
25.5,39.52,3951.9,24,5.02,25.0
34.39,11.19,1687.0,9,6.77,22.9
35.71,76.29,3372.1,7,7.46,28.9
34.38,71.35,1852.2,2,3.7,32.5
86.99,86.18,2375.2,22,3.23,71.0
12.87,26.28,2819.5,22,5.87,15.0
16.85,46.07,4029.1,22,6.66,19.5
34.65,21.6,1134.7,11,2.23,46.0
27.99,38.41,2054.0,23,2.6,38.3
30.87,52.0,737.4,3,4.58,36.3
81.81,9.8,471.2,21,3.83,53.3
60.68,69.34,3062.9,17,6.03,48.8
10.52,53.9,1026.5,22,4.34,38.9
48.64,79.61,393.0,8,1.04,74.7
46.71,29.46,4495.8,20,1.49,41.0
20.26,86.3,2718.1,3,7.68,20.1
70.85,94.88,759.7,1,2.01,63.9
73.19,87.74,361.8,6,0.52,85.0
74.88,75.01,687.3,17,6.24,63.6
75.56,78.11,2409.6,1,5.85,39.7
10.0,56.64,3375.5,24,5.14,22.1
95.85,22.11,3242.3,1,4.32,26.2
83.28,65.93,807.7,9,8.24,53.2
91.36,69.15,3204.1,2,1.11,55.4
11.41,93.68,2083.8,18,4.39,41.7
94.05,53.72,2377.2,1,4.84,42.2
82.88,29.42,4027.0,2,0.29,46.2
85.35,66.53,1729.2,8,3.56,65.3
18.4,93.14,820.3,10,6.68,45.8
76.49,20.95,4379.9,10,4.06,40.4
96.39,34.34,1139.4,2,7.45,36.8
71.07,53.77,1540.7,4,5.52,48.5
61.35,20.32,3562.3,11,6.54,30.0
95.11,7.0,3449.4,14,6.86,37.1
49.86,35.33,4022.0,22,5.89,31.1
63.94,82.88,1000.9,16,6.39,62.1
52.87,8.91,1826.2,15,5.94,32.5
93.96,43.6,716.8,16,4.72,65.7
16.85,73.6,2751.1,14,4.86,36.0
55.1,90.79,1533.6,12,1.7,69.6
71.83,93.69,3475.8,1,7.05,31.0
81.27,42.98,101.7,16,2.72,67.6
62.47,90.53,392.4,0,4.6,51.9
91.8,8.19,2219.5,9,2.2,56.0
94.78,72.13,4795.1,3,5.95,34.1
15.79,62.85,4465.2,9,8.29,14.7
46.21,27.46,4970.6,11,6.84,22.3
12.11,50.66,2142.5,2,5.3,18.5
39.65,16.66,328.2,0,4.87,16.1
58.32,83.44,1599.2,18,4.21,63.5
91.97,37.21,3411.3,0,1.82,47.6
86.19,61.34,762.3,18,3.02,69.8
21.47,19.29,1569.9,3,3.51,20.7
18.37,23.55,375.2,12,8.03,19.0
63.03,94.28,2427.3,13,3.67,68.6
57.89,72.78,1123.7,13,5.02,51.9
33.97,91.58,547.1,23,7.85,43.9
90.95,31.63,2115.0,2,4.45,43.0
93.46,19.81,1821.0,18,2.21,60.6
46.24,50.28,2733.8,24,3.3,43.3
90.13,49.52,3770.3,10,3.25,57.3
44.56,20.75,651.6,8,6.1,44.0
76.31,70.99,3976.5,5,2.59,51.2
52.83,37.56,228.8,3,6.23,32.0
21.03,21.77,2271.2,4,7.57,5.0
93.51,34.88,2978.4,8,2.92,60.5
50.87,55.73,4789.3,0,1.24,30.9
76.1,70.38,2912.2,22,5.46,51.6
43.05,48.37,877.9,14,3.13,54.3
11.7,52.3,2636.0,10,4.59,28.8
19.05,17.51,2039.3,22,5.43,18.2
54.66,87.32,2448.8,0,3.53,40.2
72.1,88.59,1065.8,16,7.87,61.8
40.13,66.51,2554.1,14,3.46,44.8
72.59,6.59,835.2,13,2.68,54.9
72.88,53.34,3745.8,8,7.54,41.4
73.35,61.63,3010.1,22,1.24,64.4
54.33,94.52,484.8,3,1.14,59.9
92.34,94.65,4459.1,8,7.96,50.4
54.03,82.19,3120.3,4,1.86,55.0
50.52,10.74,1648.9,2,1.35,32.5
27.94,90.79,323.6,17,4.6,55.8
37.69,60.14,3197.9,8,0.49,50.5
13.81,77.08,1929.9,3,5.31,25.0
67.02,41.65,4547.3,6,3.9,38.2
32.37,33.77,270.9,0,5.48,19.9
37.37,46.69,291.6,15,2.49,53.6
79.37,18.22,4751.6,24,7.71,27.7
39.45,37.14,4827.9,24,2.37,37.5
31.8,82.19,235.9,5,5.46,46.3
25.22,8.42,3608.6,5,8.04,5.0
79.74,18.58,1185.3,13,3.47,53.8
21.67,16.26,3536.8,21,1.46,38.3
50.84,41.28,4356.8,4,0.67,38.7
55.62,94.73,594.1,10,8.19,51.3
71.87,20.6,1270.0,0,6.52,18.0
67.0,18.09,218.0,19,7.82,36.9
82.96,87.36,314.8,9,5.97,66.8
14.03,84.38,245.1,0,2.98,35.9
36.68,7.9,4023.3,20,1.13,33.7
35.21,72.65,1561.6,3,7.91,24.1
23.14,63.99,2516.7,7,4.21,32.5
36.03,74.1,3960.4,0,3.43,27.5
37.88,49.51,2525.2,7,4.95,33.5
56.97,94.22,2203.1,13,1.0,71.9
69.73,8.95,156.7,23,2.7,55.0
44.3,26.09,2883.4,16,5.46,30.4
74.75,40.69,711.2,8,0.94,67.8
40.25,45.48,3846.8,24,1.24,46.6
36.13,87.92,1362.9,5,4.39,43.4
58.71,55.4,3403.5,0,5.34,23.0
12.13,9.06,3266.5,22,1.67,27.2
17.18,41.71,3121.7,22,0.38,44.5
47.62,42.48,1408.1,8,8.15,35.3
94.86,91.89,1408.7,0,0.33,68.4
74.94,58.93,4328.9,13,0.12,64.3
17.93,62.21,162.8,23,2.82,50.0
86.17,69.19,989.5,10,1.97,80.6
75.91,74.3,3089.8,7,4.92,52.0
64.99,62.15,4103.5,22,7.61,34.6
83.83,26.35,1855.9,11,4.14,52.6
46.37,83.66,3301.9,5,6.6,31.2
29.94,70.89,2830.1,16,7.74,35.9
56.08,71.77,416.2,10,1.69,71.4
59.4,94.69,3146.6,9,4.2,57.4
58.45,77.23,4088.1,7,5.49,40.3
60.86,79.62,4963.0,11,2.89,54.6
95.38,90.63,245.2,20,6.31,71.3
91.2,18.6,3334.3,3,6.02,30.0
88.81,49.8,2131.3,20,3.64,68.9
82.13,57.25,148.0,20,0.84,76.7
94.91,34.63,3110.4,12,0.2,70.4
18.86,80.55,699.9,2,3.2,38.6
33.86,73.62,1955.0,19,0.79,61.3
54.56,69.88,1380.7,3,6.67,34.4
86.19,94.74,1869.7,7,2.91,71.9
55.46,28.34,2514.2,4,5.7,27.2
77.32,71.19,1860.1,21,3.01,65.5
22.51,54.63,2808.4,1,6.79,5.0
32.72,33.17,1269.4,24,7.56,25.7
75.86,19.45,3213.3,7,7.14,30.1
24.83,85.63,4283.4,23,4.17,35.1
41.62,58.59,1197.9,4,0.81,52.1
33.84,79.24,2588.6,15,3.22,47.7
41.49,54.08,3278.6,20,3.67,42.0
73.75,24.8,2866.7,14,8.17,38.5
43.11,35.38,1891.7,18,4.85,43.1
59.97,39.34,3246.8,12,5.48,40.4
18.99,92.56,238.4,10,6.67,50.9
82.45,5.51,1912.5,15,4.87,45.3
43.29,93.71,2709.8,17,5.13,49.6
68.37,93.24,201.0,24,2.16,75.7
75.29,94.65,2587.5,14,0.59,81.4
28.87,47.89,3305.8,5,6.16,25.7
89.62,91.74,3820.1,7,7.23,53.9
65.46,40.6,655.5,3,3.56,49.7
48.59,7.37,4953.8,20,4.71,14.3
26.41,25.19,3070.2,15,2.68,40.9
94.81,90.08,1879.6,20,3.88,74.3
77.96,6.24,1320.6,10,1.85,64.1
28.72,54.14,2907.2,19,6.48,34.5
40.39,11.8,4420.4,1,4.23,9.4
82.87,30.78,2650.8,21,4.7,48.6
72.61,12.93,3341.2,3,0.41,41.8
78.92,82.36,1852.7,13,5.33,56.4
49.71,58.2,2001.9,10,1.8,60.4
74.48,86.19,1502.3,3,3.32,49.8
44.78,66.95,3557.6,2,3.57,29.8
29.01,92.39,1860.0,23,3.87,56.9
66.94,50.89,1034.5,21,2.01,67.1
97.84,62.48,1910.1,24,7.24,52.3
37.95,56.87,4283.8,4,3.69,23.4
51.49,48.58,3717.4,5,5.24,27.7
70.66,81.14,1739.7,8,5.26,59.9
58.74,63.01,4543.4,3,5.2,30.1
85.91,77.12,466.7,6,4.8,67.5
78.56,75.77,343.8,12,7.01,57.4
15.25,22.19,724.6,9,6.93,25.6
99.86,63.51,670.6,11,3.6,77.7
77.72,22.97,530.4,9,5.44,53.2
87.75,57.5,3340.6,10,0.96,75.8
68.61,65.97,3044.1,10,0.86,67.5
87.07,94.75,3273.3,21,4.13,69.5
20.11,7.75,3473.0,5,7.66,6.4
41.3,13.21,3808.7,5,5.56,18.1
88.88,11.93,1115.2,19,5.72,48.0
28.15,40.85,3149.3,5,1.42,38.7
17.04,78.94,2942.2,11,3.91,39.1
80.93,80.97,4723.9,22,3.47,54.6
85.19,71.33,1238.6,13,6.68,56.6
24.64,85.72,387.7,17,1.26,67.8
86.89,34.06,3302.1,24,4.63,51.4
71.81,12.93,3726.8,22,7.76,29.5
56.81,10.23,1487.7,18,7.6,31.8
84.72,81.69,2897.2,9,7.26,53.6
47.73,70.74,391.7,9,3.25,62.4
27.46,67.88,4804.2,6,8.01,16.1
35.64,35.57,638.6,9,6.86,33.0
55.46,39.19,431.1,13,7.25,38.2
57.82,91.23,316.1,4,7.93,42.6
82.5,10.74,2193.6,24,7.97,36.5
81.22,74.64,576.1,21,2.12,75.4
62.32,32.87,3748.8,10,1.17,57.3
80.27,8.51,4504.5,6,5.9,27.9
27.26,71.83,1375.1,19,4.83,45.4
14.51,34.78,3181.0,17,2.85,29.3
88.63,69.99,307.5,10,5.85,69.6
16.8,68.69,1994.2,19,0.62,49.3
32.2,53.13,1535.4,24,0.5,57.6
72.58,74.96,1220.2,2,3.08,52.2
46.85,57.29,3259.1,6,1.73,47.0
88.87,30.8,738.1,3,6.14,43.3
36.82,71.07,4317.5,18,8.06,21.7
11.07,58.02,3357.7,20,5.66,20.1
37.06,6.15,3582.6,17,5.6,17.8
62.03,86.15,4683.2,10,0.16,66.6
43.83,54.11,4717.6,13,4.4,35.7
58.14,83.18,2803.1,9,6.96,44.3
88.89,84.45,2527.4,13,5.59,68.4
92.12,45.05,1743.4,3,2.01,60.8
33.94,50.69,3606.3,22,7.23,28.0
51.59,42.42,2737.2,11,8.2,26.8
59.42,45.45,4671.1,11,2.44,48.0
95.42,85.56,1269.3,1,1.84,66.8
99.88,75.93,1620.2,5,2.94,67.5
31.19,16.39,1648.8,4,0.63,35.9
75.43,59.93,4049.4,18,7.44,36.0
44.02,94.63,585.3,20,7.91,46.9
10.73,58.6,2332.7,14,5.42,26.7
10.83,75.73,2195.1,9,6.52,34.0
51.45,74.22,458.4,6,5.72,49.5
53.95,36.53,2112.9,18,3.27,45.3
12.03,38.47,2615.6,7,5.41,23.5
71.82,70.17,419.0,14,7.13,56.1
36.46,50.0,2598.3,22,6.9,33.9
60.39,56.35,4800.3,3,0.78,41.2
37.08,69.16,4896.7,12,3.99,32.4
25.04,74.98,2705.2,4,3.44,33.2
46.65,29.44,2624.0,10,6.42,27.3
30.9,18.21,1499.0,15,4.31,36.0
58.13,31.26,4985.9,19,3.04,40.8
27.89,50.68,1443.7,17,6.03,30.9
55.76,35.79,2319.2,14,4.08,44.5
24.16,56.15,114.4,24,2.26,57.6
70.39,9.81,1811.2,0,7.58,8.6
77.85,50.88,450.1,7,1.05,70.7
19.94,38.12,3744.7,3,0.25,28.1
52.1,53.12,2849.0,8,1.31,58.7
16.38,43.03,2903.6,18,1.47,41.3
63.84,30.58,1503.9,6,4.62,45.1
33.8,86.37,4093.0,14,5.35,40.1
57.49,21.63,116.0,2,3.87,35.4
56.57,66.32,1734.6,11,1.82,68.0
93.19,88.22,3331.5,22,1.21,75.1
59.42,53.48,4548.8,1,4.23,15.3
62.47,83.88,1249.6,18,4.85,55.5
46.15,16.24,2751.4,23,2.65,39.6
95.42,49.44,2736.2,6,1.95,62.0
79.95,46.13,4383.5,10,0.78,57.7
35.69,5.73,347.5,18,0.32,51.9
85.98,44.89,2179.9,7,0.99,70.2
48.92,38.21,994.1,12,6.33,41.9
84.58,65.28,205.5,8,2.99,76.6
84.06,89.45,820.5,1,0.33,66.6
27.0,12.72,4884.7,17,4.37,16.2
73.1,34.47,1152.8,14,4.6,55.6
36.16,44.97,4681.7,22,3.7,32.5
36.77,45.97,1105.7,10,1.03,57.8
36.67,74.73,4663.3,23,6.44,32.2
75.3,44.91,3307.6,14,5.89,44.2
30.68,7.44,654.8,20,3.42,42.8
10.08,68.91,2951.4,17,3.3,35.8
74.37,84.63,1660.7,13,1.41,73.2
25.41,51.25,1977.5,20,6.43,26.0
19.4,57.3,2256.8,18,5.14,36.4
31.38,19.66,2171.3,12,0.82,42.6
44.19,24.86,3354.1,24,3.28,40.6
52.83,26.17,3865.0,15,7.69,23.4
14.01,43.77,1713.0,1,3.9,16.8
97.35,88.53,4629.4,24,2.83,64.6
74.45,51.96,4698.5,1,5.51,26.0
39.09,22.29,299.4,16,1.8,51.6
38.68,28.95,173.1,21,4.5,45.1
50.37,39.56,2182.8,21,5.72,40.6
66.36,61.09,2994.2,19,7.28,41.8
23.17,44.6,1461.7,17,5.92,30.2
27.0,40.32,1371.1,9,3.33,44.0
87.35,55.83,3423.8,11,6.55,50.4
33.06,26.77,3048.4,2,7.65,5.4
44.22,12.1,919.0,5,4.11,34.8
88.41,7.2,4434.1,19,0.14,56.7
69.68,27.61,3431.9,4,7.5,20.1
40.75,13.24,1876.6,24,1.49,43.6
71.53,35.27,3449.8,20,1.16,62.7
11.77,74.56,652.0,7,2.68,52.2
76.21,69.47,2394.5,17,3.29,62.8
53.83,59.98,928.0,15,6.81,48.3
83.19,81.73,303.0,13,3.37,73.7
95.92,30.39,1757.8,5,0.51,63.1
93.32,84.65,838.6,10,5.44,67.7
91.83,40.93,3204.2,5,5.74,42.8
56.1,41.08,3402.9,4,6.94,22.9
42.41,41.48,828.6,14,3.45,53.1
51.85,13.83,220.6,5,0.82,49.7
72.09,92.79,3984.8,20,4.75,59.1
89.56,17.47,110.1,15,1.12,73.3
28.63,35.68,1785.2,17,0.24,58.3
92.64,33.74,2523.5,20,6.64,52.5
83.37,11.72,4111.3,0,3.49,27.9
98.1,18.7,4208.9,2,4.51,33.9
89.22,9.04,3652.2,22,5.67,36.4
35.19,31.32,1311.3,19,3.47,43.6
19.54,83.0,3628.9,23,0.53,58.0
20.1,35.55,1308.0,2,2.22,29.4
36.21,16.13,1151.6,6,1.73,38.6
65.28,63.11,2780.9,13,8.31,39.4
82.39,94.69,3426.4,17,6.31,53.7
90.93,25.91,360.0,23,3.89,60.7
66.14,30.16,394.1,14,0.63,68.1
10.51,92.47,3942.4,12,1.07,49.5
26.77,21.09,4311.5,18,6.93,10.8
18.98,51.01,3061.8,21,8.04,17.3
42.7,26.57,2201.3,1,0.36,29.7
55.12,88.91,4242.1,6,7.75,32.0
13.91,93.34,3671.2,12,3.3,36.1
41.36,78.32,2940.0,3,1.89,42.3
26.13,33.33,1666.8,5,0.96,40.2
68.24,41.31,1070.2,17,6.58,41.6
51.78,26.81,2151.5,18,4.04,39.1
54.58,85.17,1505.4,14,7.09,49.4
48.49,87.31,1762.4,2,2.0,49.2
96.04,42.7,2626.6,19,5.8,53.0
29.33,64.09,928.6,16,1.09,59.6
56.5,19.9,4050.3,15,0.85,40.5
76.24,44.14,813.1,12,1.22,72.3
60.12,61.83,2456.9,21,6.89,41.6
93.61,39.69,3755.3,21,5.61,46.3
44.02,37.18,2476.6,19,1.49,44.0
51.73,5.09,1869.0,7,3.33,36.9
17.97,77.39,2427.0,20,6.51,34.7
64.81,85.04,4258.5,13,2.5,58.6
35.94,92.25,4953.1,3,7.84,16.4
24.43,69.73,3192.6,6,7.78,20.0
59.01,54.39,3987.9,9,4.74,41.5
57.91,29.24,171.0,14,5.41,44.6
16.83,94.94,4413.8,15,5.59,32.4
72.84,58.08,4774.8,7,2.27,49.0
66.14,66.3,2918.3,1,3.17,36.1
27.01,66.42,3793.6,16,1.24,48.8
52.25,81.07,2612.4,5,7.87,28.3
74.83,5.87,1502.4,15,6.18,41.6
57.65,24.82,4276.0,1,0.49,31.8
45.59,64.9,3024.5,23,4.71,42.0
39.01,85.56,2939.0,20,2.98,55.9
64.94,66.68,3329.7,17,6.95,40.1
94.52,42.21,4294.4,10,2.99,54.2
70.46,37.54,3686.3,11,5.51,36.4
16.73,71.42,1134.5,4,1.49,43.9
51.46,71.71,2387.4,1,4.79,29.2
90.17,59.64,4903.5,21,2.57,55.5
18.5,31.23,2817.3,23,1.49,37.6
99.0,88.26,4697.4,17,5.3,59.3
95.42,54.67,4085.5,21,5.46,55.4
17.04,76.14,3363.5,5,8.36,17.6
94.01,24.29,1811.9,0,5.72,33.4
42.68,35.96,1591.2,8,4.43,41.6
86.02,83.71,3252.8,14,7.77,49.6
47.65,9.51,2219.6,7,7.06,22.9
49.68,51.11,4013.9,13,4.71,36.0
67.08,48.35,3826.2,3,4.4,30.3
79.7,72.61,1629.4,6,8.01,46.3
13.04,30.37,3543.4,19,5.28,16.9
63.38,24.72,2523.3,7,6.1,32.0
26.81,88.35,1684.1,9,0.83,64.7
41.14,56.45,2123.5,17,6.13,34.4
41.32,14.42,4487.2,17,2.32,28.9
52.22,22.37,1861.6,18,1.07,56.5
40.07,94.89,1508.3,3,7.24,32.7
19.66,22.6,1823.9,12,5.91,28.7
23.11,59.94,1151.6,5,3.52,35.1
13.01,42.81,2768.7,20,3.72,31.4
52.32,84.7,822.4,12,1.76,72.4
95.9,72.97,4105.5,22,0.18,72.0
20.41,58.73,1205.3,21,3.03,51.4
95.16,5.97,3030.5,15,1.35,56.8
76.0,84.18,712.6,19,3.64,73.6
67.37,45.02,4894.4,9,7.1,28.4
68.07,88.84,2327.4,8,1.06,77.5
84.41,49.6,4128.6,6,0.87,58.3
19.62,67.48,3866.4,16,7.68,27.7
55.43,11.24,3597.1,23,6.36,29.1
72.74,72.06,4154.1,19,0.55,67.5
62.81,35.42,592.3,6,0.77,57.9
84.95,36.62,3424.6,1,5.85,27.5
16.5,15.68,1402.6,18,3.21,31.9
72.16,18.22,3950.8,0,6.18,12.4
58.06,21.72,4788.7,1,3.5,17.3
44.12,34.54,4517.3,4,8.23,5.0
40.62,85.28,663.3,17,5.93,51.6
65.87,38.14,1910.8,5,0.49,55.4
90.19,70.19,1885.2,5,2.88,61.0
54.66,12.45,699.3,21,4.83,44.9
84.23,58.2,580.8,15,1.29,77.9
46.19,48.37,1986.0,15,0.12,62.3
19.22,93.02,4961.2,2,0.77,33.9
15.54,81.16,2887.8,2,4.5,18.3
14.62,45.93,3146.7,22,5.41,22.6
44.21,74.76,2408.0,3,0.88,53.9
40.35,22.37,3345.4,5,5.69,21.3
74.61,55.61,4787.6,23,5.28,37.5
76.85,11.72,2984.6,2,8.0,16.3
14.58,36.33,418.7,24,7.16,24.9
29.9,25.33,2515.2,8,8.02,12.4
34.68,69.7,4964.5,2,8.22,10.9
59.29,49.11,1998.3,5,3.8,44.4
23.01,72.6,3010.0,20,4.2,40.1
22.05,51.38,622.5,19,2.47,45.7
94.94,12.78,791.8,23,4.37,54.5
82.38,71.18,4385.9,8,1.37,59.5
26.26,79.99,1571.7,14,5.74,47.1
46.59,86.32,1596.7,8,0.31,65.5
42.01,56.48,1997.3,4,2.08,48.4
81.19,72.82,4835.7,20,1.85,57.9
55.92,72.68,513.5,15,7.98,44.1
21.51,19.02,4111.9,2,1.32,16.1
76.51,19.78,1773.6,8,7.58,36.0
45.72,11.38,4262.4,16,1.14,38.1
33.66,33.79,4959.6,2,5.57,5.0
43.79,47.62,1808.5,6,2.79,44.3
54.8,94.81,733.8,6,2.75,63.0
40.88,43.79,807.4,20,8.49,34.9
31.77,70.36,3817.8,5,2.0,40.5
45.87,67.41,810.1,19,1.8,64.1
11.73,23.4,1376.1,7,5.05,27.4
79.52,10.27,1101.6,3,6.32,32.2
25.39,54.14,1842.8,14,8.35,26.3
13.95,68.03,464.4,5,5.99,31.2
68.83,94.84,4298.0,15,4.82,51.6
79.65,37.27,4314.7,4,3.54,35.4
83.24,85.67,2123.4,11,5.1,64.7
54.42,39.37,3099.2,13,5.15,41.5
28.48,67.05,3245.6,5,1.93,41.2
76.35,58.84,3771.4,2,5.74,33.0
72.97,9.77,2651.4,18,1.82,47.7
32.16,12.05,2600.6,9,4.22,30.7
91.31,6.87,3193.4,6,2.28,46.7
19.39,38.38,3544.9,12,2.73,33.2
98.44,72.12,1798.8,0,5.26,48.5
87.42,20.55,1718.8,0,0.64,43.1
71.91,59.53,1421.6,16,0.2,74.1
94.49,30.99,2789.3,21,1.2,66.2
75.01,76.73,1864.8,3,1.52,63.2
27.14,76.86,2747.5,13,1.76,50.0
49.79,74.79,2089.3,5,6.6,37.0
16.44,52.24,4200.0,13,3.85,29.0
45.07,30.61,458.3,14,4.05,45.9
76.74,77.85,2903.8,0,5.51,33.8
44.78,21.75,2920.6,19,6.22,25.9
39.73,31.08,1980.2,15,0.13,52.9
63.58,21.56,2163.0,3,7.3,26.2
88.5,65.68,4020.6,1,8.4,24.1
14.28,66.76,1475.3,0,1.12,33.3
44.69,63.73,4369.9,12,5.57,34.7
24.24,42.4,4492.1,15,0.12,39.8
72.58,14.02,3288.0,7,0.51,51.4
19.52,87.01,3887.0,21,2.49,46.6
69.83,50.7,3103.4,3,7.21,26.8
35.76,41.63,2673.8,1,5.58,14.7
27.9,57.99,4836.7,12,3.84,30.8
94.27,22.35,1485.0,4,3.78,46.4
11.67,16.93,855.3,24,4.01,34.0
49.4,41.5,1508.7,22,2.71,50.8
11.95,25.45,3111.7,19,7.47,16.4
53.52,26.99,1007.4,20,4.87,45.1
55.09,85.33,4553.2,23,4.17,52.0
38.95,52.77,2114.0,12,4.01,43.7
21.89,48.51,4264.8,4,7.96,5.0
43.87,67.05,1321.3,15,6.18,48.3
70.5,90.64,1634.5,5,1.32,67.0
80.42,15.1,390.2,15,3.77,61.0
57.77,80.02,1363.1,21,2.52,67.7
63.09,57.56,2502.5,23,8.39,41.5
28.06,18.15,4736.1,12,3.59,19.9
35.86,31.74,2005.6,10,0.67,53.0
24.57,48.41,3234.7,20,3.55,33.1
32.44,67.21,2195.8,0,2.8,22.4
30.24,26.83,329.3,3,5.14,28.2
56.75,53.14,2567.3,2,2.0,40.9
60.64,66.62,423.0,17,0.4,77.7
95.05,45.39,4430.1,22,0.91,64.0
27.6,82.67,3789.9,15,2.48,46.6
67.75,83.25,1955.4,12,3.03,70.6
83.55,47.36,3237.1,12,7.11,43.6
60.42,92.56,648.9,6,2.37,67.0
32.95,11.8,3542.5,23,0.36,38.8
33.63,5.3,4131.4,14,6.66,13.7
13.53,39.26,4126.6,14,7.4,5.0
37.49,59.1,1493.0,4,4.24,38.6
77.01,61.63,1392.4,16,2.49,72.1
14.28,47.88,2654.8,21,6.59,23.1
29.74,16.24,4842.1,21,0.17,33.2
73.56,20.34,4610.6,10,7.86,26.0
80.44,81.69,1862.2,23,7.37,60.6
50.98,83.11,3921.2,12,4.68,48.0
72.83,65.65,4614.5,9,2.43,55.6
44.92,64.78,1378.5,14,0.38,63.9
24.39,58.79,4168.4,1,8.5,5.0
45.83,23.26,1412.7,10,6.5,33.5
62.2,43.54,1782.1,24,2.95,55.3
95.32,67.63,1074.2,10,0.26,79.3
16.19,53.35,2584.7,21,5.47,27.3
55.67,6.67,4232.2,0,8.39,5.0
39.6,90.82,2687.5,24,6.04,43.9
55.75,81.03,704.9,7,0.8,64.3
12.16,28.45,1333.7,16,3.48,38.7
38.17,60.48,2858.0,7,1.02,48.3
83.79,88.09,2957.6,12,7.76,50.9
59.85,13.64,2926.8,22,2.88,45.8
50.55,50.27,477.3,4,6.26,34.2
35.7,46.06,3793.1,5,0.81,32.6
36.82,41.92,4556.2,19,1.18,41.7
44.48,80.2,2601.5,24,5.81,47.3
85.2,39.26,3622.3,24,7.19,38.6
97.05,10.73,4578.7,13,1.79,51.7
49.48,10.93,3248.9,16,3.61,30.9
45.4,8.85,3404.2,15,5.3,22.9
86.19,41.82,3634.9,8,6.79,41.4
48.42,69.66,1376.5,18,5.38,52.0
59.68,23.34,2955.1,1,0.9,34.5
30.78,63.18,4226.7,3,4.66,23.9
76.92,66.84,1551.2,19,7.53,56.0
57.88,27.97,4496.1,8,7.39,26.1
82.81,59.05,3139.9,3,5.01,36.4
80.27,66.64,2173.6,4,8.46,35.6
29.35,47.0,3153.6,5,0.98,41.1
74.41,35.3,2069.1,19,4.12,51.8
82.0,60.72,4206.4,0,6.61,19.1
41.15,93.01,2463.4,12,1.28,61.6
25.53,43.42,4515.9,17,8.27,6.0
10.24,40.26,2598.1,2,3.07,16.7
50.58,46.78,3335.8,19,3.04,43.4
41.72,11.86,4988.9,4,1.89,19.9
59.94,54.78,820.1,12,2.52,66.1
26.92,34.58,3710.0,9,4.95,21.9
87.37,15.93,780.5,2,3.71,41.3
33.2,46.96,4210.4,10,1.72,37.1
30.38,5.3,3022.6,0,6.9,5.0
53.26,41.16,4697.0,14,0.62,51.4
54.9,14.52,4343.2,23,7.11,21.7
29.36,7.19,466.9,23,2.41,42.7
34.47,79.2,772.8,3,4.27,37.7
25.27,87.46,3045.7,14,3.3,47.6
74.66,23.69,2639.7,6,4.89,36.0
79.31,53.54,926.0,14,6.79,53.8
51.61,30.02,733.9,3,8.41,19.7
74.27,49.42,2863.6,2,2.67,40.8
76.23,44.3,339.7,22,4.75,59.9
22.44,29.21,4381.3,13,4.01,25.6
96.96,68.04,4054.7,5,8.49,42.8
83.89,16.38,3948.3,0,6.89,15.2
28.4,9.78,178.4,8,3.44,46.5
26.75,74.09,333.4,11,4.11,52.8
21.31,64.93,2794.2,17,2.17,50.3
22.45,49.87,4972.7,2,6.44,5.0
77.33,47.1,1777.3,20,7.2,47.3
52.27,49.77,1787.4,18,8.21,34.4
80.46,44.33,758.0,2,4.85,45.1
77.16,40.36,3404.2,23,5.73,44.7
64.42,49.97,3268.7,13,3.85,44.2
71.77,52.57,596.5,3,5.22,47.2
11.65,67.27,2390.3,12,3.03,36.3
38.06,69.01,3368.7,12,6.3,37.2
67.4,38.99,2518.2,1,0.29,46.5
10.84,42.22,3404.4,20,0.34,43.8
12.97,38.63,4099.7,1,6.12,5.0
86.67,53.29,3460.5,9,7.92,39.1
71.56,45.8,3119.0,10,5.41,48.4
33.88,85.06,4282.6,23,6.2,31.1
71.92,67.67,4512.9,14,7.02,35.9
81.32,85.88,2005.5,2,3.14,56.6
37.61,68.82,948.9,13,1.01,62.9
13.24,92.39,4107.5,17,7.94,24.0
93.95,62.22,1147.4,18,7.98,57.5
41.07,91.72,4651.9,18,3.81,47.0
19.58,19.24,212.1,0,1.92,23.8
54.27,9.72,4614.2,18,7.6,16.5
79.16,57.12,2987.0,2,6.05,33.7
29.95,93.51,3896.2,19,0.17,57.8
34.25,42.58,2052.6,7,1.0,44.2
31.84,24.08,4959.4,24,8.36,10.3
99.25,51.94,1215.0,16,0.42,84.5
27.77,63.39,1395.3,0,2.47,33.2
61.8,33.37,352.0,5,4.71,46.3
93.27,69.33,4708.3,16,1.65,62.4
23.22,92.76,2334.5,20,2.05,50.6
97.38,85.73,3406.8,0,3.06,53.7
95.27,31.24,3468.5,12,2.36,59.1
89.61,34.41,4385.1,23,6.85,39.0
29.31,38.44,3358.1,11,4.3,32.0
67.06,40.51,2853.9,4,2.44,44.4
78.48,14.03,3580.6,21,2.73,49.0
98.74,73.58,3779.8,19,0.43,76.0
26.24,37.88,1011.0,12,0.51,47.1
78.94,84.18,637.4,7,6.13,64.2
40.49,88.42,466.8,11,1.05,72.5
25.81,7.2,1932.9,24,4.1,24.9
47.92,93.97,2540.2,8,7.18,41.5
81.45,68.9,3116.7,16,3.2,64.7
51.84,51.84,4794.4,13,3.0,44.8
58.38,40.06,1720.9,6,7.43,24.6
99.56,51.67,3828.3,3,7.36,35.5
45.92,34.22,2703.7,23,7.49,26.9
65.39,61.04,1178.4,6,4.9,51.5
42.87,13.37,3115.0,16,8.1,17.9
45.35,60.9,4839.2,16,6.98,25.0
72.61,29.78,709.1,0,3.59,39.4
94.41,6.59,2585.7,1,5.39,25.9
58.81,54.74,352.9,17,1.12,71.2
79.16,57.06,1674.0,8,4.73,61.6
18.03,43.39,3141.0,4,2.31,23.9
29.0,11.51,4221.2,0,2.48,5.0
55.19,85.4,3678.6,6,1.16,57.2
11.8,60.03,2368.0,1,3.11,25.8
32.76,15.41,4555.2,2,4.14,5.8
56.57,50.98,1583.3,3,5.14,34.5
11.35,49.75,3794.5,2,2.66,17.9
33.81,10.44,2422.6,18,6.75,23.1
56.26,59.62,4503.3,24,4.48,42.5
61.58,77.75,4007.4,11,5.46,46.0
93.32,72.41,4517.2,14,2.44,63.3
68.08,23.27,1149.8,3,6.94,29.3
47.33,82.61,3373.9,23,5.34,35.4
93.73,35.83,3718.5,0,7.34,26.8
80.64,90.19,3737.8,15,1.44,70.2
28.0,11.46,2569.6,5,3.3,23.9
21.78,48.76,155.1,16,1.05,61.8
70.82,58.74,1381.0,4,1.91,55.0
60.39,27.29,1684.2,22,3.41,56.3
81.07,74.42,4275.0,12,7.61,45.4
76.49,61.42,4220.3,11,4.78,49.9
66.27,6.63,612.9,0,2.88,34.3
98.77,59.75,4754.2,24,6.37,45.7
58.02,49.23,994.0,11,0.27,62.8
20.18,22.64,2130.4,24,3.21,29.4
84.54,94.62,1154.3,21,5.15,73.9
32.67,85.74,4315.6,1,5.0,17.8
79.96,31.33,3772.1,17,5.2,37.6
96.14,53.7,1832.3,8,1.88,72.9
72.71,33.49,3441.2,15,2.93,51.5
63.64,74.79,1003.4,19,7.93,49.3
51.43,88.73,1973.3,14,8.28,45.1
42.8,37.29,1947.8,21,2.72,50.5
41.77,77.5,1265.9,9,5.51,51.3
67.27,49.86,4393.9,1,2.13,33.0
77.61,40.69,3426.3,3,3.2,38.3
71.07,89.46,1471.7,17,6.76,60.0
27.86,50.94,1286.4,18,4.31,43.1
54.46,47.07,188.0,17,7.24,42.2
81.25,65.52,1798.3,13,5.38,62.7
52.81,28.51,2681.2,7,5.38,34.3
58.3,34.23,1460.8,4,0.38,53.7
79.4,88.88,3532.2,4,6.4,42.3
69.51,66.07,2117.6,7,8.31,44.2
46.84,79.4,1650.0,10,4.07,50.6
90.59,29.4,4701.4,23,1.43,60.3
24.63,53.94,1387.7,22,8.31,21.7
99.6,92.43,2051.5,20,2.54,76.7
20.7,33.68,1973.2,6,3.54,31.1
11.35,19.44,1281.9,12,0.75,39.5
90.1,50.98,1165.6,16,1.03,75.0
32.05,39.9,1581.7,18,1.92,46.6
75.67,19.36,4334.8,2,4.71,20.2
82.99,84.97,3858.7,1,4.79,41.6
87.31,94.17,3436.9,5,5.19,54.5
99.24,56.17,2339.8,18,5.0,64.6
36.46,74.72,2588.0,14,4.26,46.4
73.92,82.31,1409.0,3,6.84,43.1
20.39,68.09,464.1,18,7.94,36.8
46.61,8.97,1722.1,6,2.37,32.9
86.32,19.19,2528.4,19,1.19,53.0
43.09,11.39,380.8,20,3.67,38.8
63.2,5.89,532.3,13,0.32,59.3
55.34,32.54,1388.8,6,7.52,31.8
68.14,40.31,1898.7,19,2.11,50.9
97.56,26.69,2027.3,13,4.71,56.2
15.02,10.81,677.6,21,1.07,40.5
61.66,52.69,1206.5,24,4.75,53.7
87.67,29.6,1382.1,21,0.43,65.3
53.32,76.64,431.4,4,6.56,51.0
17.07,5.72,1697.9,14,8.13,12.3
60.45,80.83,453.9,11,2.68,66.5
39.89,90.93,3546.9,16,2.27,55.0
23.94,69.45,1991.6,23,3.86,48.7
86.41,71.03,1701.1,20,5.31,58.8
56.94,89.02,720.0,4,1.69,58.9
93.99,23.82,1209.9,18,6.85,49.7
82.54,94.51,1240.3,9,1.77,81.3
72.37,74.61,4927.5,11,0.15,65.9
10.45,70.39,4193.2,1,4.5,15.6
48.5,37.5,174.8,16,1.07,64.3
27.77,54.12,3122.5,24,5.97,25.7
91.97,63.85,1354.0,4,1.51,64.3
25.71,60.83,611.4,14,6.97,35.0
35.75,68.45,3557.4,19,4.05,43.5
56.52,12.41,744.9,22,4.86,44.7
33.7,37.01,2274.3,12,1.67,49.9
28.89,44.06,3197.6,19,1.33,45.3
63.92,28.46,2817.0,10,5.4,37.4
18.0,20.54,4890.4,17,2.25,23.4
15.24,17.5,3950.1,8,3.34,17.8
43.5,37.97,3893.5,15,4.13,36.6
74.86,49.41,1842.4,23,2.03,62.2
59.93,10.67,141.1,14,6.78,43.0
48.06,90.18,3698.6,3,7.99,25.9
60.92,73.87,4998.7,23,3.73,52.6
42.89,70.78,2088.8,11,7.81,38.3
94.25,20.56,4929.0,12,7.51,33.3
14.94,59.34,794.4,8,1.49,51.1
70.61,52.68,1552.9,14,1.56,65.1
90.22,93.42,936.6,17,4.11,76.0
82.35,72.29,2428.4,19,4.52,64.4
26.56,56.82,4005.2,21,2.97,33.1
36.63,81.57,1769.2,6,2.73,51.8
74.53,18.96,4540.5,20,3.72,34.6
17.58,6.37,2769.7,11,5.9,17.1
83.07,67.12,2380.6,9,0.81,72.1
74.7,13.85,3956.5,6,6.07,29.1
75.66,15.39,597.1,13,7.88,38.1
19.02,72.02,3891.4,14,6.51,25.5
74.6,29.35,1290.5,3,1.71,51.7
71.18,61.58,1476.0,7,0.83,69.4
84.78,87.57,3037.3,18,4.22,69.3
13.74,33.48,4519.5,18,8.13,5.2
12.08,24.54,2934.2,4,6.98,5.0
43.57,14.59,3279.9,21,4.83,32.6
23.39,16.74,3905.3,2,1.3,16.1
60.25,10.6,1370.7,9,6.1,35.7
92.56,12.89,4153.4,14,6.93,35.9
45.23,43.88,2148.0,1,7.95,12.4
86.05,33.88,960.7,20,5.24,55.5
10.02,68.59,1815.6,9,4.42,35.8
25.17,83.32,1306.0,21,5.3,49.9
12.74,75.63,1220.7,15,8.02,29.9
39.53,52.76,1484.6,2,5.38,25.6
91.74,14.22,986.6,6,2.26,57.9
18.73,68.88,3371.7,18,5.44,32.3
64.58,37.65,2942.0,14,7.49,38.4
50.63,12.71,3277.4,11,4.86,30.3
94.46,80.82,1784.3,1,4.32,50.9
21.03,35.44,3871.7,12,6.26,24.6
29.08,24.64,735.1,19,5.65,34.0
12.66,83.43,2898.6,18,0.58,51.4
49.05,86.19,1449.7,6,6.19,46.5
35.0,35.51,2685.3,23,3.52,34.3
88.29,36.93,1685.8,2,8.0,30.2
64.44,57.17,3973.5,5,8.25,26.8
65.27,71.01,4467.2,0,3.87,32.8
57.87,10.68,3738.6,20,8.24,18.1
18.27,58.4,960.4,1,2.71,30.7
50.05,90.75,1446.8,0,5.83,37.7
99.96,28.59,4604.9,22,0.73,61.3
85.17,86.79,2242.4,3,1.32,67.6
90.41,90.52,4711.8,4,7.36,40.9
84.09,29.22,2023.0,1,7.61,22.5
19.27,72.88,4763.7,15,4.57,27.2
30.47,26.49,4636.1,7,2.95,29.1
10.28,71.39,3336.6,14,3.89,26.5
37.32,76.77,143.3,10,7.4,43.8
19.77,27.25,2061.6,9,1.87,34.7
52.55,69.43,4565.1,2,2.58,36.7
70.94,78.09,4437.0,22,6.7,47.3
88.71,37.27,1018.2,10,7.96,46.3
77.43,20.09,2056.0,16,0.88,69.1
94.47,13.28,4194.0,9,6.85,39.8
14.85,56.78,2931.6,16,5.52,28.9
11.1,93.03,4251.8,13,2.04,47.5
69.52,79.07,4150.2,22,6.45,43.0
36.04,44.23,4546.7,0,6.21,5.0
32.82,53.3,674.4,24,1.29,59.0
39.78,30.16,811.6,8,4.32,41.0
34.28,19.68,505.8,23,6.47,28.4
56.03,48.39,4682.8,23,1.71,44.2
49.61,46.72,2428.3,14,3.99,44.8
56.12,51.97,415.2,3,1.11,56.0
70.54,90.75,1675.5,19,2.68,70.3
44.84,59.35,1821.9,20,1.93,51.6
32.62,59.52,4066.8,24,4.34,36.2
24.96,16.52,3703.8,2,1.29,22.4
41.45,94.68,3478.0,19,3.32,50.7
76.76,74.56,207.1,20,2.41,81.2
78.1,83.95,4562.4,6,6.37,45.4
70.02,42.29,1156.2,20,5.98,46.4
31.06,50.19,3182.4,24,0.9,45.6
62.93,51.99,402.9,21,8.11,44.1
61.36,22.47,499.5,2,6.36,27.3
53.58,67.05,146.9,21,5.27,49.2
59.5,86.27,2873.0,21,4.11,54.2
54.26,19.73,3184.0,14,1.59,43.9
60.89,12.77,347.3,9,8.18,40.2
74.4,71.44,1523.4,15,0.17,77.9
19.87,29.59,4272.1,16,5.92,14.2
77.47,61.15,596.4,22,4.36,63.4
22.23,67.62,1161.1,18,7.68,34.4
16.0,33.97,2179.5,0,3.3,12.7
97.85,78.36,4227.1,0,4.46,39.6
96.13,54.5,1348.8,20,6.34,58.0
15.44,83.21,4986.0,13,0.5,46.0
49.89,73.7,1840.8,1,0.56,44.9
26.76,83.17,1993.6,1,1.88,34.9
53.68,6.81,698.3,19,1.33,50.3
84.72,26.92,3433.0,9,0.15,58.8
95.56,13.1,1293.0,14,5.33,50.4
67.08,44.79,3181.5,14,6.79,40.9
41.85,85.1,1193.5,6,8.14,40.8
64.3,47.08,2000.6,7,3.8,51.3
38.08,81.47,4297.7,10,2.45,48.6
91.88,34.45,3720.6,15,7.36,38.1
88.34,35.56,857.5,22,7.19,45.0
60.24,85.6,3077.8,24,5.35,51.9
39.23,43.32,3180.3,6,2.39,39.4
36.41,76.08,543.8,19,7.73,40.5
13.01,26.3,2382.4,8,1.6,32.8
83.42,90.39,1377.3,24,0.47,80.8
50.53,56.71,2388.9,18,6.79,39.0
39.26,73.34,3907.6,23,4.83,39.8
52.4,13.06,875.5,0,2.17,34.1
83.69,49.34,704.2,17,5.74,56.3
21.22,86.09,1419.7,7,6.54,37.0
87.19,83.93,4766.1,7,7.19,44.8
90.78,9.21,3764.3,21,2.47,48.7
95.2,32.33,195.3,7,0.31,79.5
45.77,44.9,2064.9,13,4.38,47.4
29.54,20.5,1361.3,23,7.29,21.2
