latitude,longitude,speed_kmh,off_route_distance_m,halt_duration_sec,is_anomaly
28.587596,77.192934,62.0,45.5,10.0,0
28.676728,77.257815,54.0,36.6,8.0,0
28.626658,77.17612,11.8,17.2,58.0,0
28.616361,77.174448,78.7,57.2,12.0,0
28.627562,77.17205,43.4,93.8,34.0,0
28.643294,77.146908,2.1,134.1,98.0,0
28.629958,77.148107,28.0,49.6,22.0,0
28.62118,77.237531,78.3,21.9,81.0,0
28.610979,77.172125,72.2,18.8,24.0,0
28.677911,77.235796,12.1,69.2,2.0,0
28.597186,77.223588,68.4,39.4,6.0,0
28.610562,77.262503,49.5,30.6,34.0,0
28.6881,77.167576,1.7,59.2,23.0,0
28.626786,77.271542,60.6,65.0,38.0,0
28.607171,77.173207,33.0,21.3,44.0,0
28.642037,77.081379,31.7,38.0,172.0,0
28.621864,77.228013,30.6,98.4,38.0,0
28.573544,77.174741,47.7,39.2,117.0,0
28.622755,77.293491,57.1,47.0,114.0,0
28.570062,77.233549,51.8,81.7,131.0,0
28.701839,77.214241,19.3,16.9,46.0,0
28.622439,77.228578,56.5,161.3,20.0,0
28.56359,77.193631,10.8,33.0,93.0,0
28.590868,77.302714,77.7,93.1,23.0,0
28.648479,77.191094,37.9,28.2,136.0,0
28.555944,77.241665,7.3,83.6,7.0,0
28.746523,77.177552,46.1,26.0,68.0,0
28.537737,77.218583,46.2,110.3,39.0,0
28.656783,77.156649,3.1,8.9,56.0,0
28.58617,77.22993,0.9,29.4,7.0,0
28.570057,77.221741,79.7,67.1,213.0,0
28.637387,77.245942,31.2,80.2,75.0,0
28.587802,77.241907,19.6,11.9,20.0,0
28.690078,77.219956,43.8,30.8,132.0,0
28.540435,77.320475,0.7,8.6,36.0,0
28.638614,77.217586,1.0,143.8,12.0,0
28.596739,77.220458,9.0,329.1,34.0,1
28.625314,77.214239,64.2,26.7,23.0,0
28.636205,77.22863,19.9,52.8,74.0,0
28.523919,77.204196,40.3,56.5,1.0,0
28.6222,77.200087,17.9,14.4,127.0,0
28.664953,77.256103,43.6,88.1,34.0,0
28.633819,77.21608,40.7,58.2,7.0,0
28.592061,77.2712,32.1,57.7,88.0,0
28.53981,77.123806,34.7,4.8,267.0,0
28.635898,77.294641,52.3,6.7,140.0,0
28.704305,77.263262,67.4,266.6,11.0,1
28.643593,77.215928,25.6,224.7,15.0,0
28.668386,77.214623,42.6,1.5,264.0,0
28.657151,77.250534,68.3,62.2,14.0,0
28.590846,77.167182,13.4,5.4,22.0,0
28.615024,77.22042,78.4,126.1,59.0,0
28.653926,77.226258,60.1,4.0,21.0,0
28.531514,77.1163,29.3,63.8,29.0,0
28.643087,77.235898,30.0,77.3,81.0,0
28.673446,77.150888,16.4,8.1,54.0,0
28.607932,77.272648,21.4,72.2,100.0,0
28.651201,77.285403,47.0,227.3,90.0,0
28.582781,77.294028,0.3,8.2,96.0,0
28.612412,77.202378,1.9,92.3,12.0,0
28.596844,77.201679,78.9,25.3,18.0,0
28.633491,77.119686,18.8,25.6,12.0,0
28.605274,77.25251,66.4,62.8,8.0,0
28.526691,77.143067,49.0,210.3,114.0,0
28.574594,77.146043,35.7,21.0,0.0,0
28.707625,77.203313,58.6,400.9,59.0,1
28.638877,77.163214,4.0,7.7,124.0,0
28.505604,77.170413,60.5,225.3,11.0,0
28.670891,77.220855,68.6,1.4,161.0,0
28.552859,77.262574,22.4,14.2,189.0,0
28.655169,77.245475,24.1,299.7,52.0,1
28.675112,77.227972,8.2,24.8,66.0,0
28.615585,77.275846,68.5,0.6,12.0,0
28.560655,77.224881,64.6,173.1,249.0,0
28.574742,77.192167,34.0,196.2,81.0,0
28.641963,77.179996,30.2,109.1,44.0,0
28.553726,77.246117,34.2,224.5,42.0,0
28.581405,77.163448,33.6,24.7,58.0,0
28.636145,77.235941,34.4,82.9,12.0,0
28.577941,77.197082,11.7,108.5,55.0,0
28.681539,77.176601,1.1,290.8,4.0,1
28.558596,77.175738,61.0,182.7,56.0,0
28.446092,77.266767,27.5,4.9,51.0,0
28.571589,77.175622,39.3,33.1,27.0,0
28.626006,77.204539,24.6,76.4,6.0,0
28.653666,77.195067,30.5,154.7,48.0,0
28.590081,77.271458,6.0,26.2,35.0,0
28.596638,77.295415,29.6,0.6,22.0,0
28.608956,77.263942,37.0,16.6,34.0,0
28.697596,77.199718,66.6,44.3,4.0,0
28.629438,77.235613,25.8,5.0,5.0,0
28.585861,77.173015,7.1,3.5,9.0,0
28.713088,77.229021,60.7,41.1,48.0,0
28.61106,77.130646,30.1,83.5,20.0,0
28.506734,77.230264,73.2,99.2,16.0,0
28.541159,77.215741,76.7,60.9,60.0,0
28.638412,77.240538,69.7,45.8,55.0,0
28.521639,77.217884,18.1,1.5,25.0,0
28.635403,77.260253,20.3,24.4,166.0,0
28.571502,77.180325,63.5,88.7,30.0,0
28.669386,77.256324,35.7,47.8,13.0,0
28.618876,77.242116,23.8,24.5,132.0,0
28.528649,77.272975,23.5,20.8,73.0,0
28.656211,77.276335,46.2,1.4,83.0,0
28.67868,77.170905,71.6,139.5,113.0,0
28.546658,77.244352,49.5,168.3,95.0,0
28.570361,77.160216,49.6,36.4,113.0,0
28.635619,77.276483,59.8,96.7,16.0,0
28.644586,77.175844,60.8,5.4,57.0,0
28.728162,77.199499,72.8,175.7,68.0,0
28.655045,77.229378,13.0,189.8,21.0,0
28.730539,77.255424,78.8,13.6,310.0,0
28.611471,77.237065,26.3,121.4,99.0,0
28.629681,77.256782,22.5,51.3,148.0,0
28.582094,77.219124,40.8,91.4,10.0,0
28.58437,77.230705,21.1,51.5,2.0,0
28.617855,77.130159,18.6,6.6,2.0,0
28.581375,77.269805,77.3,146.6,121.0,0
28.482296,77.203941,8.3,7.2,47.0,0
28.57716,77.196978,79.2,35.7,22.0,0
28.664335,77.31534,49.8,341.3,98.0,1
28.61414,77.083058,76.7,44.5,62.0,0
28.61442,77.223264,71.8,137.3,58.0,0
28.572328,77.106507,51.9,14.8,96.0,0
28.627148,77.235475,47.2,141.8,38.0,0
28.693433,77.183544,79.4,49.5,11.0,0
28.680535,77.071785,41.2,57.1,150.0,0
28.628793,77.272956,14.3,277.0,120.0,1
28.567814,77.154011,79.4,173.8,17.0,0
28.69886,77.265937,25.9,34.2,24.0,0
28.663462,77.169767,7.0,238.7,103.0,0
28.536458,77.195286,57.4,8.7,215.0,0
28.52266,77.10432,35.7,2.1,90.0,0
28.539228,77.239732,31.0,60.9,3.0,0
28.585817,77.189803,50.5,117.5,31.0,0
28.655589,77.200172,4.2,20.0,90.0,0
28.654398,77.213749,55.9,6.7,38.0,0
28.627536,77.136099,40.3,149.4,68.0,0
28.603477,77.253055,39.2,343.3,2.0,1
28.729065,77.190325,72.0,94.8,14.0,0
28.612199,77.33326,66.5,296.0,85.0,1
28.606151,77.19452,42.5,143.0,13.0,0
28.585121,77.199021,46.3,23.2,213.0,0
28.7211,77.150671,64.6,9.3,27.0,0
28.646545,77.13782,32.9,132.4,13.0,0
28.558776,77.262384,53.7,86.2,13.0,0
28.552852,77.271557,43.3,134.1,12.0,0
28.526498,77.19023,40.0,101.4,26.0,0
28.605662,77.224566,78.8,56.3,52.0,0
28.535576,77.280593,1.4,226.2,129.0,0
28.55212,77.232973,33.2,112.1,163.0,0
28.663917,77.242741,74.4,0.7,55.0,0
28.65505,77.222863,74.3,97.5,60.0,0
28.68507,77.185874,59.8,62.8,44.0,0
28.536984,77.237773,47.4,11.9,25.0,0
28.560384,77.311737,55.3,45.7,46.0,0
28.579072,77.192479,20.2,59.4,11.0,0
28.692504,77.261873,39.1,50.6,23.0,0
28.613644,77.227568,42.9,45.6,13.0,0
28.701601,77.189011,5.1,79.8,110.0,0
28.641872,77.263264,69.3,86.0,11.0,0
28.604879,77.25745,36.5,95.7,82.0,0
28.639192,77.24752,71.9,114.6,4.0,0
28.524031,77.305931,31.2,143.3,65.0,0
28.507788,77.310277,32.7,68.3,87.0,0
28.623463,77.221198,19.5,6.1,6.0,0
28.61122,77.213194,51.5,36.3,89.0,0
28.707181,77.147131,43.9,0.3,53.0,0
28.541553,77.29516,73.0,72.4,70.0,0
28.629123,77.214848,34.3,295.3,77.0,1
28.645264,77.188058,51.8,140.4,11.0,0
28.627641,77.171829,56.6,53.3,96.0,0
28.665447,77.171473,25.6,98.5,91.0,0
28.578881,77.306436,70.5,108.3,62.0,0
28.652112,77.263414,30.5,72.3,42.0,0
28.638576,77.144101,51.0,173.4,114.0,0
28.668793,77.146122,49.3,31.1,128.0,0
28.584942,77.224593,33.7,89.5,24.0,0
28.55119,77.167677,14.7,5.3,46.0,0
28.579072,77.205897,47.4,11.9,36.0,0
28.557347,77.296151,30.0,223.0,33.0,0
28.582251,77.271971,30.3,62.7,106.0,0
28.593786,77.132931,39.4,112.3,65.0,0
28.56493,77.167944,54.2,162.8,39.0,0
28.610889,77.230785,58.4,217.6,93.0,0
28.551549,77.274988,34.2,7.5,172.0,0
28.60684,77.177407,9.6,96.8,31.0,0
28.585739,77.236926,63.3,79.5,9.0,0
28.604438,77.195754,53.6,73.3,151.0,0
28.630168,77.306103,64.1,12.6,189.0,0
28.589588,77.249621,25.3,118.7,32.0,0
28.571602,77.208837,72.7,30.3,63.0,0
28.577774,77.143767,21.0,20.1,6.0,0
28.661656,77.165427,23.2,98.3,3.0,0
28.674316,77.092239,42.9,19.4,6.0,0
28.584755,77.232112,79.8,55.2,89.0,0
28.602773,77.251802,16.2,30.6,37.0,0
28.52528,77.254323,67.1,138.7,64.0,0
28.601403,77.1878,0.2,247.0,49.0,0
28.537922,77.282504,19.0,139.3,13.0,0
28.586083,77.297678,27.7,40.5,101.0,0
28.664369,77.185232,51.9,14.2,14.0,0
28.535405,77.277576,9.1,95.9,12.0,0
28.565399,77.225493,10.3,187.2,58.0,0
28.565645,77.192162,11.7,41.1,122.0,0
28.527057,77.28006,53.0,3.3,121.0,0
28.653635,77.158174,9.2,10.6,35.0,0
28.624362,77.144253,31.9,38.6,69.0,0
28.700943,77.19869,12.5,55.3,105.0,0
28.560734,77.207073,30.6,27.5,15.0,0
28.521892,77.136335,57.1,53.5,30.0,0
28.657566,77.243033,22.2,255.1,60.0,1
28.592458,77.179474,49.4,6.4,110.0,0
28.587169,77.153033,19.9,130.2,25.0,0
28.684401,77.250984,59.0,48.6,58.0,0
28.618988,77.19703,62.2,84.8,4.0,0
28.65571,77.271378,24.8,278.9,162.0,1
28.579368,77.241462,1.9,49.2,136.0,0
28.574243,77.208602,10.3,8.1,153.0,0
28.592231,77.273399,39.3,140.8,207.0,0
28.644018,77.239518,30.6,24.6,112.0,0
28.613045,77.217514,27.6,188.5,14.0,0
28.633898,77.244086,46.3,6.8,52.0,0
28.480338,77.245713,12.9,20.7,12.0,0
28.516402,77.16378,36.5,275.5,1.0,1
28.502816,77.336409,16.3,169.8,9.0,0
28.591535,77.221882,78.5,19.8,111.0,0
28.540617,77.222882,3.9,119.9,82.0,0
28.694983,77.130644,1.3,7.2,86.0,0
28.609431,77.224927,45.1,13.7,31.0,0
28.621334,77.227091,5.0,16.1,2.0,0
28.55601,77.16101,64.9,3.5,23.0,0
28.554451,77.166522,65.6,53.0,36.0,0
28.688062,77.173535,34.6,39.6,27.0,0
28.699621,77.203745,67.1,71.2,42.0,0
28.631291,77.229165,59.2,93.4,57.0,0
28.508913,77.207351,10.8,72.4,8.0,0
28.589226,77.233638,68.8,26.1,143.0,0
28.626163,77.252264,69.9,6.9,49.0,0
28.599102,77.245644,25.8,105.3,116.0,0
28.504492,77.236705,62.0,29.6,39.0,0
28.702976,77.232784,71.8,22.7,79.0,0
28.568725,77.23296,59.7,93.8,135.0,0
28.543443,77.211162,7.5,46.7,55.0,0
28.608956,77.185508,7.6,18.3,32.0,0
28.669713,77.213842,78.6,116.4,51.0,0
28.636151,77.251158,43.3,131.3,11.0,0
28.544718,77.250874,51.6,337.5,73.0,1
28.53647,77.243893,73.0,50.5,2.0,0
28.500921,77.19474,0.6,3.0,36.0,0
28.59592,77.207677,34.1,58.3,47.0,0
28.586845,77.207868,45.3,1.9,31.0,0
28.636194,77.188147,0.2,235.9,40.0,0
28.576224,77.263197,50.0,15.4,12.0,0
28.659185,77.12647,68.1,207.6,5.0,0
28.643234,77.3196,4.4,239.7,35.0,0
28.574056,77.322194,64.3,119.5,163.0,0
28.630059,77.221,78.2,7.3,12.0,0
28.676949,77.23876,73.6,65.4,20.0,0
28.562465,77.260958,43.0,35.0,127.0,0
28.599834,77.180603,68.8,137.3,19.0,0
28.598861,77.24688,61.7,28.8,29.0,0
28.592614,77.284453,65.4,48.0,6.0,0
28.650595,77.128364,31.8,68.2,3.0,0
28.654554,77.146466,38.0,2.9,65.0,0
28.630834,77.25601,19.1,75.1,10.0,0
28.628447,77.204996,4.1,33.8,49.0,0
28.58239,77.199169,47.8,60.3,34.0,0
28.627026,77.202142,24.8,10.7,6.0,0
28.546242,77.162151,40.2,32.7,34.0,0
28.734427,77.19799,77.0,69.7,17.0,0
28.678013,77.152482,5.1,67.8,117.0,0
28.658327,77.283936,69.9,13.8,18.0,0
28.630917,77.225163,6.9,42.9,72.0,0
28.630959,77.223828,52.3,58.6,69.0,0
28.525994,77.251832,27.5,6.8,13.0,0
28.547569,77.358011,8.0,73.2,49.0,0
28.553802,77.165875,60.6,21.1,110.0,0
28.613418,77.126389,55.9,202.3,6.0,0
28.596424,77.216966,51.2,25.0,57.0,0
28.651066,77.127164,77.2,123.9,11.0,0
28.562223,77.201567,1.9,69.8,17.0,0
28.661831,77.262224,34.8,92.5,63.0,0
28.569481,77.2949,45.0,185.6,61.0,0
28.589602,77.140212,28.6,150.6,66.0,0
28.655272,77.171336,53.6,10.9,47.0,0
28.635733,77.236673,71.9,217.1,92.0,0
28.547927,77.256198,55.8,11.9,63.0,0
28.663703,77.25904,45.5,30.4,14.0,0
28.614949,77.292256,59.0,59.2,6.0,0
28.50339,77.25493,8.8,216.7,1.0,0
28.568366,77.212506,50.4,78.9,0.0,0
28.590019,77.271599,32.6,166.3,7.0,0
28.552033,77.22199,25.5,227.4,34.0,0
28.677636,77.232236,40.6,110.4,0.0,0
28.591762,77.193789,64.4,52.6,29.0,0
28.633509,77.226338,33.0,39.3,90.0,0
28.620829,77.137019,56.2,25.7,8.0,0
28.645787,77.270236,47.1,56.5,93.0,0
28.694153,77.168044,73.3,3.9,13.0,0
28.644285,77.174097,35.6,20.7,16.0,0
28.697631,77.102173,65.6,35.5,17.0,0
28.645613,77.177375,67.4,153.6,23.0,0
28.617077,77.170579,37.1,37.7,42.0,0
28.626573,77.229364,39.1,21.9,68.0,0
28.479232,77.153773,26.7,122.1,90.0,0
28.587742,77.196297,39.6,229.4,1.0,0
28.603321,77.184496,19.9,119.3,9.0,0
28.632403,77.130493,68.7,10.8,83.0,0
28.609225,77.230406,20.0,30.9,89.0,0
28.627194,77.207538,20.6,73.9,173.0,0
28.544341,77.220497,71.7,17.5,21.0,0
28.531433,77.26001,42.6,81.0,15.0,0
28.551343,77.218877,8.4,21.5,51.0,0
28.68906,77.201852,27.7,62.6,5.0,0
28.547105,77.264631,56.4,98.1,78.0,0
28.57107,77.202216,32.5,123.6,39.0,0
28.615758,77.19327,33.9,129.0,74.0,0
28.530919,77.251978,39.9,119.2,10.0,0
28.566883,77.179499,17.8,11.8,38.0,0
28.644339,77.276862,33.9,363.2,25.0,1
28.588598,77.22652,17.2,118.3,38.0,0
28.694674,77.296949,28.1,8.8,49.0,0
28.525572,77.215505,42.6,95.7,69.0,0
28.59322,77.265913,55.5,50.8,121.0,0
28.588611,77.136542,50.7,44.7,16.0,0
28.610053,77.282605,46.0,90.3,33.0,0
28.549162,77.252965,47.6,14.7,7.0,0
28.581476,77.186227,40.9,597.5,24.0,1
28.649956,77.261746,49.2,62.9,29.0,0
28.59703,77.155142,30.0,72.2,35.0,0
28.557014,77.193633,72.0,44.3,157.0,0
28.714503,77.175946,47.2,74.5,144.0,0
28.612955,77.2645,74.9,87.3,4.0,0
28.641167,77.280916,32.4,33.9,32.0,0
28.648707,77.196052,31.6,49.6,23.0,0
28.606962,77.154929,77.2,23.6,27.0,0
28.571013,77.169656,58.3,118.3,83.0,0
28.62046,77.223104,41.5,107.0,13.0,0
28.575494,77.219964,57.5,133.3,85.0,0
28.629078,77.201495,31.7,97.1,149.0,0
28.602288,77.177015,60.7,1.6,71.0,0
28.661971,77.299921,16.8,17.0,32.0,0
28.553425,77.1875,76.1,39.4,4.0,0
28.646426,77.176857,36.9,21.3,7.0,0
28.641189,77.275866,7.4,60.7,75.0,0
28.598549,77.204376,67.6,182.7,7.0,0
28.64701,77.244096,71.5,107.2,32.0,0
28.631445,77.174742,58.4,24.8,123.0,0
28.643858,77.243804,50.4,40.5,46.0,0
28.640676,77.25526,74.3,4.3,25.0,0
28.613006,77.162685,49.8,0.5,16.0,0
28.58069,77.191796,63.3,44.3,47.0,0
28.580112,77.173258,37.7,104.1,25.0,0
28.599768,77.192099,58.2,157.8,192.0,0
28.652657,77.298554,79.9,45.2,1.0,0
28.642112,77.231345,30.6,15.9,174.0,0
28.660799,77.315901,57.6,24.2,14.0,0
28.665814,77.292639,11.9,47.2,51.0,0
28.59965,77.275045,50.8,83.9,18.0,0
28.708621,77.291219,25.8,62.6,102.0,0
28.605301,77.276497,69.3,146.9,72.0,0
28.585805,77.303726,28.8,1.5,16.0,0
28.627167,77.245733,35.6,387.5,50.0,1
28.634686,77.252816,78.4,211.8,144.0,0
28.573422,77.251396,17.2,13.0,15.0,0
28.602567,77.196527,45.2,3.9,101.0,0
28.588151,77.260809,69.1,76.9,94.0,0
28.617577,77.28139,25.2,102.2,29.0,0
28.650293,77.188479,1.2,51.6,2.0,0
28.597205,77.175638,71.7,26.1,11.0,0
28.639136,77.190949,49.6,81.5,39.0,0
28.541058,77.286337,18.4,80.8,38.0,0
28.654989,77.206644,22.1,12.8,7.0,0
28.587828,77.163293,64.0,128.5,20.0,0
28.586937,77.166573,51.4,110.7,28.0,0
28.630517,77.173309,58.6,7.1,102.0,0
28.633145,77.182856,46.2,49.7,137.0,0
28.604885,77.148552,63.2,40.0,56.0,0
28.56606,77.248781,65.7,49.7,19.0,0
28.586522,77.209033,31.0,49.5,69.0,0
28.615262,77.245223,72.1,59.4,174.0,0
28.634992,77.103629,40.4,26.0,7.0,0
28.569353,77.272121,12.8,50.7,20.0,0
28.578493,77.214394,17.5,8.4,47.0,0
28.623647,77.243501,58.7,15.6,25.0,0
28.606339,77.294566,30.2,7.4,120.0,0
28.617825,77.236892,21.0,16.5,18.0,0
28.479778,77.32408,48.4,0.3,129.0,0
28.595754,77.124514,62.6,3.1,107.0,0
28.653163,77.202622,8.7,127.4,11.0,0
28.579706,77.128327,35.9,17.8,6.0,0
28.634826,77.23422,61.7,58.7,68.0,0
28.550063,77.222325,72.3,37.0,31.0,0
28.532361,77.163891,1.1,31.9,16.0,0
28.631391,77.327175,52.5,155.6,148.0,0
28.607777,77.200528,47.8,53.3,6.0,0
28.593706,77.108191,41.4,58.2,107.0,0
28.652823,77.252509,12.8,49.2,49.0,0
28.594908,77.253284,59.3,25.1,8.0,0
28.578869,77.194525,31.4,92.0,28.0,0
28.573459,77.257918,18.8,3.9,46.0,0
28.562883,77.170988,68.0,26.4,11.0,0
28.633832,77.197643,24.6,86.7,8.0,0
28.594895,77.238185,15.9,2.7,19.0,0
28.667626,77.264717,25.0,2.1,49.0,0
28.462883,77.207289,14.5,37.3,89.0,0
28.656642,77.194379,62.2,23.1,196.0,0
28.628481,77.216439,14.6,96.6,10.0,0
28.605959,77.116181,57.3,112.8,1.0,0
28.545929,77.204522,13.0,3.0,241.0,0
28.527506,77.119472,18.1,45.9,9.0,0
28.648055,77.176419,27.4,229.5,84.0,0
28.622607,77.14738,76.0,30.0,89.0,0
28.621661,77.244913,73.1,17.5,5.0,0
28.605376,77.181954,6.8,58.9,100.0,0
28.65299,77.280395,26.9,48.0,17.0,0
28.581206,77.126138,27.7,19.8,95.0,0
28.59368,77.206325,16.9,20.6,23.0,0
28.60167,77.222727,34.8,92.8,83.0,0
28.599817,77.243004,59.8,31.2,110.0,0
28.677329,77.32618,7.9,341.7,0.0,1
28.547778,77.120164,53.7,27.4,44.0,0
28.512771,77.180621,20.9,63.5,25.0,0
28.537799,77.318349,51.4,6.1,111.0,0
28.644683,77.172446,54.6,61.9,40.0,0
28.605461,77.240588,58.3,49.4,29.0,0
28.530564,77.171512,68.9,34.4,10.0,0
28.615483,77.148801,72.0,44.9,20.0,0
28.594301,77.177723,60.7,15.7,307.0,0
28.638475,77.317381,38.5,137.3,117.0,0
28.650213,77.160172,3.5,203.9,22.0,0
28.736408,77.203589,75.0,145.4,58.0,0
28.551392,77.205768,48.1,130.7,370.0,0
28.517362,77.264317,42.8,63.6,70.0,0
28.639956,77.274944,19.2,32.5,25.0,0
28.659836,77.223888,54.7,15.1,2.0,0
28.546715,77.059014,79.6,137.1,96.0,0
28.546764,77.174038,26.4,3.6,20.0,0
28.627718,77.158599,64.0,16.0,9.0,0
28.696224,77.276434,23.3,41.1,7.0,0
28.56667,77.172447,39.0,17.3,7.0,0
28.614853,77.302675,17.1,70.0,7.0,0
28.515543,77.238909,41.0,103.0,44.0,0
28.600571,77.27524,36.7,191.8,87.0,0
28.604818,77.331289,3.1,18.9,134.0,0
28.683877,77.171309,30.5,26.2,70.0,0
28.575166,77.137503,5.0,100.9,6.0,0
28.644821,77.22785,36.1,19.6,176.0,0
28.571912,77.266204,78.4,38.7,0.0,0
28.615017,77.185256,23.4,112.0,84.0,0
28.714366,77.220319,41.3,37.7,242.0,0
28.700155,77.279352,10.4,12.7,135.0,0
28.708528,77.274403,12.3,25.1,76.0,0
28.630379,77.189411,28.4,6.7,45.0,0
28.599987,77.232067,39.2,89.7,460.0,0
28.624746,77.171714,56.1,3.8,59.0,0
28.633802,77.146002,36.5,68.3,107.0,0
28.629966,77.286411,2.0,239.7,12.0,0
28.574931,77.11184,21.7,157.2,61.0,0
28.572922,77.22805,2.0,6.1,1.0,0
28.580687,77.199985,73.4,100.3,99.0,0
28.664016,77.245938,2.3,93.7,32.0,0
28.669452,77.18425,4.0,28.3,18.0,0
28.769672,77.275581,23.9,9.3,18.0,0
28.631782,77.207389,50.6,154.0,234.0,0
28.571079,77.291072,28.6,64.6,121.0,0
28.586555,77.229443,4.9,95.9,93.0,0
28.602625,77.166009,66.9,49.0,42.0,0
28.685812,77.245628,56.0,20.1,31.0,0
28.647147,77.23938,31.7,24.1,54.0,0
28.54316,77.213149,54.2,61.2,47.0,0
28.607658,77.181082,22.0,21.4,131.0,0
28.536926,77.261532,42.2,40.7,217.0,0
28.640124,77.170239,70.4,6.2,160.0,0
28.57516,77.175499,8.6,432.4,88.0,1
28.579938,77.244874,67.8,76.7,31.0,0
28.516563,77.207959,63.1,12.6,86.0,0
28.648341,77.120262,75.9,11.2,91.0,0
28.670933,77.170406,41.1,52.8,11.0,0
28.575853,77.238792,22.0,2.0,103.0,0
28.602399,77.205012,28.2,42.5,146.0,0
28.586535,77.213445,51.2,231.9,83.0,0
28.599587,77.231602,11.3,138.7,69.0,0
28.569517,77.241315,28.1,212.7,15.0,0
28.555487,77.224306,58.1,9.4,61.0,0
28.678931,77.0521,45.9,37.1,60.0,0
28.478514,77.215739,5.0,64.8,28.0,0
28.635706,77.192683,39.7,101.9,7.0,0
28.624667,77.220032,41.9,39.9,34.0,0
28.693196,77.271885,56.1,30.7,152.0,0
28.598681,77.164877,0.9,29.1,91.0,0
28.591935,77.222013,34.3,124.6,26.0,0
28.570077,77.242352,70.9,38.5,13.0,0
28.628278,77.203024,2.0,1.3,37.0,0
28.575088,77.153046,53.8,117.6,85.0,0
28.554061,77.158305,17.9,14.1,69.0,0
28.573646,77.216773,31.0,79.2,129.0,0
28.563159,77.187482,70.7,2.4,22.0,0
28.560202,77.122109,29.0,39.1,41.0,0
28.614765,77.178594,43.6,48.7,18.0,0
28.600773,77.153471,7.2,289.2,89.0,1
28.63798,77.25592,26.0,7.4,33.0,0
28.617861,77.144286,11.3,111.4,34.0,0
28.550364,77.28952,44.9,267.6,101.0,1
28.504372,77.326486,36.8,25.9,79.0,0
28.557692,77.181471,21.2,20.5,38.0,0
28.648688,77.187811,80.0,243.0,28.0,0
28.647555,77.265688,12.3,53.8,70.0,0
28.659734,77.2727,66.0,138.3,171.0,0
28.652397,77.193879,2.9,126.6,33.0,0
28.664857,77.196513,67.7,31.6,2.0,0
28.630816,77.19692,38.2,16.6,127.0,0
28.700647,77.175915,66.3,97.1,11.0,0
28.625183,77.264075,59.8,55.7,139.0,0
28.710463,77.226271,45.8,53.9,106.0,0
28.579181,77.182233,29.7,63.2,65.0,0
28.577903,77.221731,53.2,2.1,112.0,0
28.600881,77.199584,66.6,0.4,18.0,0
28.608626,77.343675,40.3,30.2,116.0,0
28.594438,77.20606,33.2,31.3,49.0,0
28.637483,77.25551,11.4,101.5,12.0,0
28.605384,77.240235,71.7,31.5,18.0,0
28.580141,77.210968,21.4,35.6,94.0,0
28.590699,77.240513,9.9,63.8,111.0,0
28.671381,77.229025,5.3,71.6,125.0,0
28.626358,77.342839,60.1,32.4,12.0,0
28.526686,77.213645,54.0,65.3,139.0,0
28.686031,77.08816,9.6,76.9,41.0,0
28.632175,77.327952,42.4,24.2,300.0,0
28.642457,77.193018,12.2,21.5,39.0,0
28.656954,77.222823,30.7,176.9,17.0,0
28.659537,77.191311,62.6,83.4,4.0,0
28.564544,77.188554,18.2,29.8,66.0,0
28.556989,77.162567,2.2,64.0,0.0,0
28.73032,77.118376,15.5,98.3,108.0,0
28.575596,77.182625,32.0,1.8,22.0,0
28.629433,77.244212,19.3,201.9,66.0,0
28.692073,77.136179,57.8,101.0,42.0,0
28.588325,77.243767,63.1,39.8,64.0,0
28.592494,77.334487,19.2,215.4,3.0,0
28.656823,77.23284,21.5,4.6,13.0,0
28.621144,77.149026,44.8,112.3,134.0,0
28.635256,77.238626,60.2,59.8,32.0,0
28.606479,77.266381,76.7,87.4,50.0,0
28.584182,77.283711,24.0,51.0,37.0,0
28.593853,77.227885,72.9,12.7,145.0,0
28.670199,77.248722,14.5,24.2,13.0,0
28.595719,77.26101,3.3,49.7,110.0,0
28.631936,77.248613,63.4,200.9,4.0,0
28.56206,77.234417,38.3,5.7,117.0,0
28.712514,77.186557,6.1,8.8,140.0,0
28.626444,77.266221,5.7,13.3,94.0,0
28.627481,77.191709,1.1,80.0,19.0,0
28.656814,77.348624,24.5,36.5,7.0,0
28.586455,77.186509,58.8,12.9,42.0,0
28.670187,77.258629,53.2,10.4,66.0,0
28.534685,77.154624,80.0,89.7,103.0,0
28.579779,77.194663,47.5,49.7,42.0,0
28.570439,77.189039,8.8,164.9,47.0,0
28.51647,77.150137,78.3,41.4,165.0,0
28.584066,77.18978,55.4,85.3,3.0,0
28.607902,77.236519,29.9,127.1,23.0,0
28.556004,77.20613,19.8,245.8,35.0,0
28.548784,77.278148,17.8,162.8,61.0,0
28.612554,77.171929,76.5,119.4,6.0,0
28.6065,77.253366,33.6,42.6,125.0,0
28.597213,77.188871,38.9,325.0,23.0,1
28.547193,77.274959,66.9,24.6,12.0,0
28.590773,77.257668,77.1,86.6,54.0,0
28.577186,77.26915,0.4,11.2,9.0,0
28.614794,77.210432,79.2,74.5,24.0,0
28.582558,77.284968,6.0,93.7,119.0,0
28.608562,77.135502,66.9,7.6,93.0,0
28.544959,77.240814,76.0,28.0,20.0,0
28.540658,77.225411,44.9,82.1,33.0,0
28.638377,77.260199,44.1,73.7,43.0,0
28.648768,77.214713,53.5,88.3,50.0,0
28.590864,77.169298,28.2,10.6,21.0,0
28.611882,77.163908,13.3,57.9,46.0,0
28.588014,77.21791,5.3,210.1,89.0,0
28.665361,77.205494,70.5,245.9,69.0,0
28.600345,77.261346,43.8,10.8,181.0,0
28.585556,77.266192,55.5,179.8,16.0,0
28.658815,77.220891,26.6,68.7,68.0,0
28.571796,77.219783,64.6,111.8,179.0,0
28.618331,77.271731,28.0,13.1,6.0,0
28.558077,77.206253,2.4,107.1,50.0,0
28.643727,77.208292,27.0,5.9,250.0,0
28.651271,77.152363,68.0,80.2,4.0,0
28.546065,77.262428,70.1,88.2,27.0,0
28.538268,77.214009,74.8,87.4,5.0,0
28.624927,77.275343,40.0,4.8,53.0,0
28.707541,77.158149,76.5,38.8,115.0,0
28.654699,77.193929,39.9,109.1,17.0,0
28.599883,77.265804,12.3,127.5,14.0,0
28.567785,77.23481,40.2,43.0,45.0,0
28.549694,77.159344,69.5,14.1,26.0,0
28.646354,77.264628,62.9,55.4,105.0,0
28.656639,77.15326,34.7,84.0,9.0,0
28.578942,77.259898,17.0,202.5,148.0,0
28.598164,77.169517,46.5,91.5,100.0,0
28.612848,77.279074,74.5,138.4,1.0,0
28.701142,77.224145,14.2,24.6,20.0,0
28.613758,77.235703,66.2,143.3,147.0,0
28.561452,77.214448,11.8,75.7,116.0,0
28.552668,77.222884,73.6,63.7,41.0,0
28.564939,77.222648,55.5,24.8,48.0,0
28.673701,77.253783,8.7,18.2,5.0,0
28.636157,77.215352,16.2,62.8,97.0,0
28.593225,77.291615,74.2,177.6,5.0,0
28.464235,77.181693,40.6,21.5,62.0,0
28.567868,77.261533,36.3,26.1,7.0,0
28.627698,77.246709,4.7,236.4,34.0,0
28.628108,77.28017,6.7,2.2,27.0,0
28.627673,77.224546,55.3,53.1,32.0,0
28.543135,77.234971,62.2,60.2,52.0,0
28.61935,77.234405,69.4,90.1,9.0,0
28.561704,77.157704,40.2,17.3,15.0,0
28.610595,77.238191,26.3,67.8,7.0,0
28.572111,77.381995,50.0,9.3,64.0,0
28.664022,77.298959,49.5,24.8,3.0,0
28.627372,77.179506,2.8,1.2,64.0,0
28.603338,77.128474,75.1,48.3,217.0,0
28.679519,77.221109,51.4,15.4,132.0,0
28.591875,77.272666,0.5,8.1,24.0,0
28.539746,77.216568,76.8,33.8,15.0,0
28.663294,77.31296,76.2,6.6,194.0,0
28.62311,77.179488,75.7,87.3,35.0,0
28.594566,77.229749,71.1,17.9,26.0,0
28.578313,77.213069,14.8,99.1,8.0,0
28.636039,77.255071,78.2,146.5,11.0,0
28.651182,77.258496,61.0,108.2,81.0,0
28.572164,77.277932,51.3,115.1,13.0,0
28.638767,77.212303,75.4,82.6,12.0,0
28.62303,77.28139,30.5,37.8,23.0,0
28.569029,77.235749,74.5,34.3,147.0,0
28.610693,77.286486,48.5,67.3,53.0,0
28.583167,77.293482,46.3,22.8,90.0,0
28.672517,77.219415,51.7,33.8,76.0,0
28.578054,77.184805,60.3,13.5,180.0,0
28.685944,77.228684,35.6,121.2,70.0,0
28.617071,77.268032,78.4,106.4,8.0,0
28.523224,77.143248,7.1,56.0,14.0,0
28.501844,77.193758,73.1,36.9,73.0,0
28.60007,77.25263,52.6,95.4,15.0,0
28.677181,77.089105,72.8,7.1,105.0,0
28.672031,77.166792,29.5,3.9,127.0,0
28.618816,77.187849,66.3,96.3,32.0,0
28.573647,77.214326,49.3,63.9,29.0,0
28.589635,77.202409,66.5,105.7,8.0,0
28.620867,77.203355,26.0,26.2,167.0,0
28.664865,77.151945,73.4,9.2,40.0,0
28.63896,77.306988,73.9,45.0,74.0,0
28.658914,77.188106,38.0,44.5,10.0,0
28.642684,77.123349,32.0,113.9,47.0,0
28.657444,77.275263,46.0,10.4,90.0,0
28.49744,77.179746,16.0,233.6,55.0,0
28.565872,77.157895,39.7,4.6,29.0,0
28.555259,77.2524,71.7,30.0,57.0,0
28.550507,77.192557,29.2,97.1,325.0,0
28.610779,77.226924,58.9,101.1,69.0,0
28.538136,77.186822,49.8,67.0,42.0,0
28.563312,77.195353,20.9,5.9,116.0,0
28.605565,77.168871,42.5,155.2,38.0,0
28.53032,77.157799,68.2,80.6,36.0,0
28.586192,77.392077,44.4,113.8,49.0,0
28.642442,77.177101,55.7,39.1,23.0,0
28.549229,77.145359,62.0,22.3,4.0,0
28.650315,77.275023,4.0,101.9,28.0,0
28.570191,77.231826,4.1,135.2,79.0,0
28.624082,77.219371,9.2,133.9,40.0,0
28.55519,77.194104,13.0,101.0,116.0,0
28.633168,77.198174,64.9,12.0,12.0,0
28.595321,77.203631,34.8,20.1,15.0,0
28.63381,77.275327,14.8,55.5,62.0,0
28.58324,77.206082,42.5,56.6,102.0,0
28.638303,77.275699,61.1,53.6,71.0,0
28.652845,77.215817,11.2,139.9,35.0,0
28.616486,77.208243,27.6,10.7,129.0,0
28.586523,77.167433,15.5,125.7,68.0,0
28.598815,77.325736,51.7,1.8,108.0,0
28.547287,77.219249,10.9,31.2,141.0,0
28.620646,77.218439,62.5,17.5,45.0,0
28.641648,77.311443,16.6,59.8,53.0,0
28.688813,77.239325,4.7,59.4,66.0,0
28.675916,77.244861,72.9,56.5,215.0,0
28.561634,77.221487,26.7,27.3,98.0,0
28.621105,77.179795,40.2,59.0,2.0,0
28.603851,77.279338,8.1,97.9,34.0,0
28.6714,77.147682,38.4,40.0,122.0,0
28.575041,77.169663,17.8,211.2,2.0,0
28.654404,77.179648,67.2,5.7,60.0,0
28.561148,77.231063,57.1,348.0,174.0,1
28.605201,77.217708,53.1,114.6,22.0,0
28.566274,77.125365,62.5,72.0,77.0,0
28.512248,77.33437,23.5,18.2,22.0,0
28.565279,77.256492,36.3,79.0,61.0,0
28.597624,77.193951,6.9,129.6,165.0,0
28.681808,77.240167,5.4,23.4,28.0,0
28.556132,77.240849,26.3,3.3,193.0,0
28.580214,77.201993,65.8,46.8,29.0,0
28.538483,77.238193,47.8,29.0,30.0,0
28.668264,77.23878,34.0,27.0,87.0,0
28.587477,77.273071,77.4,103.2,27.0,0
28.593582,77.221953,35.4,12.8,24.0,0
28.593113,77.234582,37.5,84.2,12.0,0
28.512971,77.208057,79.4,5.1,6.0,0
28.53717,77.196829,10.5,201.9,109.0,0
28.562911,77.180024,20.4,70.6,39.0,0
28.641301,77.178298,36.3,213.9,63.0,0
28.485538,77.195258,45.7,161.9,39.0,0
28.637565,77.206707,11.8,163.1,28.0,0
28.627655,77.268795,26.3,10.2,32.0,0
28.519756,77.199536,17.6,95.2,5.0,0
28.594651,77.201869,68.0,40.9,67.0,0
28.668693,77.203881,66.8,49.2,43.0,0
28.556974,77.216105,19.2,26.2,4.0,0
28.582901,77.303409,34.8,12.1,59.0,0
28.748553,77.199543,52.1,29.3,14.0,0
28.626795,77.246556,3.9,63.8,9.0,0
28.5976,77.235985,70.7,42.2,226.0,0
28.586647,77.221604,40.9,97.4,5.0,0
28.629153,77.170594,18.1,146.1,79.0,0
28.644745,77.244683,31.7,18.9,72.0,0
28.502712,77.122218,72.1,4.6,44.0,0
28.498803,77.167472,2.0,375.5,5.0,1
28.560598,77.19142,11.4,171.4,21.0,0
28.602808,77.207274,15.4,24.6,11.0,0
28.614278,77.222704,4.8,14.2,246.0,0
28.525327,77.288061,18.0,241.3,6.0,0
28.600261,77.250008,65.4,21.2,1.0,0
28.606908,77.226943,42.2,20.1,15.0,0
28.568008,77.201704,48.4,9.3,92.0,0
28.583775,77.202231,12.5,27.2,111.0,0
28.574175,77.161775,22.3,147.1,73.0,0
28.633715,77.113126,73.4,67.5,34.0,0
28.610843,77.154736,16.8,7.7,94.0,0
28.553386,77.277042,72.5,273.9,68.0,1
28.658252,77.182914,53.1,62.0,304.0,0
28.542135,77.192265,40.2,43.1,35.0,0
28.524855,77.269552,13.9,122.7,12.0,0
28.598242,77.086404,53.9,65.7,4.0,0
28.597989,77.189199,70.9,180.9,59.0,0
28.614139,77.163604,12.8,96.9,164.0,0
28.551434,77.233179,0.5,88.3,92.0,0
28.655154,77.246345,59.2,33.0,79.0,0
28.696237,77.247158,48.0,366.9,44.0,1
28.609418,77.293911,40.2,84.4,12.0,0
28.626301,77.2462,36.5,46.7,19.0,0
28.504743,77.230947,39.8,12.8,20.0,0
28.588756,77.340169,30.0,64.9,66.0,0
28.5757,77.112103,6.6,87.8,116.0,0
28.567595,77.328535,62.1,37.1,9.0,0
28.577625,77.305597,37.4,5.3,2.0,0
28.582614,77.211078,66.0,128.1,43.0,0
28.537753,77.183148,78.6,84.9,137.0,0
28.586137,77.185585,13.7,92.3,195.0,0
28.558416,77.204074,63.5,22.5,39.0,0
28.649917,77.278318,78.2,11.2,17.0,0
28.627016,77.095161,58.0,48.1,87.0,0
28.627085,77.318987,19.7,22.1,11.0,0
28.659339,77.218453,71.7,121.5,104.0,0
28.569186,77.27734,63.5,60.7,122.0,0
28.623989,77.15702,35.9,11.3,22.0,0
28.664011,77.254682,45.8,17.5,12.0,0
28.565692,77.237837,57.8,174.3,7.0,0
28.509041,77.246701,10.0,79.9,56.0,0
28.575965,77.18391,74.2,40.9,241.0,0
28.658326,77.199367,79.0,102.1,36.0,0
28.562847,77.156747,26.4,132.4,18.0,0
28.587245,77.256705,57.2,9.7,105.0,0
28.571515,77.285628,33.7,147.6,75.0,0
28.600982,77.232616,2.2,234.3,5.0,0
28.558075,77.084532,76.7,7.5,18.0,0
28.536344,77.286336,11.4,31.3,28.0,0
28.588458,77.224457,6.0,14.7,15.0,0
28.59698,77.08578,67.0,45.0,129.0,0
28.666324,77.133336,2.7,19.9,12.0,0
28.613813,77.165817,55.0,36.0,95.0,0
28.551914,77.21848,74.4,22.2,81.0,0
28.573916,77.167425,32.5,0.3,1.0,0
28.646175,77.174003,5.5,1.5,20.0,0
28.589309,77.264196,17.5,57.9,43.0,0
28.555845,77.277869,75.9,57.7,15.0,0
28.614616,77.265974,37.2,2.9,102.0,0
28.571006,77.1367,43.3,96.2,9.0,0
28.634407,77.26565,12.5,2.2,11.0,0
28.628648,77.194555,73.4,53.3,53.0,0
28.553131,77.316628,41.4,40.2,1.0,0
28.699748,77.231514,42.3,171.6,298.0,0
28.604353,77.27932,46.1,68.7,45.0,0
28.477311,77.246307,61.4,138.3,63.0,0
28.629528,77.240142,16.2,511.8,17.0,1
28.480586,77.200095,75.4,15.6,186.0,0
28.662492,77.278873,14.0,5.2,24.0,0
28.613353,77.26505,15.8,119.1,8.0,0
28.603191,77.201947,1.0,79.9,36.0,0
28.606268,77.196482,1.6,80.4,8.0,0
28.635587,77.182878,34.3,30.4,196.0,0
28.582242,77.259378,14.6,8.6,42.0,0
28.605755,77.230317,17.0,102.2,55.0,0
28.612169,77.232883,79.0,62.7,40.0,0
28.462202,77.200475,74.3,55.7,16.0,0
28.635965,77.29139,25.8,106.5,11.0,0
28.644405,77.144055,27.5,358.0,202.0,1
28.628872,77.257607,23.4,107.8,23.0,0
28.625336,77.267596,70.6,218.2,4.0,0
28.686073,77.202629,7.9,40.7,42.0,0
28.604047,77.146007,46.7,182.7,17.0,0
28.605768,77.237626,14.9,104.0,74.0,0
28.573643,77.278324,60.7,37.2,28.0,0
28.510563,77.307099,50.5,56.9,163.0,0
28.629147,77.251355,31.0,18.1,34.0,0
28.579041,77.187814,7.8,6.8,68.0,0
28.510017,77.253165,61.4,50.4,114.0,0
28.602491,77.243527,6.2,399.4,120.0,1
28.601093,77.234593,21.9,163.5,48.0,0
28.594742,77.174268,20.3,1.3,98.0,0
28.613033,77.248423,46.3,280.1,17.0,1
28.528202,77.241995,41.1,50.6,55.0,0
28.655857,77.339883,22.4,15.8,2.0,0
28.627927,77.222875,34.4,197.1,24.0,0
28.668389,77.303269,34.9,207.1,25.0,0
28.57852,77.288065,45.9,150.1,124.0,0
28.627759,77.220997,71.9,77.7,39.0,0
28.512817,77.28036,11.4,21.6,81.0,0
28.564579,77.179331,44.6,22.1,38.0,0
28.537643,77.208891,1.5,269.5,23.0,1
28.619244,77.191711,55.9,26.1,168.0,0
28.551028,77.210623,51.2,43.9,59.0,0
28.584382,77.118286,55.5,111.8,61.0,0
28.606052,77.308469,38.0,138.8,41.0,0
28.585878,77.203275,14.9,42.4,12.0,0
28.540442,77.257848,35.8,40.3,108.0,0
28.688555,77.230766,1.9,35.3,80.0,0
28.61202,77.204919,30.5,39.3,29.0,0
28.689005,77.154643,67.1,113.6,166.0,0
28.55466,77.172797,27.1,5.1,25.0,0
28.587465,77.206716,47.3,128.8,2.0,0
28.610604,77.194768,20.9,19.3,18.0,0
28.682875,77.169811,10.7,14.1,28.0,0
28.688652,77.184145,41.7,10.3,103.0,0
28.584547,77.241558,2.9,21.5,93.0,0
28.569772,77.262344,72.4,143.6,34.0,0
28.605982,77.160176,62.2,61.8,72.0,0
28.66627,77.174495,79.8,25.1,16.0,0
28.613044,77.229251,79.5,16.5,133.0,0
28.622165,77.210327,58.3,117.4,4.0,0
28.665806,77.200188,62.1,56.3,31.0,0
28.657741,77.26462,42.2,10.3,99.0,0
28.659674,77.227741,17.5,37.6,43.0,0
28.641602,77.137342,64.7,47.1,101.0,0
28.678105,77.178525,21.6,35.0,11.0,0
28.549748,77.135446,52.0,24.7,17.0,0
28.722963,77.209541,58.5,31.9,31.0,0
28.663518,77.152094,45.1,107.4,118.0,0
28.602485,77.130445,53.0,244.7,189.0,0
28.665986,77.115738,23.4,2.1,4.0,0
28.593128,77.31772,60.8,78.9,169.0,0
28.634241,77.150232,75.5,6.0,72.0,0
28.640099,77.202717,38.7,18.1,40.0,0
28.653608,77.221474,9.7,62.9,17.0,0
28.587516,77.224452,49.6,126.4,20.0,0
28.654669,77.249545,27.3,45.8,65.0,0
28.588405,77.21595,33.5,169.3,33.0,0
28.647049,77.19582,12.1,100.6,2.0,0
28.609606,77.229487,50.1,17.2,203.0,0
28.519302,77.228972,63.0,92.7,66.0,0
28.573662,77.221035,61.3,30.7,93.0,0
28.652906,77.250545,79.5,116.4,62.0,0
28.595317,77.187213,17.0,21.0,75.0,0
28.671177,77.20846,73.1,12.5,2.0,0
28.549835,77.152209,58.6,81.2,30.0,0
28.645307,77.206253,56.6,76.7,164.0,0
28.608123,77.186593,54.7,68.2,189.0,0
28.598161,77.271268,43.1,22.3,151.0,0
28.551585,77.145377,30.3,18.5,402.0,0
28.621001,77.194739,75.5,194.8,4.0,0
28.560055,77.192291,12.1,60.9,4.0,0
28.578697,77.25204,14.1,41.7,162.0,0
28.603467,77.154681,1.3,136.9,2.0,0
28.592214,77.218686,59.2,4.2,130.0,0
28.661889,77.222433,71.5,90.2,125.0,0
28.480992,77.264684,14.9,12.8,47.0,0
28.601581,77.175755,2.8,20.5,127.0,0
28.592361,77.15313,19.5,81.6,70.0,0
28.610074,77.242252,70.7,26.2,11.0,0
28.583286,77.148759,1.3,120.4,112.0,0
28.661694,77.192363,8.1,58.5,31.0,0
28.597614,77.206569,2.0,31.2,15.0,0
28.617147,77.249287,75.5,160.0,227.0,0
28.655113,77.141412,10.8,79.3,69.0,0
28.6131,77.203694,72.0,43.8,12.0,0
28.54704,77.219802,37.9,48.3,123.0,0
28.589171,77.175448,31.6,25.0,104.0,0
28.604294,77.200619,34.1,9.2,7.0,0
28.528172,77.262952,33.5,28.8,8.0,0
28.57491,77.193146,27.3,24.6,15.0,0
28.607087,77.200303,64.9,32.7,138.0,0
28.71111,77.26278,40.6,50.7,78.0,0
28.629055,77.207594,79.3,5.2,139.0,0
28.618387,77.285417,41.4,9.0,112.0,0
28.695031,77.136581,65.5,104.6,46.0,0
28.639892,77.204831,59.6,16.2,3.0,0
28.646945,77.257315,32.1,33.1,77.0,0
28.590155,77.182533,63.1,81.1,58.0,0
28.547226,77.206781,12.4,301.6,16.0,1
28.623582,77.281665,16.3,11.4,155.0,0
28.70161,77.179766,49.5,113.3,70.0,0
28.686152,77.24263,56.9,54.1,97.0,0
28.643392,77.255833,51.5,7.9,90.0,0
28.57617,77.222332,40.8,14.8,8.0,0
28.532968,77.220501,11.0,94.8,20.0,0
28.569388,77.167254,29.8,169.3,86.0,0
28.621386,77.255052,48.4,1.0,53.0,0
28.586949,77.155783,18.1,20.2,8.0,0
28.660603,77.238062,51.0,35.4,33.0,0
28.536041,77.19258,18.7,359.3,16.0,1
28.604062,77.198763,7.8,84.5,83.0,0
28.572166,77.208437,25.9,35.8,9.0,0
28.660064,77.243475,21.8,18.0,57.0,0
28.637631,77.296597,64.8,20.6,2.0,0
28.56895,77.224067,38.7,4.1,70.0,0
28.65321,77.182499,5.1,418.6,6.0,1
28.529362,77.146522,65.2,322.4,8.0,1
28.521175,77.276497,21.5,0.9,39.0,0
28.566241,77.227269,45.4,25.3,1.0,0
28.511355,77.206919,43.3,1.7,229.0,0
28.604872,77.221426,77.7,28.7,19.0,0
28.606461,77.256833,20.4,185.2,0.0,0
28.590225,77.197996,11.6,166.2,120.0,0
28.637446,77.185199,20.7,92.4,4.0,0
28.57433,77.153003,46.1,348.3,124.0,1
28.545618,77.164539,17.4,109.6,96.0,0
28.570638,77.201262,27.2,22.1,8.0,0
28.549481,77.272234,52.6,144.1,7.0,0
28.579912,77.193076,9.3,56.7,81.0,0
28.640301,77.23153,75.6,56.1,92.0,0
28.522679,77.274726,42.6,143.1,28.0,0
28.593516,77.237588,38.7,61.1,125.0,0
28.658381,77.317185,29.0,31.7,13.0,0
28.664086,77.221888,19.7,211.3,57.0,0
28.576399,77.210651,38.7,6.1,32.0,0
28.721161,77.199416,38.9,85.8,24.0,0
28.55792,77.318116,4.5,123.1,46.0,0
28.599076,77.279472,67.8,4.2,22.0,0
28.551986,77.145532,65.7,21.4,15.0,0
28.632154,77.324004,35.8,20.2,47.0,0
28.750561,77.243399,26.9,176.1,45.0,0
28.702687,77.224952,39.9,84.1,100.0,0
28.65282,77.244414,17.7,19.6,63.0,0
28.580125,77.170561,0.1,192.4,24.0,0
28.602103,77.228345,28.3,22.3,70.0,0
28.666302,77.203065,1.4,86.8,7.0,0
28.647975,77.200483,3.3,48.2,12.0,0
28.614646,77.266443,2.4,8.2,53.0,0
28.617596,77.205277,70.4,111.9,49.0,0
28.663285,77.223482,11.5,31.8,45.0,0
28.675669,77.234887,20.3,35.7,60.0,0
28.535463,77.26568,39.2,19.3,10.0,0
28.621851,77.281901,42.3,130.5,97.0,0
28.639409,77.219241,9.8,14.0,125.0,0
28.583892,77.199586,72.8,19.7,44.0,0
28.674451,77.31369,18.5,41.8,69.0,0
28.596074,77.089484,75.4,12.9,103.0,0
28.67584,77.261869,20.6,9.6,63.0,0
28.592083,77.211297,0.2,59.0,34.0,0
28.623469,77.247025,77.7,245.6,69.0,0
28.622363,77.220542,38.7,129.5,160.0,0
28.693631,77.282574,70.3,15.6,20.0,0
28.64755,77.239456,58.7,70.9,97.0,0
28.587618,77.147453,14.3,126.2,357.0,0
28.596887,77.145202,67.6,12.5,86.0,0
28.596692,77.207748,4.1,6.8,22.0,0
28.611425,77.248882,40.6,177.4,8.0,0
28.563272,77.28386,20.3,22.5,47.0,0
28.606433,77.185029,28.9,55.1,7.0,0
28.678904,77.107931,60.6,18.7,37.0,0
28.676683,77.240054,54.7,3.9,25.0,0
28.532257,77.220618,35.2,57.6,39.0,0
28.52434,77.225661,3.7,45.7,23.0,0
28.580843,77.16344,3.2,103.7,112.0,0
28.521545,77.27814,56.2,155.8,34.0,0
28.547331,77.177684,75.9,12.2,7.0,0
28.62806,77.233903,67.8,15.1,62.0,0
28.608606,77.232285,9.8,240.1,90.0,0
28.524453,77.245994,9.7,43.3,33.0,0
28.669002,77.18127,48.8,244.1,56.0,0
28.589402,77.172332,52.6,33.1,35.0,0
28.584586,77.261153,49.3,34.2,13.0,0
28.661328,77.246132,70.8,98.2,55.0,0
28.631044,77.235253,18.5,8.2,72.0,0
28.608379,77.274788,13.8,42.6,17.0,0
28.585771,77.235585,73.1,38.3,74.0,0
28.638981,77.199998,57.8,2.9,118.0,0
28.588859,77.244399,56.9,30.0,149.0,0
28.599082,77.241023,26.8,40.7,11.0,0
28.551675,77.242278,50.2,4.8,11.0,0
28.667628,77.174347,58.1,1.6,122.0,0
28.68813,77.169547,48.0,73.3,69.0,0
28.621095,77.262508,58.9,18.4,8.0,0
28.586193,77.21108,47.2,36.0,41.0,0
28.657272,77.12134,78.6,6.7,86.0,0
28.639933,77.149932,39.4,8.5,13.0,0
28.588312,77.152574,1.0,13.4,145.0,0
28.668057,77.271866,13.1,2.4,121.0,0
28.589277,77.216081,77.1,115.0,54.0,0
28.546194,77.220268,37.6,189.3,90.0,0
28.60721,77.200838,9.6,59.1,10.0,0
28.664717,77.165561,12.5,135.6,17.0,0
28.615638,77.25649,2.3,11.7,89.0,0
28.551868,77.251116,18.1,47.7,35.0,0
28.590344,77.183275,78.9,12.3,12.0,0
28.670316,77.288603,26.3,428.6,21.0,1
28.624191,77.255746,20.0,4.8,58.0,0
28.609556,77.175808,53.4,47.0,3.0,0
28.603979,77.204135,53.9,9.5,10.0,0
28.664494,77.200102,77.4,5.7,14.0,0
28.661233,77.23412,58.4,106.2,131.0,0
28.540441,77.147068,8.8,6.7,131.0,0
28.657496,77.183248,78.8,1.9,14.0,0
28.636321,77.25822,60.0,239.1,55.0,0
28.690149,77.139157,20.7,16.3,27.0,0
28.607043,77.208613,20.9,148.9,3.0,0
28.667262,77.157187,76.8,244.6,10.0,0
28.633947,77.26416,15.4,111.5,0.0,0
28.554805,77.235665,18.2,8.8,249.0,0
28.66153,77.145115,28.7,15.0,63.0,0
28.650971,77.166379,54.4,15.8,9.0,0
28.578004,77.219196,34.4,84.9,79.0,0
28.624976,77.103149,24.9,15.8,57.0,0
28.715888,77.163493,21.4,2.4,14.0,0
28.586348,77.177301,10.0,49.1,41.0,0
28.646808,77.282742,43.7,71.1,57.0,0
28.555756,77.189667,21.9,49.4,27.0,0
28.581985,77.251469,26.5,53.7,191.0,0
28.651028,77.194853,0.6,48.8,6.0,0
28.623334,77.255727,42.5,24.7,8.0,0
28.600438,77.140889,55.7,249.7,117.0,0
28.695625,77.182336,74.2,145.7,17.0,0
28.564409,77.213034,15.8,31.2,8.0,0
28.603201,77.227392,73.5,3.2,29.0,0
28.635089,77.234689,28.9,156.2,11.0,0
28.566925,77.228135,64.2,108.5,42.0,0
28.635962,77.243798,71.7,6.8,79.0,0
28.664234,77.21792,76.9,95.8,85.0,0
28.60477,77.227202,26.0,48.2,22.0,0
28.576237,77.16784,20.8,11.2,70.0,0
28.594878,77.137597,35.2,103.2,202.0,0
28.47658,77.162607,44.4,35.2,0.0,0
28.660806,77.13415,55.3,193.0,62.0,0
28.62373,77.229722,55.4,3.5,42.0,0
28.601679,77.265455,9.3,221.6,30.0,0
28.52716,77.171107,48.9,7.4,14.0,0
28.665952,77.268925,13.4,2.9,8.0,0
28.58862,77.24109,56.9,69.7,152.0,0
28.638762,77.190813,78.1,75.4,2.0,0
28.60993,77.201031,61.7,17.6,38.0,0
28.529755,77.274274,55.6,167.0,14.0,0
28.673927,77.102313,6.2,129.6,10.0,0
28.664429,77.274071,14.8,26.6,26.0,0
28.648702,77.263301,28.4,46.8,23.0,0
28.626242,77.189039,74.7,122.3,37.0,0
28.550626,77.213857,26.5,143.4,41.0,0
28.653948,77.299839,65.1,127.3,42.0,0
28.72075,77.153006,8.3,24.9,8.0,0
28.616307,77.209398,53.0,116.0,11.0,0
28.617284,77.250862,62.3,80.1,24.0,0
28.555408,77.228985,43.4,59.8,5.0,0
28.50698,77.221103,61.3,265.0,107.0,1
28.592544,77.309338,57.9,72.9,6.0,0
28.684583,77.163091,38.2,162.4,16.0,0
28.677688,77.165332,69.2,111.7,61.0,0
28.60723,77.092848,27.3,3.7,160.0,0
28.632006,77.164567,34.0,24.8,9.0,0
28.549582,77.185246,43.2,75.2,35.0,0
28.616061,77.234493,10.5,46.1,21.0,0
28.584278,77.266488,41.2,249.0,39.0,0
28.613234,77.170304,25.9,70.1,35.0,0
28.596767,77.211366,20.5,211.7,52.0,0
28.595875,77.288296,46.1,18.4,3.0,0
28.66032,77.209125,26.4,182.4,106.0,0
28.708696,77.244435,68.4,61.6,2.0,0
28.602027,77.274544,32.8,19.3,51.0,0
28.681432,77.172006,33.0,39.6,101.0,0
28.548422,77.161833,78.6,277.5,7.0,1
28.605888,77.299552,27.3,256.5,69.0,1
28.54569,77.247461,10.5,1.8,14.0,0
28.594882,77.152151,70.1,29.4,13.0,0
28.646285,77.165667,73.4,183.7,3.0,0
28.666432,77.208481,18.1,2.6,28.0,0
28.571574,77.288182,70.6,251.6,134.0,1
28.633403,77.267587,39.6,39.3,73.0,0
28.672,77.271853,3.5,9.8,50.0,0
28.664886,77.196679,43.9,28.7,102.0,0
28.623448,77.218117,67.9,132.1,108.0,0
28.581041,77.178582,31.7,517.0,54.0,1
28.576058,77.197717,44.1,11.5,22.0,0
28.568368,77.16236,11.2,81.2,127.0,0
28.608919,77.174905,67.4,207.6,26.0,0
28.569342,77.182192,8.6,184.0,11.0,0
28.644402,77.211245,7.6,38.7,49.0,0
28.621917,77.239535,74.7,160.7,5.0,0
28.619651,77.301814,69.9,17.0,14.0,0
28.518476,77.200225,46.0,80.0,113.0,0
28.611889,77.247897,8.5,72.9,32.0,0
28.587544,77.209539,43.7,122.2,40.0,0
28.718821,77.266644,73.6,20.8,46.0,0
28.546503,77.155735,49.0,79.3,41.0,0
28.600229,77.191721,15.9,75.4,15.0,0
28.629655,77.251642,72.5,7.0,149.0,0
28.561864,77.247579,69.2,32.1,68.0,0
28.706913,77.248497,43.7,18.6,63.0,0
28.707939,77.288962,68.2,624.3,109.0,1
28.567579,77.131814,4.5,373.4,68.0,1
28.58091,77.155778,36.9,23.3,8.0,0
28.717841,77.246563,14.2,132.2,25.0,0
28.680264,77.259171,67.0,135.6,28.0,0
28.592033,77.251255,77.7,219.8,67.0,0
28.632072,77.353935,74.5,11.1,73.0,0
28.541164,77.172706,40.3,88.1,49.0,0
28.720337,77.23696,40.9,18.4,31.0,0
28.614143,77.214956,72.7,85.8,125.0,0
28.639779,77.249569,57.7,164.6,49.0,0
28.563748,77.237291,6.0,6.8,104.0,0
28.553695,77.19262,10.3,81.1,157.0,0
28.633055,77.23789,76.1,61.7,33.0,0
28.706315,77.222673,29.3,15.4,21.0,0
28.583476,77.22491,15.0,21.7,28.0,0
28.561545,77.275189,58.8,58.8,5.0,0
28.625757,77.342534,70.4,157.6,26.0,0
28.69236,77.12281,16.5,90.0,42.0,0
28.578571,77.282942,20.1,2.2,14.0,0
28.598005,77.250624,72.0,10.8,12.0,0
28.652356,77.181416,1.1,171.4,23.0,0
28.657721,77.200371,72.6,84.6,6.0,0
28.596278,77.262603,3.1,1.5,41.0,0
28.665332,77.221027,7.6,72.5,61.0,0
28.636938,77.21605,69.0,14.8,53.0,0
28.61131,77.184167,19.9,202.0,20.0,0
28.655623,77.180545,18.0,10.4,118.0,0
28.64873,77.170215,67.5,6.4,7.0,0
28.558149,77.193004,43.4,82.8,0.0,0
28.684676,77.212074,28.0,125.9,9.0,0
28.62777,77.236223,57.1,25.6,77.0,0
28.679281,77.177348,64.8,28.7,93.0,0
28.61309,77.256276,69.0,35.3,87.0,0
28.622882,77.173104,9.5,116.1,24.0,0
28.630444,77.256945,46.6,24.3,125.0,0
28.637842,77.175199,54.3,7.4,132.0,0
28.68691,77.319354,9.3,29.6,103.0,0
28.633822,77.250916,48.8,270.6,80.0,1
28.609101,77.260551,2.6,45.6,110.0,0
28.660977,77.2099,27.3,65.7,64.0,0
28.632021,77.248856,13.8,114.9,200.0,0
28.758277,77.155892,44.9,65.4,60.0,0
28.625071,77.169697,15.3,85.6,11.0,0
28.672383,77.203132,63.1,169.9,12.0,0
28.654604,77.294395,9.7,37.3,34.0,0
28.508005,77.268829,60.6,9.5,76.0,0
28.573661,77.106673,7.9,7.9,9.0,0
28.588529,77.169197,35.4,122.1,13.0,0
28.535517,77.21416,55.9,85.1,5.0,0
28.590737,77.281316,12.9,66.9,11.0,0
28.541941,77.230709,60.2,212.7,15.0,0
28.555042,77.091631,76.3,78.9,49.0,0
28.622579,77.159867,29.9,3.9,30.0,0
28.70647,77.254503,0.0,50.6,6.0,0
28.542389,77.228705,38.1,19.4,10.0,0
28.549726,77.225246,72.2,77.7,44.0,0
28.583863,77.274099,53.2,16.6,8.0,0
28.603141,77.201191,56.3,82.8,78.0,0
28.533393,77.25344,63.4,171.9,6.0,0
28.575546,77.300592,72.7,6.4,13.0,0
28.570927,77.229722,10.0,24.0,125.0,0
28.626418,77.173781,47.2,89.5,46.0,0
28.631781,77.197175,71.2,99.4,272.0,0
28.602862,77.173338,62.1,70.7,10.0,0
28.591612,77.106449,19.9,12.0,5.0,0
28.575015,77.178973,70.0,22.2,5.0,0
28.613079,77.250275,23.5,190.3,164.0,0
28.561696,77.21897,32.9,136.8,62.0,0
28.687862,77.286444,14.9,239.7,25.0,0
28.535605,77.225696,70.8,42.1,29.0,0
28.577685,77.262681,7.4,46.3,72.0,0
28.65391,77.130517,79.5,24.0,58.0,0
28.590568,77.196569,26.3,59.5,26.0,0
28.644099,77.205052,56.9,141.7,70.0,0
28.69636,77.177228,10.3,22.8,25.0,0
28.652155,77.294787,39.0,12.1,36.0,0
28.550399,77.122003,3.2,111.1,114.0,0
28.552789,77.212806,70.3,94.6,8.0,0
28.60113,77.275126,35.7,141.4,34.0,0
28.632652,77.256668,59.4,111.4,6.0,0
28.670807,77.19951,71.6,43.5,2.0,0
28.571251,77.173499,5.5,13.6,203.0,0
28.586255,77.27305,40.9,100.3,50.0,0
28.597967,77.192445,15.2,168.6,227.0,0
28.596964,77.176974,5.5,13.3,117.0,0
28.685282,77.268504,49.8,58.5,253.0,0
28.605298,77.233869,9.1,31.9,164.0,0
28.618153,77.200899,39.4,58.6,127.0,0
28.656074,77.234761,15.8,2.5,77.0,0
28.690054,77.240757,15.8,34.9,80.0,0
28.60874,77.215813,41.8,53.0,172.0,0
28.67346,77.226186,44.4,13.1,226.0,0
28.701889,77.110366,0.3,41.9,173.0,0
28.604983,77.21322,40.1,15.5,40.0,0
28.582318,77.18652,53.6,19.4,126.0,0
28.719853,77.178533,54.3,304.1,43.0,1
28.666554,77.184266,68.0,73.7,50.0,0
28.611125,77.193668,71.6,39.5,104.0,0
28.642998,77.203643,49.8,58.9,106.0,0
28.558251,77.226803,38.5,38.6,104.0,0
28.665971,77.181824,16.3,73.7,106.0,0
28.520498,77.244404,10.1,0.0,33.0,0
28.664032,77.255293,48.7,21.5,45.0,0
28.574414,77.25478,75.7,360.2,17.0,1
28.527806,77.265257,22.3,9.5,37.0,0
28.510431,77.190082,8.0,6.6,194.0,0
28.586692,77.204965,33.9,54.4,102.0,0
28.646056,77.23083,0.0,27.5,27.0,0
28.541005,77.197253,44.3,61.0,60.0,0
28.548721,77.160575,4.0,259.0,18.0,1
28.585789,77.193382,74.5,10.8,14.0,0
28.650878,77.300235,69.6,46.4,32.0,0
28.657126,77.181342,9.2,113.8,11.0,0
28.617494,77.178813,11.8,14.0,49.0,0
28.659668,77.191154,76.3,99.6,33.0,0
28.644881,77.246346,65.1,40.9,9.0,0
28.589651,77.235901,75.4,77.6,72.0,0
28.655976,77.253812,26.8,59.7,77.0,0
28.546291,77.345127,8.9,47.9,133.0,0
28.634824,77.259553,49.2,52.2,75.0,0
28.552199,77.263475,77.3,12.7,15.0,0
28.61764,77.361483,10.4,45.6,65.0,0
28.671428,77.242978,65.5,111.9,225.0,0
28.62116,77.198906,28.8,181.6,115.0,0
28.609871,77.203357,9.2,78.8,34.0,0
28.621802,77.27134,36.7,140.5,71.0,0
28.643665,77.155911,39.1,56.7,1.0,0
28.7172,77.12117,0.7,19.5,15.0,0
28.643122,77.177447,38.0,103.0,31.0,0
28.585374,77.259493,51.8,96.8,32.0,0
28.600067,77.248136,61.2,0.6,126.0,0
28.565444,77.2105,7.9,52.2,271.0,0
28.548538,77.271959,70.1,220.8,36.0,0
28.488876,77.248915,13.4,332.6,30.0,1
28.58742,77.235699,52.7,48.8,8.0,0
28.540278,77.217636,44.2,102.3,16.0,0
28.615353,77.263318,70.4,1.4,9.0,0
28.585026,77.256265,3.1,25.0,26.0,0
28.556224,77.204847,15.3,102.3,83.0,0
28.505325,77.259171,9.8,84.7,1.0,0
28.593033,77.185814,26.2,86.4,123.0,0
28.522881,77.230244,27.1,95.4,77.0,0
28.645808,77.23852,7.1,44.9,28.0,0
28.623245,77.201749,41.1,222.3,45.0,0
28.59916,77.225205,9.3,36.5,7.0,0
28.683037,77.248902,5.9,185.9,91.0,0
28.610991,77.164378,2.7,5.0,91.0,0
28.629804,77.2277,74.3,151.3,29.0,0
28.644873,77.329238,31.7,28.9,18.0,0
28.584656,77.177183,22.7,86.2,53.0,0
28.584935,77.269998,38.6,4.5,23.0,0
28.612572,77.213718,12.6,6.7,73.0,0
28.543174,77.27765,32.5,4.7,75.0,0
28.699766,77.182328,15.2,53.1,230.0,0
28.618539,77.218803,24.4,43.1,26.0,0
28.600453,77.329044,73.9,30.8,3.0,0
28.714776,77.20984,11.9,47.2,130.0,0
28.555425,77.250171,37.9,30.1,1.0,0
28.687308,77.248226,52.9,164.1,36.0,0
28.651165,77.117073,73.4,66.2,18.0,0
28.666351,77.240811,73.8,29.7,32.0,0
28.601723,77.156623,19.8,48.5,12.0,0
28.613293,77.250145,75.5,161.5,67.0,0
28.593335,77.224386,26.5,42.1,49.0,0
28.660317,77.162743,71.6,44.6,31.0,0
28.630087,77.158977,7.5,33.0,66.0,0
28.582576,77.214862,15.9,24.1,5.0,0
28.584872,77.342551,6.3,51.1,117.0,0
28.609759,77.299666,23.9,106.7,36.0,0
28.593886,77.236477,69.9,36.7,57.0,0
28.682589,77.244266,12.7,20.6,19.0,0
28.650911,77.248581,18.0,86.3,215.0,0
28.650806,77.191777,17.3,132.3,36.0,0
28.622196,77.183869,22.0,1.8,12.0,0
28.569175,77.261053,1.5,80.1,10.0,0
28.645305,77.188415,33.9,185.0,20.0,0
28.505591,77.290528,78.1,7.4,89.0,0
28.619203,77.150836,35.8,183.6,22.0,0
28.569894,77.173421,65.1,10.0,5.0,0
28.566044,77.289283,45.7,460.4,36.0,1
28.587333,77.204157,1.2,57.4,14.0,0
28.606303,77.21237,46.8,104.7,152.0,0
28.609329,77.250772,75.7,5.2,28.0,0
28.650012,77.276439,44.3,8.6,23.0,0
28.601806,77.248989,42.2,264.4,36.0,1
28.605413,77.232863,53.6,357.5,2.0,1
28.540719,77.258534,69.7,26.0,45.0,0
28.547231,77.238957,45.2,33.5,260.0,0
28.624853,77.272756,32.5,0.8,25.0,0
28.642033,77.361345,3.0,249.9,164.0,0
28.597476,77.243767,8.9,199.7,8.0,0
28.657148,77.175508,51.9,9.9,53.0,0
28.540105,77.270437,49.5,36.3,11.0,0
28.630427,77.211188,19.1,272.1,127.0,1
28.567911,77.235357,57.5,10.8,77.0,0
28.563962,77.236833,22.4,165.5,125.0,0
28.572254,77.189419,24.4,18.0,71.0,0
28.606462,77.19996,4.9,5.7,67.0,0
28.632445,77.103082,44.0,12.3,45.0,0
28.628649,77.213428,23.0,99.0,47.0,0
28.595976,77.24654,65.5,11.8,92.0,0
28.642113,77.219232,64.1,0.3,51.0,0
28.694837,77.195499,10.3,119.6,34.0,0
28.604529,77.237355,12.8,85.3,74.0,0
28.61524,77.171375,25.7,168.4,199.0,0
28.579914,77.165602,46.5,69.0,144.0,0
28.590902,77.244792,27.4,3.7,24.0,0
28.672917,77.247545,28.0,1.7,29.0,0
28.673433,77.244053,11.2,123.1,189.0,0
28.600447,77.203474,26.8,176.5,16.0,0
28.635013,77.27318,37.6,128.9,8.0,0
28.656523,77.162312,78.8,37.5,39.0,0
28.588174,77.20365,67.0,86.8,35.0,0
28.545205,77.25589,63.4,6.5,48.0,0
28.644965,77.26148,44.8,101.3,2.0,0
28.655319,77.179881,28.8,23.0,14.0,0
28.647964,77.32563,68.6,217.8,97.0,0
28.591793,77.211974,27.8,33.0,27.0,0
28.686656,77.222891,47.4,33.2,149.0,0
28.624713,77.267406,20.6,27.0,50.0,0
28.553121,77.296097,62.1,80.3,1.0,0
28.530696,77.221577,41.2,8.2,229.0,0
28.59564,77.277163,71.6,4.4,23.0,0
28.621741,77.195692,45.5,95.3,28.0,0
28.596103,77.301922,13.1,232.9,145.0,0
28.710178,77.22043,79.4,108.9,126.0,0
28.630699,77.234222,40.2,23.0,69.0,0
28.561843,77.201161,20.1,36.0,1.0,0
28.496983,77.229299,26.3,18.2,0.0,0
28.622251,77.181983,9.7,92.2,12.0,0
28.659948,77.215377,5.9,21.7,86.0,0
28.703688,77.219356,36.0,67.8,108.0,0
28.600379,77.165704,76.1,146.3,15.0,0
28.6966,77.189941,9.8,58.1,5.0,0
28.542554,77.113514,72.2,72.0,33.0,0
28.593305,77.156467,63.7,275.7,159.0,1
28.55978,77.217797,64.5,30.8,45.0,0
28.650105,77.266474,56.8,127.7,79.0,0
28.545446,77.20065,47.3,92.9,74.0,0
28.630587,77.216972,9.7,9.6,116.0,0
28.548409,77.276585,46.1,366.5,249.0,1
28.698389,77.260161,28.2,93.6,236.0,0
28.591787,77.259437,8.4,1.1,47.0,0
28.629398,77.224461,64.3,102.5,24.0,0
28.521061,77.193994,43.7,11.5,93.0,0
28.53576,77.238288,59.6,27.8,73.0,0
28.57183,77.282626,38.4,34.3,92.0,0
28.653026,77.308872,44.1,29.7,21.0,0
28.643455,77.338799,57.0,109.1,52.0,0
28.664769,77.294985,19.8,112.0,12.0,0
28.535013,77.220685,67.8,60.1,15.0,0
28.635843,77.158379,33.7,67.0,28.0,0
28.582505,77.248599,56.7,30.1,74.0,0
28.570095,77.273329,26.1,1.9,22.0,0
28.583639,77.090834,56.2,34.7,24.0,0
28.604677,77.144545,3.5,0.8,96.0,0
28.643552,77.195659,74.3,160.1,147.0,0
28.66664,77.180055,63.0,81.9,110.0,0
28.636554,77.138047,53.2,310.1,12.0,1
28.642164,77.237502,25.9,16.2,37.0,0
28.701652,77.280559,67.4,85.8,73.0,0
28.645354,77.20908,61.4,16.7,75.0,0
28.599808,77.135496,36.2,81.5,30.0,0
28.639555,77.228814,15.8,54.1,33.0,0
28.695882,77.163002,14.0,87.4,52.0,0
28.566982,77.168069,39.1,103.4,68.0,0
28.588953,77.266487,62.7,59.2,5.0,0
28.683006,77.278511,57.2,54.5,62.0,0
28.595976,77.204035,39.5,5.8,43.0,0
28.648714,77.255055,16.4,36.2,2.0,0
28.674954,77.164787,19.1,28.8,4.0,0
28.547709,77.244954,4.6,78.6,13.0,0
28.590079,77.199306,14.1,25.8,26.0,0
28.670734,77.152221,1.0,21.2,86.0,0
28.604179,77.173143,54.0,151.1,23.0,0
28.50957,77.239003,47.1,141.0,86.0,0
28.585002,77.14447,79.0,31.9,41.0,0
28.650223,77.204416,61.0,7.2,14.0,0
28.674325,77.27192,19.7,55.1,90.0,0
28.613042,77.193859,56.6,48.0,77.0,0
28.634689,77.141437,1.0,163.1,2.0,0
28.592047,77.20465,78.9,63.3,80.0,0
28.655659,77.252383,49.2,228.9,66.0,0
28.68176,77.153616,9.6,52.8,28.0,0
28.64891,77.277853,39.9,88.0,60.0,0
28.604592,77.256667,75.2,52.3,10.0,0
28.632206,77.236006,68.0,31.0,53.0,0
28.658124,77.247367,23.9,2.2,11.0,0
28.611885,77.224859,31.7,126.1,7.0,0
28.650526,77.235214,68.3,186.8,13.0,0
28.629015,77.222073,72.0,105.8,8.0,0
28.681468,77.262646,73.2,25.4,8.0,0
28.645507,77.283144,75.8,135.8,129.0,0
28.585572,77.177459,40.0,75.9,138.0,0
28.680725,77.183408,68.9,91.9,79.0,0
28.633503,77.198936,27.8,5.5,91.0,0
28.603513,77.188061,67.0,69.8,27.0,0
28.5428,77.275191,27.8,65.9,47.0,0
28.622069,77.143519,48.7,86.7,101.0,0
28.702244,77.245635,37.5,118.1,40.0,0
28.474031,77.287835,71.4,41.5,80.0,0
28.476014,77.189563,5.3,13.5,33.0,0
28.648867,77.292103,75.9,206.0,26.0,0
28.622309,77.276367,37.0,119.9,113.0,0
28.644119,77.201038,38.5,62.2,24.0,0
28.584181,77.25944,66.2,35.0,39.0,0
28.503411,77.177169,53.3,330.7,7.0,1
28.568901,77.163413,76.3,7.8,43.0,0
28.6885,77.195311,43.7,218.2,56.0,0
28.587921,77.286015,44.7,41.4,30.0,0
28.588354,77.195585,77.7,8.1,62.0,0
28.47903,77.220584,74.1,38.1,35.0,0
28.520276,77.168281,16.7,110.8,33.0,0
28.666008,77.261833,24.6,44.2,33.0,0
28.597529,77.260073,50.0,54.3,118.0,0
28.66006,77.183285,75.2,138.7,78.0,0
28.572815,77.102647,45.1,76.5,37.0,0
28.537111,77.200414,58.6,88.2,61.0,0
28.597454,77.240627,7.5,13.4,104.0,0
28.581852,77.21784,41.8,23.3,37.0,0
28.568845,77.222524,11.8,42.4,112.0,0
28.57015,77.235976,20.9,9.3,12.0,0
28.603753,77.192952,13.3,26.2,54.0,0
28.585922,77.155734,13.3,143.4,27.0,0
28.563887,77.25545,79.3,1.8,6.0,0
28.700736,77.174255,23.9,4.2,133.0,0
28.633398,77.158419,45.2,92.9,40.0,0
28.618424,77.243503,1.6,39.0,47.0,0
28.607173,77.163209,64.5,118.6,44.0,0
28.643781,77.177591,54.4,214.9,47.0,0
28.637091,77.297529,18.3,24.8,53.0,0
28.558786,77.297928,2.9,3.0,123.0,0
28.533886,77.278063,22.0,48.7,177.0,0
28.496796,77.256468,50.3,266.4,58.0,1
28.700097,77.27632,1.2,63.1,28.0,0
28.588235,77.31663,6.0,37.9,43.0,0
28.640103,77.273207,32.7,64.2,73.0,0
28.620603,77.231064,14.1,14.5,45.0,0
28.656128,77.262147,50.5,111.3,18.0,0
28.607273,77.195253,14.0,91.3,56.0,0
28.544102,77.225816,79.5,103.0,132.0,0
28.558644,77.22804,34.9,28.8,7.0,0
28.592962,77.211596,11.9,134.4,4.0,0
28.531236,77.202758,5.9,178.8,221.0,0
28.567784,77.282893,33.6,249.0,98.0,0
28.550559,77.170851,64.7,81.4,32.0,0
28.594066,77.225889,35.1,34.2,2.0,0
28.585698,77.154034,11.3,39.2,163.0,0
28.616474,77.118114,39.1,66.7,95.0,0
28.653223,77.278259,27.0,68.5,56.0,0
28.598369,77.282793,40.1,125.8,94.0,0
28.53538,77.19423,31.3,7.1,59.0,0
28.508083,77.221032,51.8,66.9,67.0,0
28.618616,77.204035,64.3,34.3,141.0,0
28.577225,77.204088,70.9,143.6,31.0,0
28.602632,77.194098,59.3,34.7,45.0,0
28.626977,77.241504,28.4,50.5,91.0,0
28.682659,77.199442,35.9,20.7,19.0,0
28.523125,77.239251,51.3,28.0,55.0,0
28.559877,77.301885,17.6,64.9,26.0,0
28.606238,77.237978,56.1,44.4,3.0,0
28.55349,77.22474,52.0,18.0,10.0,0
28.536047,77.189926,52.5,51.4,7.0,0
28.675979,77.217781,26.7,14.5,48.0,0
28.558102,77.134977,48.1,170.8,8.0,0
28.545041,77.295484,15.8,206.4,47.0,0
28.553093,77.170597,15.2,20.5,79.0,0
28.6648,77.12257,61.5,4.3,60.0,0
28.575731,77.213273,30.4,209.4,83.0,0
28.541219,77.236211,43.6,29.9,41.0,0
28.568492,77.284725,23.4,16.7,80.0,0
28.608091,77.23074,18.9,201.4,94.0,0
28.655089,77.264774,62.4,171.4,17.0,0
28.650888,77.264992,63.5,4.4,116.0,0
28.571612,77.260099,66.9,18.6,165.0,0
28.583944,77.161818,68.4,133.9,79.0,0
28.715644,77.244047,32.9,24.9,213.0,0
28.660284,77.149248,64.7,88.3,4.0,0
28.597911,77.31822,27.7,3.3,10.0,0
28.495742,77.253382,4.2,147.4,140.0,0
28.587559,77.18726,55.1,43.9,2.0,0
28.544169,77.237293,15.9,50.8,53.0,0
28.567366,77.167972,36.1,132.1,19.0,0
28.562233,77.140766,13.1,48.4,36.0,0
28.59894,77.262339,31.3,8.8,29.0,0
28.613988,77.169457,70.8,56.2,13.0,0
28.573921,77.209449,49.1,48.8,53.0,0
28.546615,77.228778,11.9,47.8,14.0,0
28.601553,77.209379,58.0,17.1,31.0,0
28.585586,77.167098,67.8,14.3,88.0,0
28.515623,77.221535,13.3,120.4,66.0,0
28.640879,77.225901,59.5,77.2,63.0,0
28.574058,77.262065,43.9,0.5,42.0,0
28.597027,77.340744,48.3,144.3,13.0,0
28.599508,77.119684,75.1,10.4,35.0,0
28.609728,77.178574,2.9,107.1,38.0,0
28.617802,77.229647,51.1,8.1,14.0,0
28.54527,77.269038,6.5,284.3,55.0,1
28.626118,77.235817,63.2,184.6,43.0,0
28.593293,77.27465,71.7,16.2,24.0,0
28.664722,77.144509,6.9,0.7,14.0,0
28.651249,77.202617,2.1,4.9,9.0,0
28.676638,77.29158,76.5,132.3,128.0,0
28.563582,77.175488,74.1,6.4,168.0,0
28.674833,77.073548,73.9,120.5,103.0,0
28.615204,77.177661,75.2,137.1,54.0,0
28.645009,77.240366,40.0,29.3,196.0,0
28.644219,77.21496,78.2,106.3,38.0,0
28.633453,77.154256,71.4,137.3,3.0,0
28.556089,77.182424,7.8,121.4,28.0,0
28.658254,77.151971,65.0,17.0,12.0,0
28.628084,77.157849,57.0,47.7,71.0,0
28.536846,77.17455,10.7,5.7,21.0,0
28.586316,77.223774,59.0,59.6,38.0,0
28.549846,77.099099,38.8,46.7,163.0,0
28.53919,77.286787,68.3,186.3,294.0,0
28.653166,77.213324,65.5,1.5,46.0,0
28.536531,77.163167,75.4,60.4,19.0,0
28.544444,77.169823,6.0,105.4,35.0,0
28.709411,77.186763,56.8,49.9,125.0,0
28.588106,77.218812,30.2,21.8,16.0,0
28.643383,77.226067,62.1,75.3,4.0,0
28.666742,77.208808,48.2,348.1,102.0,1
28.649211,77.180729,39.6,3.3,45.0,0
28.617979,77.217952,0.3,17.5,136.0,0
28.608637,77.114801,48.6,54.0,69.0,0
28.63738,77.157732,33.6,72.8,2.0,0
28.599267,77.184689,26.6,78.3,93.0,0
28.645244,77.151389,79.1,5.0,13.0,0
28.597552,77.207564,56.0,10.5,8.0,0
28.603223,77.151597,43.2,231.6,50.0,0
28.704588,77.304152,69.5,6.3,35.0,0
28.58648,77.145619,18.2,43.5,22.0,0
28.611462,77.294062,49.6,68.9,53.0,0
28.632028,77.118238,68.9,30.2,82.0,0
28.63524,77.318755,9.9,23.6,41.0,0
28.625143,77.2477,18.9,27.4,93.0,0
28.54798,77.258079,6.6,26.6,33.0,0
28.618602,77.150234,79.4,38.2,41.0,0
28.622641,77.202366,46.5,9.9,47.0,0
28.667498,77.205628,39.2,153.7,23.0,0
28.647462,77.213462,27.1,114.0,27.0,0
28.670793,77.28213,36.0,2.8,43.0,0
28.56034,77.253066,62.1,114.6,129.0,0
28.560699,77.210214,73.3,140.8,48.0,0
28.626905,77.268455,8.4,204.1,7.0,0
28.667143,77.277657,24.0,75.9,79.0,0
28.600478,77.190103,15.1,153.3,44.0,0
28.573486,77.188638,34.8,113.9,31.0,0
28.530427,77.326585,42.4,2.1,71.0,0
28.628651,77.206508,57.7,133.3,11.0,0
28.604854,77.186351,70.1,69.6,92.0,0
28.588803,77.210775,43.4,84.1,76.0,0
28.65576,77.272223,39.1,173.0,12.0,0
28.60616,77.254419,46.1,0.8,112.0,0
28.610544,77.212221,71.1,9.1,13.0,0
28.655494,77.249079,51.9,68.2,68.0,0
28.720037,77.231014,63.0,42.2,28.0,0
28.588277,77.211389,57.6,43.3,85.0,0
28.566688,77.203499,73.9,29.9,4.0,0
28.561047,77.225902,65.4,136.5,17.0,0
28.634341,77.197692,27.3,8.7,38.0,0
28.555974,77.222032,68.3,60.9,75.0,0
28.591839,77.216023,37.4,49.0,57.0,0
28.596236,77.145969,67.8,64.1,185.0,0
28.68832,77.192036,72.5,4.2,49.0,0
28.670143,77.20558,54.8,89.6,22.0,0
28.533664,77.311486,57.5,1.1,34.0,0
28.689741,77.210499,11.3,60.0,5.0,0
28.549692,77.232162,25.9,24.7,7.0,0
28.618515,77.326066,44.6,30.0,44.0,0
28.568773,77.139538,0.3,107.3,223.0,0
28.591085,77.14178,67.8,340.8,17.0,1
28.56148,77.179584,29.6,51.6,90.0,0
28.694276,77.201847,57.9,88.6,27.0,0
28.603495,77.206894,61.5,22.9,2.0,0
28.621779,77.192956,43.8,64.6,11.0,0
28.556886,77.156817,63.2,8.4,58.0,0
28.539747,77.267199,54.6,151.9,16.0,0
28.588293,77.195799,28.8,48.7,114.0,0
28.636573,77.277717,65.3,35.9,27.0,0
28.604427,77.167648,50.9,57.6,15.0,0
28.659227,77.316484,12.8,195.3,91.0,0
28.616709,77.135211,61.8,119.9,10.0,0
28.610823,77.217775,54.1,13.3,183.0,0
28.637256,77.168581,22.8,116.9,16.0,0
28.615515,77.220278,67.4,39.9,101.0,0
28.657701,77.169524,29.9,40.2,44.0,0
28.638261,77.111233,44.2,113.4,81.0,0
28.656048,77.179465,27.5,49.2,9.0,0
28.646323,77.298305,57.9,6.0,14.0,0
28.678514,77.168499,46.5,22.7,13.0,0
28.651947,77.243922,37.6,180.0,9.0,0
28.69788,77.218785,1.6,71.7,18.0,0
28.583441,77.195766,48.6,158.6,110.0,0
28.652239,77.320668,49.8,29.1,83.0,0
28.541464,77.202774,14.5,93.4,22.0,0
28.657854,77.226972,26.6,123.1,27.0,0
28.613322,77.222783,70.3,16.2,80.0,0
28.65734,77.29725,43.9,1.9,104.0,0
28.694476,77.14357,34.8,80.5,33.0,0
28.650555,77.330709,74.9,68.8,81.0,0
28.589863,77.294472,65.0,3.3,51.0,0
28.556101,77.238383,7.8,42.3,291.0,0
28.637301,77.249408,68.7,66.3,70.0,0
28.596203,77.207097,12.0,19.1,80.0,0
28.64368,77.226004,14.0,8.1,111.0,0
28.585163,77.2395,6.0,129.3,9.0,0
28.564026,77.17307,38.5,207.2,27.0,0
28.598413,77.29447,51.6,47.5,41.0,0
28.635548,77.229706,60.3,11.5,10.0,0
28.61661,77.22558,2.1,43.8,27.0,0
28.569846,77.175165,14.2,26.2,69.0,0
28.700526,77.276987,49.7,53.9,17.0,0
28.603563,77.216203,42.0,0.7,39.0,0
28.497409,77.192241,4.1,161.4,9.0,0
28.657115,77.164199,74.8,4.8,7.0,0
28.609945,77.210424,60.7,45.0,27.0,0
28.601974,77.160015,28.7,86.6,78.0,0
28.60098,77.235792,42.9,84.2,45.0,0
28.601262,77.257219,29.9,28.3,59.0,0
28.693949,77.198849,36.4,55.4,31.0,0
28.633727,77.230305,47.7,55.0,53.0,0
28.623519,77.279506,31.9,11.3,40.0,0
28.597363,77.209858,49.7,37.3,30.0,0
28.696924,77.213229,37.2,10.2,1.0,0
28.652647,77.218776,52.6,4.7,112.0,0
28.659953,77.196471,21.0,4.6,183.0,0
28.624408,77.200917,13.7,45.7,45.0,0
28.660497,77.180062,1.1,104.6,36.0,0
28.630159,77.239974,48.2,333.6,87.0,1
28.591936,77.214922,78.5,67.7,1.0,0
28.628971,77.248441,33.6,28.5,9.0,0
28.715354,77.269588,17.0,18.6,20.0,0
28.620691,77.165967,1.0,95.0,5.0,0
28.674008,77.176663,41.0,4.3,3.0,0
28.670069,77.253094,79.4,24.3,168.0,0
28.638643,77.205782,78.7,93.3,12.0,0
28.693339,77.222536,8.1,47.1,54.0,0
28.501854,77.222679,65.3,55.5,46.0,0
28.518681,77.171099,13.9,296.7,20.0,1
28.696891,77.243802,64.7,41.5,63.0,0
28.578129,77.230946,68.3,72.3,24.0,0
28.616089,77.168076,0.6,526.4,37.0,1
28.698029,77.210241,19.0,92.8,29.0,0
28.620483,77.213049,4.5,57.8,145.0,0
28.69498,77.255878,39.9,31.3,160.0,0
28.591088,77.277156,2.1,299.9,28.0,1
28.641295,77.218082,50.1,27.8,17.0,0
28.613407,77.134465,44.7,9.8,80.0,0
28.685032,77.254806,30.4,208.1,23.0,0
28.597419,77.328404,36.9,30.7,39.0,0
28.562285,77.254395,79.2,71.1,47.0,0
28.587119,77.20486,13.4,83.1,260.0,0
28.589337,77.238552,58.5,24.2,29.0,0
28.578142,77.258513,51.6,44.0,32.0,0
28.576064,77.22415,53.1,13.5,4.0,0
28.666586,77.284247,27.7,172.7,65.0,0
28.680891,77.161883,17.3,70.3,13.0,0
28.630096,77.198299,52.1,176.8,57.0,0
28.578134,77.241456,73.0,23.8,17.0,0
28.581298,77.253416,78.1,80.4,173.0,0
28.506854,77.191143,38.5,19.7,5.0,0
28.629484,77.195865,34.0,27.3,159.0,0
28.576363,77.185171,27.9,35.8,48.0,0
28.684055,77.181269,64.8,63.8,166.0,0
28.541594,77.24445,20.4,64.9,41.0,0
28.580882,77.216625,41.0,17.9,3.0,0
28.605722,77.283363,27.6,3.8,13.0,0
28.633761,77.163818,70.1,118.3,26.0,0
28.700647,77.21064,22.6,59.7,166.0,0
28.541978,77.255292,54.9,30.1,85.0,0
28.595403,77.235713,47.1,4.3,55.0,0
28.539092,77.16359,26.3,8.8,35.0,0
28.649998,77.276107,20.4,44.1,36.0,0
28.578155,77.223294,64.3,52.9,63.0,0
28.605335,77.314352,40.8,37.9,76.0,0
28.601887,77.211895,48.9,66.9,39.0,0
28.616314,77.2764,77.0,134.6,96.0,0
28.602686,77.200581,31.8,90.4,45.0,0
28.561916,77.206695,65.1,161.4,43.0,0
28.614745,77.243201,51.1,76.5,63.0,0
28.570781,77.133389,47.5,8.9,95.0,0
28.651228,77.117547,4.4,13.0,55.0,0
28.613371,77.18465,73.0,39.6,154.0,0
28.558513,77.153522,18.3,26.7,126.0,0
28.730844,77.10572,37.9,84.5,88.0,0
28.693443,77.255626,60.2,78.6,37.0,0
28.732674,77.178945,41.8,49.7,57.0,0
28.593355,77.201316,0.3,82.5,42.0,0
28.568741,77.225459,75.9,193.7,0.0,0
28.650825,77.243726,1.6,54.1,65.0,0
28.665901,77.232645,7.2,34.1,148.0,0
28.620336,77.228604,17.9,51.7,44.0,0
28.505313,77.241973,47.9,12.5,11.0,0
28.561445,77.193514,77.7,8.2,37.0,0
28.631625,77.182865,73.8,42.3,0.0,0
28.577491,77.10265,52.1,205.5,81.0,0
28.542249,77.250415,59.3,159.0,66.0,0
28.597617,77.184222,57.0,90.7,63.0,0
28.448168,77.317675,55.0,101.5,34.0,0
28.580335,77.255393,65.0,157.6,30.0,0
28.589199,77.266004,27.2,197.6,19.0,0
28.62602,77.253787,17.7,86.2,149.0,0
28.637881,77.245034,27.8,39.0,28.0,0
28.629385,77.242299,3.9,12.8,49.0,0
28.655362,77.246954,77.4,0.6,37.0,0
28.602101,77.227248,59.2,83.5,65.0,0
28.537721,77.187678,17.1,40.6,240.0,0
28.61271,77.159566,20.5,6.6,52.0,0
28.566725,77.239642,79.4,26.1,31.0,0
28.542656,77.283076,61.4,50.6,56.0,0
28.639451,77.21223,34.1,122.4,2.0,0
28.539856,77.226071,16.5,30.2,141.0,0
28.64451,77.152622,3.2,85.4,11.0,0
28.545892,77.195801,53.5,3.5,47.0,0
28.595973,77.157057,62.4,262.4,29.0,1
28.582299,77.16053,8.6,285.1,114.0,1
28.667345,77.223437,0.2,60.1,198.0,0
28.640217,77.215621,28.6,85.7,4.0,0
28.569288,77.257883,53.4,115.7,14.0,0
28.60262,77.25681,73.9,281.5,114.0,1
28.676971,77.174801,70.4,62.9,36.0,0
28.685151,77.121721,55.1,112.6,60.0,0
28.54206,77.171077,65.1,17.1,28.0,0
28.67631,77.182971,28.5,13.4,46.0,0
28.672482,77.246102,19.6,99.7,19.0,0
28.619431,77.249121,9.9,206.1,54.0,0
28.605962,77.216172,14.5,67.1,34.0,0
28.582978,77.255507,77.0,61.2,69.0,0
28.54783,77.346613,74.4,67.7,56.0,0
28.627447,77.212577,3.8,169.3,9.0,0
28.601997,77.206843,37.6,128.8,13.0,0
28.632246,77.176468,29.9,129.4,1.0,0
28.633441,77.23444,52.1,9.0,27.0,0
28.736395,77.27537,26.3,114.1,19.0,0
28.670334,77.193568,22.4,117.0,5.0,0
28.637846,77.198944,64.7,11.3,68.0,0
28.503652,77.192421,75.8,51.0,76.0,0
28.630115,77.16096,16.2,8.2,65.0,0
28.689613,77.22521,18.8,40.5,16.0,0
28.589152,77.226998,33.5,82.0,59.0,0
28.720034,77.216433,56.5,19.7,29.0,0
28.637693,77.310452,13.4,11.3,1.0,0
28.625228,77.238508,37.4,81.4,206.0,0
28.560962,77.16268,67.3,140.2,76.0,0
28.685685,77.250116,18.7,13.4,16.0,0
28.568969,77.201527,3.8,187.7,22.0,0
28.582281,77.202056,72.5,106.9,137.0,0
28.516446,77.209826,63.0,90.7,18.0,0
28.655308,77.204235,55.9,10.3,6.0,0
28.639883,77.231997,7.0,212.4,110.0,0
28.61101,77.324271,71.9,51.3,72.0,0
28.647512,77.200082,24.4,61.4,47.0,0
28.6428,77.222953,16.9,57.5,48.0,0
28.592224,77.230216,39.0,60.6,70.0,0
28.571258,77.192867,73.8,138.5,145.0,0
28.524736,77.198428,79.6,8.3,104.0,0
28.601616,77.268175,49.1,52.9,16.0,0
28.545093,77.192986,76.4,76.1,62.0,0
28.618633,77.174098,36.3,10.0,67.0,0
28.602479,77.307646,2.4,69.6,103.0,0
28.590398,77.158238,22.1,56.9,145.0,0
28.662826,77.262669,24.1,20.2,4.0,0
28.561182,77.208429,62.6,23.8,6.0,0
28.518101,77.157738,9.9,7.2,6.0,0
28.59923,77.199661,14.0,97.8,71.0,0
28.573503,77.207218,49.1,12.8,158.0,0
28.616578,77.136994,10.4,124.5,52.0,0
28.56482,77.239892,39.6,176.3,50.0,0
28.631526,77.234858,2.8,22.1,110.0,0
28.561856,77.201083,53.5,24.1,292.0,0
28.561315,77.242171,72.7,10.5,171.0,0
28.641322,77.228705,70.0,62.3,56.0,0
28.608177,77.283184,5.9,266.4,359.0,1
28.551147,77.164602,47.3,22.3,77.0,0
28.562909,77.20387,8.3,13.9,72.0,0
28.591859,77.268556,4.3,74.5,6.0,0
28.553352,77.245567,48.8,155.3,21.0,0
28.596103,77.103421,45.8,163.4,53.0,0
28.597863,77.135039,7.5,33.9,72.0,0
28.564647,77.218538,28.8,123.6,14.0,0
28.643002,77.300491,25.3,71.8,99.0,0
28.559481,77.196913,27.4,105.6,125.0,0
28.672783,77.250947,26.7,90.4,115.0,0
28.599576,77.22263,66.0,10.9,46.0,0
28.577517,77.247445,28.3,35.4,25.0,0
28.637468,77.272037,26.4,115.2,111.0,0
28.612222,77.26571,2.4,114.1,81.0,0
28.648495,77.263951,63.2,10.4,2.0,0
28.510447,77.187753,52.8,49.6,42.0,0
28.636343,77.210939,27.3,162.6,104.0,0
28.584536,77.244425,36.1,125.5,51.0,0
28.612379,77.242622,63.5,69.6,19.0,0
28.606091,77.248236,27.5,18.5,1.0,0
28.677831,77.130063,37.9,31.4,15.0,0
28.517475,77.278353,1.6,84.8,57.0,0
28.691205,77.133334,73.5,121.6,18.0,0
28.645822,77.180955,29.7,76.1,1.0,0
28.618107,77.228266,23.7,40.3,4.0,0
28.538824,77.217029,48.7,68.8,29.0,0
28.526897,77.289436,42.1,0.3,38.0,0
28.582453,77.159961,32.1,106.4,85.0,0
28.642255,77.200295,73.8,148.6,47.0,0
28.6102,77.120036,29.0,3.8,91.0,0
28.639412,77.22508,79.9,40.8,10.0,0
28.537332,77.208096,63.1,151.1,26.0,0
28.61272,77.1565,72.3,72.7,44.0,0
28.665269,77.283959,22.6,52.8,1.0,0
28.683094,77.2725,5.6,7.3,194.0,0
28.547802,77.222104,33.5,106.9,154.0,0
28.592904,77.275425,25.1,93.5,65.0,0
28.59346,77.213878,4.9,71.3,14.0,0
28.579182,77.254187,5.7,5.0,9.0,0
28.655888,77.261655,13.9,82.3,131.0,0
28.754074,77.16507,30.2,4.2,20.0,0
28.554814,77.240123,74.8,138.1,28.0,0
28.631738,77.226919,52.6,162.8,30.0,0
28.625277,77.167295,31.9,60.6,14.0,0
28.626349,77.154627,64.0,150.9,77.0,0
28.67715,77.243395,45.5,41.0,51.0,0
28.629165,77.204404,33.4,27.4,132.0,0
28.503685,77.145255,11.5,52.9,15.0,0
28.538659,77.247474,74.2,65.5,25.0,0
28.557153,77.265242,49.9,116.4,41.0,0
28.573072,77.159947,35.1,73.7,38.0,0
28.603521,77.218423,35.1,155.0,240.0,0
28.599765,77.294421,61.2,219.7,54.0,0
28.51933,77.17293,14.4,59.1,32.0,0
28.530065,77.303859,33.4,101.2,20.0,0
28.504551,77.202309,5.0,52.5,52.0,0
28.532799,77.214991,6.4,189.2,47.0,0
28.660058,77.148767,42.1,2.5,43.0,0
28.596977,77.150592,30.5,101.4,173.0,0
28.562865,77.185702,57.6,54.9,42.0,0
28.514621,77.262783,78.9,5.0,16.0,0
28.559859,77.335529,68.8,109.5,10.0,0
28.640859,77.348796,35.4,39.9,144.0,0
28.634283,77.212338,30.2,59.9,368.0,0
28.597877,77.200679,46.8,99.8,54.0,0
28.597148,77.169288,7.3,23.2,78.0,0
28.521937,77.274235,79.0,27.2,33.0,0
28.571697,77.182198,78.5,35.3,119.0,0
28.638279,77.20664,73.8,110.1,26.0,0
28.576759,77.243348,53.0,320.6,1.0,1
28.691674,77.241067,40.2,36.1,2.0,0
28.670778,77.187975,56.5,75.5,105.0,0
28.587811,77.213743,25.2,31.3,33.0,0
28.597232,77.189308,68.2,167.5,206.0,0
28.721654,77.176876,10.8,219.3,32.0,0
28.65286,77.167239,64.3,16.8,175.0,0
28.614014,77.144921,69.4,84.9,38.0,0
28.619785,77.236596,13.6,189.1,77.0,0
28.617945,77.206467,38.3,51.5,21.0,0
28.609651,77.161724,71.3,32.7,48.0,0
28.556951,77.157106,76.7,188.9,24.0,0
28.590384,77.156323,64.9,23.9,68.0,0
28.538698,77.187892,75.3,18.6,16.0,0
28.646741,77.274784,75.0,170.0,27.0,0
28.603876,77.184436,78.4,80.3,60.0,0
28.649274,77.246382,33.1,16.4,22.0,0
28.546779,77.296527,23.0,82.4,20.0,0
28.681604,77.226924,50.6,167.1,29.0,0
28.675386,77.180258,15.1,7.5,58.0,0
28.531779,77.214025,44.6,23.7,24.0,0
28.585206,77.216333,46.3,74.2,34.0,0
28.590634,77.304881,64.5,9.8,1.0,0
28.538605,77.13188,28.9,188.7,72.0,0
28.597507,77.274281,48.1,71.9,100.0,0
28.638405,77.131348,72.3,70.4,105.0,0
28.587029,77.259083,33.7,4.6,48.0,0
28.524856,77.198034,45.7,43.8,33.0,0
28.649124,77.309793,63.0,17.3,12.0,0
28.570915,77.252185,20.0,132.2,64.0,0
28.576186,77.247174,8.3,32.8,52.0,0
28.694565,77.17141,54.5,41.3,34.0,0
28.630333,77.308764,29.6,81.9,57.0,0
28.570047,77.359253,30.5,101.1,185.0,0
28.551045,77.319072,74.4,124.8,9.0,0
28.658795,77.168345,32.6,15.4,201.0,0
28.655352,77.209006,76.3,24.4,51.0,0
28.585163,77.159072,8.5,7.8,107.0,0
28.54755,77.188024,27.4,155.3,304.0,0
28.62978,77.232676,55.4,30.3,158.0,0
28.640196,77.254982,10.1,10.8,31.0,0
28.591863,77.245154,31.0,29.8,37.0,0
28.555342,77.13246,68.1,4.7,56.0,0
28.611738,77.216682,60.9,144.9,61.0,0
28.633587,77.244379,22.6,27.1,16.0,0
28.586145,77.265933,28.5,34.5,177.0,0
28.623595,77.239908,40.4,225.5,106.0,0
28.628549,77.242933,58.5,16.8,8.0,0
28.667773,77.206593,12.2,18.3,285.0,0
28.589466,77.232093,42.2,65.8,332.0,0
28.553537,77.34773,5.9,286.8,26.0,1
28.607134,77.278846,31.8,185.2,113.0,0
28.694875,77.236737,15.3,71.9,18.0,0
28.522344,77.254936,24.7,133.8,10.0,0
28.494847,77.222293,26.5,53.5,116.0,0
28.605098,77.222049,61.6,45.6,49.0,0
28.591536,77.266022,21.2,40.9,4.0,0
28.600082,77.188553,53.1,48.5,107.0,0
28.598221,77.212027,42.7,98.2,29.0,0
28.660779,77.149995,64.3,137.8,11.0,0
28.608377,77.257313,25.7,68.6,45.0,0
28.651479,77.27198,79.6,162.6,38.0,0
28.486625,77.248654,23.7,81.4,98.0,0
28.584048,77.206786,46.4,129.9,39.0,0
28.569735,77.216292,50.6,93.6,65.0,0
28.496267,77.225845,43.1,118.9,26.0,0
28.61567,77.273245,68.7,1.5,7.0,0
28.605485,77.270322,9.0,161.5,3.0,0
28.587148,77.146764,47.8,173.7,23.0,0
28.604201,77.174588,40.5,147.3,66.0,0
28.61567,77.240223,33.4,104.8,1.0,0
28.661155,77.151575,27.7,123.9,17.0,0
28.642626,77.264432,12.2,16.0,10.0,0
28.626928,77.204732,52.0,3.9,37.0,0
28.725862,77.253859,9.4,27.4,82.0,0
28.575096,77.22021,66.3,46.7,48.0,0
28.542505,77.213563,35.8,25.3,56.0,0
28.669208,77.164147,48.4,163.6,175.0,0
28.703842,77.191128,6.2,266.8,37.0,1
28.57874,77.212735,7.5,117.9,101.0,0
28.67939,77.211077,18.9,51.8,25.0,0
28.583827,77.254712,62.4,12.6,58.0,0
28.639738,77.186363,38.9,164.5,88.0,0
28.642514,77.21702,24.9,147.6,105.0,0
28.578947,77.293723,68.0,14.2,15.0,0
28.702836,77.259578,15.4,4.0,18.0,0
28.708579,77.223743,20.8,183.4,28.0,0
28.55944,77.145597,62.1,138.1,17.0,0
28.620553,77.149815,2.2,217.8,47.0,0
28.656225,77.250369,17.6,35.4,99.0,0
28.516371,77.25549,41.7,85.8,10.0,0
28.611812,77.121248,73.2,159.7,31.0,0
28.527841,77.253489,21.3,33.4,78.0,0
28.643874,77.190394,17.0,51.5,73.0,0
28.614799,77.198232,78.0,60.7,16.0,0
28.591812,77.262945,42.0,2.4,65.0,0
28.532155,77.255118,5.0,141.0,204.0,0
28.58057,77.213564,22.1,230.3,59.0,0
28.63646,77.252911,42.7,43.2,24.0,0
28.608451,77.200324,5.8,75.6,43.0,0
28.670127,77.179009,55.4,62.4,25.0,0
28.666888,77.281497,41.8,34.2,46.0,0
28.664765,77.284788,56.8,6.9,110.0,0
28.583612,77.186322,27.3,58.7,9.0,0
28.625249,77.191812,33.6,22.4,32.0,0
28.562238,77.263066,74.3,84.5,60.0,0
28.547503,77.183826,16.9,61.6,38.0,0
28.669593,77.258541,3.2,71.4,91.0,0
28.551174,77.167278,78.6,73.7,11.0,0
28.545802,77.204168,0.6,173.5,125.0,0
28.61576,77.267429,71.1,12.8,230.0,0
28.596966,77.170047,66.1,131.1,27.0,0
28.601289,77.189104,39.0,247.6,7.0,0
28.725783,77.237313,56.4,102.2,264.0,0
28.560777,77.128591,8.4,12.0,26.0,0
28.635252,77.222143,61.1,151.9,41.0,0
28.614835,77.276562,62.7,125.5,17.0,0
28.660967,77.26174,4.1,158.9,3.0,0
28.571211,77.216019,39.8,53.3,8.0,0
28.599277,77.219531,75.9,137.3,16.0,0
28.616207,77.293091,76.1,13.4,265.0,0
28.538809,77.287029,78.8,68.8,95.0,0
28.520222,77.21377,52.5,64.2,33.0,0
28.60946,77.187018,11.3,181.6,23.0,0
28.677382,77.261365,33.0,159.0,9.0,0
28.59289,77.275028,58.2,100.7,40.0,0
28.599746,77.287437,22.7,15.4,143.0,0
28.668035,77.24768,64.8,131.5,300.0,0
28.603059,77.200694,68.9,76.2,139.0,0
28.649345,77.135004,61.1,135.7,4.0,0
28.743823,77.315413,27.4,222.9,10.0,0
28.581647,77.298642,59.3,47.8,9.0,0
28.601647,77.18015,5.8,109.2,11.0,0
28.630311,77.228034,26.8,288.8,8.0,1
28.685081,77.207461,61.2,19.2,6.0,0
28.604744,77.221811,63.6,150.2,26.0,0
28.646963,77.198481,25.5,12.2,10.0,0
28.627894,77.253076,76.8,1.4,9.0,0
28.606888,77.161797,21.9,150.2,45.0,0
28.589479,77.198807,52.8,257.3,14.0,1
28.580039,77.262176,70.3,2.6,0.0,0
28.763776,77.119824,44.1,148.8,71.0,0
28.533448,77.233927,33.0,96.2,24.0,0
28.538186,77.191111,16.9,96.3,80.0,0
28.622737,77.299268,15.7,49.2,134.0,0
28.620663,77.234955,12.7,43.2,156.0,0
28.631818,77.179148,35.4,37.3,12.0,0
28.566773,77.291102,43.8,38.5,67.0,0
28.559176,77.219589,67.1,221.4,5.0,0
28.596225,77.225063,17.4,135.3,37.0,0
28.655881,77.262864,60.4,30.1,33.0,0
28.559613,77.188211,55.5,107.9,14.0,0
28.618056,77.290864,50.8,85.5,89.0,0
28.584887,77.247353,27.1,149.7,147.0,0
28.534276,77.186437,25.4,7.7,18.0,0
28.54643,77.196878,60.7,96.4,17.0,0
28.656017,77.155681,22.0,22.5,13.0,0
28.580308,77.233886,26.4,22.1,70.0,0
28.67269,77.209611,77.2,97.9,3.0,0
28.608638,77.234135,79.9,180.3,4.0,0
28.542109,77.133415,0.1,58.1,11.0,0
28.63436,77.192304,54.9,50.1,47.0,0
28.570433,77.169394,42.8,135.0,17.0,0
28.591658,77.243149,36.8,2.1,262.0,0
28.667136,77.18841,22.1,98.2,30.0,0
28.546016,77.242017,40.6,4.6,38.0,0
28.588019,77.191846,36.5,22.4,4.0,0
28.556323,77.299805,32.1,88.0,73.0,0
28.550983,77.22108,68.0,38.3,93.0,0
28.58684,77.264292,21.7,28.0,24.0,0
28.567622,77.212832,47.8,56.1,78.0,0
28.596805,77.264643,69.1,151.7,16.0,0
28.642442,77.17985,78.3,44.4,96.0,0
28.572957,77.216401,48.2,60.9,47.0,0
28.537091,77.195248,41.6,13.8,30.0,0
28.642574,77.311931,67.2,47.1,76.0,0
28.572621,77.15907,15.1,1.3,57.0,0
28.701888,77.322013,50.4,145.7,46.0,0
28.59005,77.149785,5.1,18.5,14.0,0
28.603701,77.2553,52.8,201.9,114.0,0
28.495295,77.187408,63.7,35.4,34.0,0
28.552413,77.231243,5.0,144.6,35.0,0
28.496543,77.209957,67.9,39.5,13.0,0
28.625204,77.176977,9.9,13.3,161.0,0
28.60641,77.222553,14.1,56.1,49.0,0
28.642006,77.197645,66.9,24.2,37.0,0
28.65087,77.247069,10.0,31.2,227.0,0
28.658574,77.168226,53.9,30.4,27.0,0
28.599248,77.242124,23.6,34.0,2.0,0
28.614771,77.261706,19.9,55.2,16.0,0
28.639447,77.213088,52.0,10.9,82.0,0
28.570764,77.152359,8.5,23.8,10.0,0
28.563599,77.305115,46.0,80.0,10.0,0
28.687503,77.241849,74.0,112.7,37.0,0
28.520192,77.182446,68.1,22.4,36.0,0
28.6355,77.243193,68.1,24.3,37.0,0
28.627561,77.134717,24.2,52.0,15.0,0
28.554334,77.277318,56.1,317.5,11.0,1
28.577108,77.324724,62.4,63.9,88.0,0
28.592658,77.259704,72.1,134.3,56.0,0
28.621334,77.168347,21.1,200.7,23.0,0
28.628084,77.119046,60.9,81.0,13.0,0
28.608954,77.286701,18.6,58.6,126.0,0
28.61992,77.211126,2.2,115.7,9.0,0
28.643473,77.198929,38.5,30.7,53.0,0
28.641163,77.276749,61.3,287.8,57.0,1
28.687215,77.188981,17.1,51.6,117.0,0
28.662657,77.256616,3.9,210.8,4.0,0
28.61139,77.219686,29.9,114.1,22.0,0
28.642534,77.230848,16.2,19.0,203.0,0
28.631691,77.299963,30.6,19.9,50.0,0
28.61872,77.194054,73.7,34.4,32.0,0
28.56707,77.189484,59.5,37.2,23.0,0
28.618613,77.208388,29.8,1.2,10.0,0
28.507238,77.158356,26.0,154.9,12.0,0
28.664116,77.265321,73.7,22.0,91.0,0
28.628017,77.258677,71.1,139.3,17.0,0
28.602541,77.218032,48.3,52.8,15.0,0
28.589464,77.172295,28.6,71.7,23.0,0
28.643225,77.081241,63.4,61.5,85.0,0
28.702376,77.176816,53.1,231.6,33.0,0
28.629254,77.206944,45.2,43.3,2.0,0
28.705612,77.123543,59.1,39.4,43.0,0
28.649718,77.343225,10.8,76.3,20.0,0
28.57023,77.239276,74.4,38.5,37.0,0
28.634886,77.245721,77.8,74.8,129.0,0
28.630003,77.211,28.4,68.0,13.0,0
28.5702,77.255377,75.7,119.3,25.0,0
28.590114,77.203456,63.7,368.0,174.0,1
28.589122,77.210401,75.3,302.9,89.0,1
28.615511,77.288749,73.4,10.6,19.0,0
28.596498,77.2734,16.1,48.1,7.0,0
28.623933,77.217953,20.8,43.9,163.0,0
28.632034,77.319624,20.8,16.9,9.0,0
28.673883,77.214399,7.5,108.9,27.0,0
28.637957,77.193211,31.8,276.7,24.0,1
28.575403,77.224848,29.0,13.2,7.0,0
28.716055,77.233544,27.5,25.4,6.0,0
28.575727,77.15888,27.9,154.5,20.0,0
28.59112,77.242874,5.0,29.1,28.0,0
28.640375,77.324234,14.9,46.6,208.0,0
28.755265,77.266003,23.7,107.9,46.0,0
28.630579,77.251703,71.1,10.8,144.0,0
28.578421,77.24252,74.1,59.9,8.0,0
28.528534,77.168608,22.8,9.3,16.0,0
28.525209,77.168677,55.5,29.1,11.0,0
28.611048,77.226656,68.0,21.6,28.0,0
28.637737,77.19709,40.5,104.8,150.0,0
28.539509,77.146167,60.4,13.1,21.0,0
28.621599,77.20097,78.1,86.8,54.0,0
28.544821,77.241034,13.0,68.6,148.0,0
28.56428,77.247515,5.6,90.1,42.0,0
28.642087,77.176862,51.2,167.4,45.0,0
28.573119,77.216204,40.7,61.1,48.0,0
28.676004,77.239238,23.7,102.0,20.0,0
28.581281,77.155087,73.3,130.6,33.0,0
28.665972,77.179878,67.7,95.2,113.0,0
28.723761,77.21784,21.2,30.7,31.0,0
28.573216,77.173039,61.9,260.5,33.0,1
28.733801,77.202103,66.3,5.0,7.0,0
28.611174,77.343289,26.0,37.3,37.0,0
28.578872,77.143139,7.9,137.8,5.0,0
28.595698,77.289733,68.0,34.5,19.0,0
28.590328,77.235583,7.7,63.2,233.0,0
28.68059,77.157299,38.3,11.6,141.0,0
28.676392,77.252429,15.5,155.5,58.0,0
28.675798,77.220645,74.2,214.1,75.0,0
28.545529,77.278767,8.6,330.9,16.0,1
28.619965,77.251525,9.4,6.4,9.0,0
28.533015,77.228316,56.1,17.8,48.0,0
28.661055,77.203178,16.4,54.7,137.0,0
28.586317,77.276946,10.6,25.5,107.0,0
28.635654,77.198898,13.5,82.3,53.0,0
28.585407,77.148491,47.7,149.4,251.0,0
28.522707,77.123706,17.8,10.9,17.0,0
28.654758,77.1567,30.2,0.3,87.0,0
28.65862,77.258648,68.0,405.8,20.0,1
28.617468,77.200339,14.1,47.9,220.0,0
28.50493,77.1799,66.1,5.7,18.0,0
28.648018,77.196822,62.0,71.0,27.0,0
28.573621,77.259972,66.5,111.9,39.0,0
28.636329,77.250166,27.8,129.3,23.0,0
28.58597,77.2266,37.8,67.4,19.0,0
28.591102,77.18851,56.6,91.0,38.0,0
28.635381,77.198972,3.0,51.7,102.0,0
28.569455,77.211883,53.1,77.4,89.0,0
28.602166,77.173768,9.6,242.2,35.0,0
28.63598,77.212974,23.0,350.7,23.0,1
28.718822,77.171161,64.8,79.0,8.0,0
28.606777,77.23679,50.8,70.2,122.0,0
28.652474,77.242408,49.7,33.9,130.0,0
28.55191,77.274361,18.2,31.4,4.0,0
28.695232,77.231524,53.4,206.7,83.0,0
28.570098,77.229938,10.5,87.5,129.0,0
28.60389,77.176714,77.2,49.1,80.0,0
28.636061,77.216124,20.2,87.7,25.0,0
28.571504,77.167374,66.1,10.3,34.0,0
28.664545,77.133286,73.6,229.8,21.0,0
28.57741,77.205242,13.7,59.1,47.0,0
28.652031,77.193312,0.8,32.5,132.0,0
28.663885,77.249071,69.9,1.1,67.0,0
28.639421,77.170414,61.1,90.4,37.0,0
28.645922,77.359174,12.3,279.4,118.0,1
28.737044,77.194504,66.4,65.4,0.0,0
28.631327,77.214984,64.8,32.4,19.0,0
28.615992,77.190157,36.9,43.3,34.0,0
28.627312,77.257391,75.7,67.3,54.0,0
28.674066,77.20781,46.6,93.4,326.0,0
28.726964,77.169536,35.4,16.2,61.0,0
28.602177,77.126826,1.1,218.8,29.0,0
28.564881,77.247196,76.2,42.8,77.0,0
28.668627,77.25099,10.3,78.4,249.0,0
28.542346,77.235636,23.7,193.9,57.0,0
28.623388,77.207738,58.4,69.1,26.0,0
28.625731,77.202539,0.4,92.0,69.0,0
28.605133,77.257376,43.4,80.2,37.0,0
28.608073,77.213447,12.7,22.8,46.0,0
28.527875,77.274726,1.8,263.6,187.0,1
28.567086,77.213548,51.3,51.2,34.0,0
28.657355,77.211734,48.2,8.3,23.0,0
28.508437,77.237043,58.7,496.6,60.0,1
28.6062,77.288087,49.5,84.0,50.0,0
28.594872,77.277337,35.4,75.0,30.0,0
28.510878,77.216088,38.3,198.7,22.0,0
28.695119,77.199813,17.6,62.4,45.0,0
28.558987,77.158084,6.7,35.8,11.0,0
28.637946,77.253104,68.9,15.4,19.0,0
28.587055,77.12931,55.3,133.1,114.0,0
28.568257,77.303761,9.8,32.2,144.0,0
28.598701,77.260657,21.1,58.1,30.0,0
28.592682,77.181202,69.1,56.9,108.0,0
28.601163,77.280045,76.8,107.9,7.0,0
28.571152,77.245909,63.3,92.2,15.0,0
28.559801,77.241885,45.6,44.1,54.0,0
28.660723,77.205154,69.5,44.4,68.0,0
28.610847,77.246133,50.1,25.2,17.0,0
28.607484,77.147661,56.0,33.4,169.0,0
28.565926,77.221643,66.2,99.4,59.0,0
28.68922,77.184506,28.3,66.1,153.0,0
28.606129,77.204097,62.8,4.2,7.0,0
28.515715,77.184054,16.6,56.8,53.0,0
28.624291,77.186615,15.5,248.2,25.0,0
28.57229,77.282922,64.9,9.3,121.0,0
28.656042,77.146857,45.1,8.9,1.0,0
28.662422,77.238933,33.1,88.2,87.0,0
28.656647,77.161966,41.9,253.1,11.0,1
28.58743,77.284575,78.2,2.2,132.0,0
28.604855,77.23989,71.5,33.8,37.0,0
28.62293,77.148266,40.6,5.5,11.0,0
28.655133,77.235233,43.8,24.7,102.0,0
28.558612,77.183707,49.1,64.7,42.0,0
28.615171,77.229844,63.3,46.7,4.0,0
28.703896,77.152079,69.9,36.1,2.0,0
28.58373,77.280048,11.7,18.9,18.0,0
28.609196,77.11863,50.3,77.3,75.0,0
28.741174,77.178121,18.2,68.6,34.0,0
28.598438,77.164401,49.7,87.0,45.0,0
28.53356,77.237463,13.7,126.1,9.0,0
28.607631,77.193874,64.6,104.6,76.0,0
28.694146,77.20928,52.9,252.2,27.0,1
28.663336,77.186423,69.3,14.9,24.0,0
28.561515,77.150078,75.6,241.9,52.0,0
28.63127,77.207073,74.7,15.1,87.0,0
28.601708,77.153355,11.6,148.0,1.0,0
28.651102,77.126898,30.1,124.3,3.0,0
28.57973,77.249796,38.6,87.7,6.0,0
28.635226,77.156547,63.1,98.0,112.0,0
28.706013,77.291356,1.2,94.1,116.0,0
28.479882,77.289383,74.0,60.4,61.0,0
28.640145,77.262785,32.6,2.7,3.0,0
28.676453,77.161711,50.5,69.3,83.0,0
28.532683,77.32458,78.4,39.4,121.0,0
28.57447,77.100878,70.6,25.4,148.0,0
28.590815,77.17435,29.0,53.9,97.0,0
28.573954,77.260161,38.8,150.8,36.0,0
28.570209,77.256235,61.6,69.1,37.0,0
28.591763,77.182243,59.5,267.6,41.0,1
28.653085,77.179217,56.4,43.7,39.0,0
28.684883,77.20773,0.9,14.7,43.0,0
28.675633,77.214151,15.9,30.2,5.0,0
28.66019,77.195028,17.7,12.5,101.0,0
28.702106,77.3014,20.0,92.4,0.0,0
28.712066,77.184318,7.7,13.9,2.0,0
28.618803,77.291823,64.5,58.4,2.0,0
28.682048,77.238797,27.3,205.5,138.0,0
28.631696,77.269459,62.0,45.5,323.0,0
28.599688,77.143754,74.5,41.2,21.0,0
28.608012,77.2699,25.0,18.2,8.0,0
28.661126,77.26813,36.3,112.1,1.0,0
28.68378,77.185198,7.0,29.0,139.0,0
28.639523,77.260897,23.6,371.7,27.0,1
28.590698,77.144504,43.7,14.6,41.0,0
28.586026,77.194769,14.4,0.2,28.0,0
28.517836,77.276855,43.0,62.0,143.0,0
28.628547,77.209401,25.0,5.7,107.0,0
28.625145,77.205288,79.2,36.9,136.0,0
28.558268,77.288728,30.1,48.1,34.0,0
28.634155,77.120826,3.1,22.8,15.0,0
28.633317,77.209618,37.8,305.8,55.0,1
28.536314,77.215198,26.7,33.8,14.0,0
28.594413,77.178663,29.6,12.5,24.0,0
28.680952,77.287207,29.6,3.0,174.0,0
28.578841,77.172997,70.5,29.6,123.0,0
28.611382,77.173624,39.9,137.7,34.0,0
28.618523,77.094888,20.2,22.6,23.0,0
28.609183,77.274037,63.4,73.0,52.0,0
28.644935,77.202034,35.5,361.6,86.0,1
28.657261,77.202122,11.6,33.7,13.0,0
28.673729,77.207839,79.9,76.6,142.0,0
28.594825,77.278163,2.2,73.2,12.0,0
28.636693,77.299143,56.7,72.2,57.0,0
28.652491,77.131877,67.8,245.3,48.0,0
28.604583,77.195354,28.3,123.3,24.0,0
28.574542,77.161742,12.6,0.7,49.0,0
28.617679,77.207317,34.9,2.3,127.0,0
28.580213,77.213947,38.6,3.3,24.0,0
28.575289,77.132566,80.0,36.3,130.0,0
28.621507,77.236933,1.6,46.3,4.0,0
28.601084,77.196041,52.5,131.7,46.0,0
28.619276,77.257524,64.4,80.9,21.0,0
28.532939,77.220015,49.4,850.9,160.0,1
28.601723,77.132689,50.4,126.4,3.0,0
28.497487,77.249232,70.0,165.4,1.0,0
28.558226,77.151497,45.2,16.1,100.0,0
28.606053,77.156926,70.5,82.0,81.0,0
28.671156,77.202661,16.8,12.9,10.0,0
28.637343,77.204245,41.3,89.9,171.0,0
28.615014,77.130827,2.7,132.7,124.0,0
28.591663,77.21111,64.3,28.6,17.0,0
28.59797,77.21405,62.2,14.6,69.0,0
28.675789,77.212094,43.1,21.7,34.0,0
28.555183,77.134102,31.7,133.3,49.0,0
28.574223,77.225695,29.6,63.4,94.0,0
28.663838,77.249476,16.1,61.5,60.0,0
28.593304,77.15117,34.2,68.8,6.0,0
28.707454,77.164722,24.3,54.2,56.0,0
28.645035,77.257867,46.2,159.3,12.0,0
28.668248,77.297499,62.9,56.7,35.0,0
28.529219,77.210181,55.5,72.5,30.0,0
28.663471,77.196021,41.1,312.2,5.0,1
28.568031,77.228411,75.9,48.6,6.0,0
28.646288,77.286317,15.8,16.6,93.0,0
28.592315,77.175998,51.2,66.2,51.0,0
28.62164,77.194299,7.0,97.6,218.0,0
28.555188,77.192986,53.8,10.7,181.0,0
28.524471,77.147665,58.0,14.1,13.0,0
28.618028,77.261139,62.6,2.0,116.0,0
28.59581,77.231557,53.1,109.1,24.0,0
28.56581,77.117636,9.8,18.1,11.0,0
28.526398,77.217932,3.5,185.1,36.0,0
28.476747,77.301613,57.1,58.0,20.0,0
28.636678,77.23227,63.9,248.5,43.0,0
28.597747,77.2987,2.6,38.6,63.0,0
28.580307,77.190493,12.0,249.6,22.0,0
28.621141,77.266809,63.2,304.0,47.0,1
28.66122,77.284246,77.4,11.1,59.0,0
28.623978,77.214863,41.6,10.7,57.0,0
28.588344,77.197943,12.3,44.1,155.0,0
28.717124,77.273499,25.7,42.7,63.0,0
28.578712,77.245504,62.5,84.0,24.0,0
28.540018,77.2662,43.5,9.6,6.0,0
28.615491,77.239155,4.6,113.0,40.0,0
28.597722,77.214517,24.7,20.4,51.0,0
28.657855,77.214063,60.2,13.1,49.0,0
28.584186,77.200761,26.1,126.6,48.0,0
28.602242,77.238514,34.6,6.7,28.0,0
28.567212,77.209634,72.4,99.5,190.0,0
28.650883,77.231168,78.8,9.4,57.0,0
28.617678,77.178865,60.6,107.8,15.0,0
28.596741,77.175918,19.2,125.1,0.0,0
28.603,77.247707,19.5,70.3,51.0,0
28.609434,77.237924,24.3,34.7,82.0,0
28.538632,77.197002,12.8,21.6,7.0,0
28.668635,77.287345,14.3,132.4,38.0,0
28.665701,77.177446,20.5,9.0,215.0,0
28.612534,77.240367,52.8,293.4,41.0,1
28.60719,77.241386,49.0,120.8,115.0,0
28.560667,77.221174,27.3,93.8,9.0,0
28.696867,77.281809,15.7,358.1,36.0,1
28.684773,77.299863,49.9,93.4,26.0,0
28.63022,77.160961,10.5,8.8,2.0,0
28.651502,77.104745,11.7,31.2,44.0,0
28.672024,77.194041,30.7,70.4,31.0,0
28.661874,77.169353,45.4,68.5,57.0,0
28.56769,77.196645,58.3,0.8,47.0,0
28.594944,77.309476,55.0,24.1,36.0,0
28.633909,77.353329,30.3,106.6,6.0,0
28.620666,77.171091,52.4,86.2,35.0,0
28.648153,77.229713,16.9,182.3,213.0,0
28.642686,77.228585,39.5,257.9,19.0,1
28.622849,77.235788,49.2,162.9,29.0,0
28.480313,77.149976,59.6,64.4,111.0,0
28.669142,77.28029,6.4,62.6,44.0,0
28.652452,77.263597,8.1,36.9,0.0,0
28.713961,77.194498,5.9,183.2,47.0,0
28.586625,77.280038,43.7,142.1,123.0,0
28.518355,77.146406,45.6,120.8,70.0,0
28.601478,77.133837,0.9,120.6,85.0,0
28.633334,77.231742,52.5,151.2,2.0,0
28.588398,77.240062,61.1,201.0,12.0,0
28.67909,77.210309,9.3,137.6,53.0,0
28.577493,77.273868,27.0,135.0,10.0,0
28.605456,77.185625,68.0,86.4,84.0,0
28.598201,77.278719,55.0,49.0,15.0,0
28.749216,77.257905,24.4,64.0,23.0,0
28.565196,77.311642,59.4,61.3,3.0,0
28.639687,77.129854,71.0,139.1,33.0,0
28.55044,77.194183,24.7,24.7,18.0,0
28.627648,77.17319,54.7,36.1,2.0,0
28.562777,77.257348,7.5,65.2,9.0,0
28.665497,77.297152,4.7,335.7,30.0,1
28.655906,77.199898,46.9,53.8,25.0,0
28.624076,77.24847,39.4,10.8,118.0,0
28.540929,77.290681,64.8,89.7,22.0,0
28.60784,77.234812,62.4,76.6,32.0,0
28.595293,77.253573,22.9,150.0,32.0,0
28.65202,77.119337,41.0,154.4,55.0,0
28.565376,77.296792,60.5,24.0,140.0,0
28.668253,77.203562,21.7,3.7,67.0,0
28.658869,77.351988,29.0,123.0,109.0,0
28.54178,77.175958,4.8,84.5,12.0,0
28.59952,77.242229,10.4,12.2,110.0,0
28.607933,77.259777,48.8,338.9,72.0,1
28.660797,77.093423,39.7,208.2,21.0,0
28.576159,77.30737,13.5,102.7,135.0,0
28.62088,77.255655,0.6,4.4,66.0,0
28.665453,77.143778,13.5,19.2,38.0,0
28.623063,77.236987,60.0,31.4,73.0,0
28.517634,77.236698,7.5,4.6,0.0,0
28.585774,77.211782,32.2,140.5,23.0,0
28.655712,77.188697,19.1,6.4,90.0,0
28.649469,77.215099,44.0,18.4,118.0,0
28.49803,77.261567,40.9,30.7,97.0,0
28.620537,77.259544,78.6,32.3,79.0,0
28.6578,77.218924,61.8,24.6,41.0,0
28.637446,77.229933,75.1,307.5,13.0,1
28.643179,77.212148,46.2,259.2,7.0,1
28.713616,77.169851,59.0,77.5,155.0,0
28.608327,77.215636,71.6,10.7,14.0,0
28.625739,77.181771,3.3,98.1,17.0,0
28.563525,77.168723,73.2,296.5,77.0,1
28.578766,77.097548,16.9,511.9,85.0,1
28.593901,77.198058,56.4,76.7,31.0,0
28.652986,77.257774,61.9,16.7,5.0,0
28.57312,77.279656,8.7,142.6,40.0,0
28.672231,77.240809,76.2,78.0,101.0,0
28.555842,77.153724,74.1,48.1,128.0,0
28.64248,77.210764,52.4,13.0,63.0,0
28.638103,77.160756,12.4,21.9,69.0,0
28.623374,77.313971,45.3,69.1,1.0,0
28.659732,77.199137,27.5,24.2,14.0,0
28.573373,77.193786,74.5,52.0,82.0,0
28.587194,77.264642,32.5,100.6,45.0,0
28.562332,77.216545,55.5,349.7,53.0,1
28.610951,77.272082,51.0,3.6,100.0,0
28.604503,77.162344,21.7,127.5,66.0,0
28.653323,77.222951,42.8,10.9,33.0,0
28.629841,77.243864,32.8,229.9,219.0,0
28.644971,77.087605,30.0,117.6,17.0,0
28.600644,77.184367,69.1,40.6,25.0,0
28.630784,77.187809,11.2,57.5,66.0,0
28.701137,77.221262,32.8,90.3,16.0,0
28.543223,77.202993,0.5,65.9,29.0,0
28.518545,77.233303,21.0,313.1,71.0,1
28.642346,77.206776,49.7,527.2,25.0,1
28.568073,77.275871,7.0,4.7,4.0,0
28.541413,77.324036,21.7,104.1,49.0,0
28.637195,77.143472,70.4,109.9,88.0,0
28.560281,77.219735,55.3,124.9,81.0,0
28.687453,77.272817,5.6,199.2,58.0,0
28.618323,77.183354,79.4,72.0,87.0,0
28.60037,77.232492,75.6,23.5,13.0,0
28.569421,77.199509,11.3,89.1,79.0,0
28.621259,77.168329,73.7,31.2,3.0,0
28.530954,77.167662,44.0,33.5,81.0,0
28.487085,77.094953,74.4,75.9,3.0,0
28.532792,77.2268,77.4,27.3,89.0,0
28.66736,77.230091,55.5,94.9,130.0,0
28.564293,77.170908,23.3,153.4,106.0,0
28.538775,77.204509,74.0,338.6,26.0,1
28.60606,77.146388,45.9,14.8,222.0,0
28.721734,77.245127,27.3,48.6,44.0,0
28.665095,77.19847,36.8,108.0,29.0,0
28.570478,77.25703,32.5,68.9,52.0,0
28.569577,77.202394,74.8,5.3,22.0,0
28.570702,77.169115,65.6,34.2,12.0,0
28.564987,77.191704,2.5,126.3,11.0,0
28.63769,77.293905,0.8,54.3,11.0,0
28.593703,77.323304,5.5,94.8,16.0,0
28.554843,77.143149,48.8,81.8,131.0,0
28.543687,77.263786,65.2,229.7,31.0,0
28.725552,77.163087,41.2,156.2,0.0,0
28.647437,77.180506,42.8,33.7,22.0,0
28.567695,77.228949,19.2,55.1,333.0,0
28.671118,77.242967,36.7,51.8,80.0,0
28.552881,77.18209,20.5,26.2,42.0,0
28.603644,77.249007,21.9,77.6,8.0,0
28.598172,77.277711,31.3,24.1,36.0,0
28.619616,77.254924,3.8,13.9,61.0,0
28.563395,77.170189,76.4,9.3,151.0,0
28.616925,77.196265,73.1,27.0,41.0,0
28.523081,77.262262,63.7,51.3,48.0,0
28.591663,77.29607,45.5,9.8,50.0,0
28.677262,77.154953,65.0,90.1,181.0,0
28.661768,77.233638,77.9,163.4,25.0,0
28.575699,77.255215,22.7,44.6,118.0,0
28.534203,77.148675,29.1,165.2,34.0,0
28.501343,77.269444,58.3,13.1,81.0,0
28.641374,77.324243,51.4,6.5,40.0,0
28.624419,77.251691,66.0,134.5,48.0,0
28.629784,77.246784,27.8,294.4,24.0,1
28.69503,77.180938,24.8,33.3,32.0,0
28.618145,77.193983,46.8,85.7,45.0,0
28.621904,77.186138,11.7,85.0,56.0,0
28.540631,77.174279,3.2,92.5,28.0,0
28.691697,77.206393,19.5,67.9,108.0,0
28.602302,77.23396,12.7,23.7,76.0,0
28.569656,77.17562,0.5,6.7,36.0,0
28.620893,77.20113,62.2,1.1,80.0,0
28.710516,77.234447,43.5,15.9,0.0,0
28.71726,77.112662,53.5,10.2,54.0,0
28.56198,77.265964,13.0,3.1,45.0,0
28.669269,77.229152,20.5,7.6,43.0,0
28.627287,77.229835,4.8,4.0,56.0,0
28.65988,77.276318,79.8,63.5,97.0,0
28.624336,77.265407,8.2,4.7,3.0,0
28.641244,77.248864,7.2,445.6,10.0,1
28.676565,77.232482,49.1,55.7,1.0,0
28.523042,77.218011,26.6,185.1,16.0,0
28.628519,77.189455,71.0,53.5,228.0,0
28.552024,77.170462,66.5,11.7,28.0,0
28.58732,77.237866,69.5,146.9,52.0,0
28.610549,77.238205,58.8,21.7,277.0,0
28.560108,77.225557,10.5,3.3,59.0,0
28.581431,77.1513,5.1,17.0,11.0,0
28.540464,77.085739,5.2,73.2,98.0,0
28.580836,77.22128,64.1,45.6,48.0,0
28.636093,77.126805,52.6,14.1,322.0,0
28.653773,77.234396,78.5,60.9,84.0,0
28.572031,77.315932,51.5,244.7,316.0,0
28.67689,77.235061,19.9,103.7,133.0,0
28.639369,77.196674,7.2,5.7,12.0,0
28.682169,77.166208,29.2,30.8,83.0,0
28.521961,77.189666,16.0,94.3,41.0,0
28.626063,77.216655,50.3,12.1,8.0,0
28.641061,77.272146,7.7,61.9,50.0,0
28.524574,77.225512,61.8,63.2,6.0,0
28.731212,77.203914,55.7,7.4,86.0,0
28.578672,77.252153,58.9,74.5,27.0,0
28.637693,77.292302,77.2,184.3,99.0,0
28.656837,77.234177,52.0,84.4,69.0,0
28.615559,77.228061,63.1,197.7,126.0,0
28.679791,77.135502,6.8,76.1,12.0,0
28.710261,77.150411,75.4,111.5,62.0,0
28.555019,77.144009,17.5,178.5,120.0,0
28.616307,77.208936,39.4,49.8,16.0,0
28.656284,77.176811,76.6,13.8,92.0,0
28.528848,77.193698,14.3,10.2,20.0,0
28.663714,77.176176,2.8,245.5,101.0,0
28.695827,77.180591,23.8,63.3,43.0,0
28.674694,77.125794,12.5,91.9,66.0,0
28.632422,77.2295,53.4,75.7,28.0,0
28.687473,77.253508,22.3,66.6,105.0,0
28.628373,77.221986,5.0,65.6,8.0,0
28.544519,77.236744,71.4,51.3,13.0,0
28.584405,77.241754,4.0,172.6,6.0,0
28.597719,77.239759,21.7,10.3,179.0,0
28.607302,77.260826,19.2,100.7,38.0,0
28.605789,77.278035,1.9,91.3,39.0,0
28.593587,77.297417,13.2,5.2,22.0,0
28.621442,77.122212,65.2,19.6,38.0,0
28.685712,77.241859,3.0,124.0,16.0,0
28.621206,77.157996,1.9,21.3,182.0,0
28.641936,77.288808,50.7,69.0,18.0,0
28.500804,77.221803,7.1,7.0,156.0,0
28.616799,77.232317,29.7,20.2,40.0,0
28.664842,77.224361,0.2,177.2,34.0,0
28.672843,77.229019,29.0,35.9,98.0,0
28.667755,77.300868,25.4,131.1,41.0,0
28.625671,77.280482,49.0,52.1,19.0,0
28.631197,77.298723,39.9,31.1,34.0,0
28.576864,77.208765,54.3,66.9,35.0,0
28.652751,77.112263,74.9,61.1,21.0,0
28.57713,77.255865,63.6,334.8,33.0,1
28.644545,77.162676,74.7,33.8,8.0,0
28.612576,77.200398,4.3,84.8,169.0,0
28.611247,77.215394,79.2,93.6,61.0,0
28.660562,77.218601,25.8,78.8,13.0,0
28.63856,77.250689,22.1,52.2,93.0,0
28.62463,77.17233,32.3,122.4,19.0,0
28.585614,77.249826,62.7,116.9,54.0,0
28.690616,77.208986,76.3,255.6,147.0,1
28.627148,77.348607,44.3,301.7,87.0,1
28.647869,77.138992,12.4,19.4,8.0,0
28.614547,77.224875,17.1,85.0,47.0,0
28.575813,77.249243,32.4,155.3,74.0,0
28.628247,77.19794,29.3,262.3,14.0,1
28.580712,77.189809,19.1,12.3,6.0,0
28.632389,77.284728,68.0,238.2,10.0,0
28.447235,77.260548,22.4,20.4,198.0,0
28.590459,77.178561,47.4,68.0,112.0,0
28.609783,77.144354,38.3,85.0,117.0,0
28.562779,77.247922,73.9,169.3,17.0,0
28.628689,77.234639,50.3,130.2,49.0,0
28.589389,77.247047,26.6,218.1,40.0,0
28.610205,77.21194,51.1,123.9,108.0,0
28.582924,77.261439,25.5,33.1,33.0,0
28.659096,77.298519,7.3,15.8,46.0,0
28.637799,77.295023,38.8,13.5,52.0,0
28.625395,77.177554,68.8,7.3,28.0,0
28.6136,77.34348,72.7,215.5,2.0,0
28.737032,77.251409,43.5,53.3,41.0,0
28.60263,77.147175,56.0,269.0,41.0,1
28.575656,77.240366,48.9,119.3,3.0,0
28.551847,77.229975,64.9,245.9,40.0,0
28.655768,77.212671,8.3,162.3,43.0,0
28.692061,77.208332,32.1,70.0,9.0,0
28.568097,77.25361,20.2,20.5,9.0,0
28.596255,77.253806,0.5,23.4,165.0,0
28.592528,77.189166,66.4,37.1,13.0,0
28.604295,77.191708,10.7,2.0,22.0,0
28.522111,77.18975,25.9,87.9,21.0,0
28.650836,77.209761,69.4,64.8,64.0,0
28.670012,77.262822,57.7,8.5,62.0,0
28.515272,77.278627,45.4,139.4,146.0,0
28.698397,77.207786,24.8,138.4,31.0,0
28.691377,77.273446,41.2,10.1,91.0,0
28.457007,77.240585,4.5,18.2,28.0,0
28.501834,77.225152,58.2,23.1,16.0,0
28.603854,77.311877,19.0,59.7,133.0,0
28.676302,77.234956,38.3,231.9,40.0,0
28.624989,77.21173,7.6,87.6,30.0,0
28.611569,77.260285,56.9,91.4,142.0,0
28.639183,77.156957,71.7,27.6,168.0,0
28.570095,77.207533,36.5,78.3,36.0,0
28.674368,77.231588,6.7,19.0,1.0,0
28.605319,77.254469,75.6,99.3,2.0,0
28.528849,77.230553,35.8,21.4,56.0,0
28.570726,77.154047,6.4,1.1,115.0,0
28.62895,77.174252,15.1,59.3,125.0,0
28.596016,77.19695,9.6,28.3,139.0,0
28.590837,77.230579,15.8,79.3,99.0,0
28.620647,77.153654,12.5,109.7,123.0,0
28.628431,77.288955,73.8,134.5,111.0,0
28.548981,77.234145,16.7,319.1,110.0,1
28.671675,77.232786,35.4,64.9,24.0,0
28.603944,77.209842,58.4,52.7,30.0,0
28.631484,77.146334,54.2,22.5,23.0,0
28.615369,77.223041,76.5,109.9,10.0,0
28.589994,77.255912,77.3,52.7,24.0,0
28.656082,77.210837,45.7,31.7,143.0,0
28.614558,77.271958,60.2,45.3,213.0,0
28.614166,77.215384,30.9,37.0,10.0,0
28.486065,77.253301,34.3,307.2,65.0,1
28.651498,77.212964,8.3,20.5,205.0,0
28.601973,77.237467,53.9,42.8,14.0,0
28.648247,77.261906,21.6,29.4,110.0,0
28.692748,77.164479,6.4,15.1,21.0,0
28.651668,77.250866,7.9,28.5,32.0,0
28.613208,77.271216,57.8,53.8,149.0,0
28.596179,77.328019,18.3,79.9,4.0,0
28.736786,77.222058,61.6,76.8,36.0,0
28.634669,77.11354,72.5,118.5,42.0,0
28.620982,77.129458,27.3,5.9,139.0,0
28.601353,77.174142,63.5,30.2,51.0,0
28.565672,77.282621,34.3,34.8,174.0,0
28.512966,77.328338,61.8,94.3,23.0,0
28.686559,77.198177,24.5,18.6,41.0,0
28.571531,77.221163,74.5,19.3,1.0,0
28.600984,77.089438,79.0,8.0,269.0,0
28.605197,77.251068,30.9,61.0,16.0,0
28.682155,77.225221,15.9,103.8,159.0,0
28.572185,77.205998,54.8,95.7,31.0,0
28.623367,77.170322,46.7,108.6,11.0,0
28.636108,77.20088,79.3,14.9,33.0,0
28.541277,77.151238,64.9,70.7,23.0,0
28.536577,77.175462,66.8,7.8,182.0,0
28.574749,77.154969,58.1,272.1,88.0,1
28.622683,77.167653,28.1,8.9,14.0,0
28.616325,77.160743,74.9,168.0,47.0,0
28.604546,77.247353,37.3,3.1,67.0,0
28.643119,77.161009,32.0,60.6,52.0,0
28.56766,77.215885,15.5,153.3,149.0,0
28.601973,77.163902,24.3,80.5,7.0,0
28.604823,77.165863,0.2,54.5,2.0,0
28.569011,77.163894,52.8,10.9,57.0,0
28.725585,77.267381,48.4,86.1,82.0,0
28.502478,77.209373,32.2,73.8,99.0,0
28.672534,77.181141,77.4,49.1,14.0,0
28.650504,77.168294,55.4,21.4,13.0,0
28.650914,77.151283,19.4,19.9,109.0,0
28.615292,77.182582,30.3,280.6,25.0,1
28.677179,77.146672,41.3,268.3,65.0,1
28.588082,77.196769,43.6,221.1,10.0,0
28.630122,77.183109,22.1,58.1,97.0,0
28.61416,77.179539,20.0,355.7,194.0,1
28.598884,77.280411,24.0,28.2,214.0,0
28.616593,77.206299,77.1,44.5,44.0,0
28.563062,77.209396,28.8,15.3,16.0,0
28.577298,77.282599,29.9,49.9,9.0,0
28.689516,77.150563,57.6,16.4,17.0,0
28.75458,77.194148,13.0,5.5,58.0,0
28.636498,77.141038,51.5,0.8,34.0,0
28.652178,77.222014,53.3,38.0,39.0,0
28.623102,77.248857,5.2,182.3,39.0,0
28.633253,77.097255,15.2,46.0,95.0,0
28.63769,77.2615,37.3,83.0,107.0,0
28.662271,77.234052,66.8,136.3,1.0,0
28.687347,77.220324,58.6,64.4,150.0,0
28.566279,77.156408,69.9,66.3,30.0,0
28.75189,77.257097,68.1,59.4,17.0,0
28.617413,77.302645,40.9,10.7,332.0,0
28.61743,77.198126,49.8,80.8,8.0,0
28.589855,77.202627,73.7,102.7,23.0,0
28.590046,77.219637,59.3,0.0,143.0,0
28.641319,77.198527,28.6,7.0,39.0,0
28.642358,77.209592,28.0,62.4,156.0,0
28.638761,77.269925,29.3,146.1,17.0,0
28.587758,77.215184,39.6,60.9,31.0,0
28.475441,77.233002,29.0,45.6,3.0,0
28.520723,77.320159,15.0,220.9,36.0,0
28.611164,77.291715,47.6,6.3,0.0,0
28.627294,77.166166,69.5,11.9,23.0,0
28.589515,77.305716,39.4,92.4,75.0,0
28.575855,77.287345,17.5,9.2,77.0,0
28.625335,77.293219,65.0,11.6,33.0,0
28.605118,77.187225,60.5,164.4,1.0,0
28.586675,77.229078,56.0,18.9,8.0,0
28.529725,77.198919,54.0,77.9,17.0,0
28.568303,77.224552,62.6,40.4,1.0,0
28.65713,77.306089,66.4,11.8,15.0,0
28.562368,77.225503,71.9,39.0,44.0,0
28.643683,77.132504,48.8,43.1,8.0,0
28.67982,77.199845,31.5,79.2,121.0,0
28.570947,77.185773,7.2,13.3,4.0,0
28.588267,77.307991,57.8,3.0,90.0,0
28.659867,77.177844,11.3,74.5,35.0,0
28.672142,77.198141,69.5,5.4,57.0,0
28.57826,77.199871,32.5,13.4,40.0,0
28.529434,77.29848,70.1,319.1,34.0,1
28.673244,77.266519,41.5,1.8,68.0,0
28.639693,77.246899,36.3,82.2,15.0,0
28.630531,77.230145,29.1,12.0,40.0,0
28.65628,77.229254,4.9,137.7,99.0,0
28.551245,77.222307,0.9,69.7,10.0,0
28.63006,77.321265,40.7,51.2,6.0,0
28.596237,77.155147,72.1,49.4,56.0,0
28.640638,77.080228,46.9,88.9,199.0,0
28.650452,77.240651,69.0,146.0,34.0,0
28.659328,77.288636,80.0,0.6,101.0,0
28.640428,77.227778,14.3,1.6,38.0,0
28.623034,77.119496,52.8,25.4,16.0,0
28.624708,77.255791,33.4,107.2,40.0,0
28.628838,77.165256,16.7,17.2,35.0,0
28.579285,77.154319,19.3,41.8,17.0,0
28.591975,77.169611,19.6,56.7,26.0,0
28.630617,77.138067,58.4,37.3,30.0,0
28.643024,77.228667,28.4,50.0,118.0,0
28.57795,77.186108,20.5,128.3,22.0,0
28.556668,77.151975,70.9,20.8,156.0,0
28.526735,77.337494,2.7,31.7,1.0,0
28.547433,77.191931,58.8,59.8,8.0,0
28.583522,77.221086,76.8,160.3,2.0,0
28.588169,77.296201,50.1,18.4,88.0,0
28.596358,77.252375,43.9,59.5,8.0,0
28.550249,77.313923,4.9,166.9,51.0,0
28.519873,77.183694,40.2,9.5,90.0,0
28.616828,77.270871,28.9,102.2,40.0,0
28.616848,77.243027,62.2,20.3,6.0,0
28.641567,77.268252,64.9,15.3,109.0,0
28.651252,77.260719,13.4,21.6,14.0,0
28.630118,77.179902,41.8,55.9,6.0,0
28.616233,77.359671,68.8,74.0,88.0,0
28.6543,77.105467,50.0,17.3,2.0,0
28.681703,77.175288,38.5,9.5,58.0,0
28.576666,77.252557,71.8,48.2,33.0,0
28.649013,77.233032,77.3,4.7,34.0,0
28.579291,77.225196,18.8,61.9,98.0,0
28.621452,77.254278,14.6,91.9,3.0,0
28.663977,77.176361,69.2,233.2,81.0,0
28.596817,77.260496,19.4,12.3,73.0,0
28.562896,77.21204,67.8,45.4,132.0,0
28.587539,77.288548,24.1,23.7,52.0,0
28.562848,77.203269,1.5,19.7,10.0,0
28.556789,77.24189,33.8,58.6,3.0,0
28.670829,77.250373,3.2,12.4,35.0,0
28.637119,77.263759,16.6,1.2,76.0,0
28.574522,77.220369,38.3,14.2,3.0,0
28.56128,77.204174,3.1,32.7,17.0,0
28.56473,77.17975,2.7,0.9,88.0,0
28.574514,77.242808,12.4,155.7,16.0,0
28.668133,77.123634,37.0,70.1,29.0,0
28.604996,77.233946,77.9,2.2,82.0,0
28.717081,77.237665,7.5,20.8,34.0,0
28.608513,77.312201,49.8,87.3,89.0,0
28.581718,77.185467,39.8,2.4,19.0,0
28.656888,77.227886,4.8,37.9,190.0,0
28.526993,77.226453,2.7,8.1,6.0,0
28.619922,77.163197,17.7,39.8,84.0,0
28.549891,77.218225,54.8,275.4,5.0,1
28.501393,77.151422,77.0,48.6,112.0,0
28.604618,77.266648,44.5,76.1,9.0,0
28.652239,77.248037,3.7,42.0,53.0,0
28.621196,77.240078,20.6,30.3,24.0,0
28.615187,77.186652,75.4,75.5,56.0,0
28.480561,77.289438,1.0,77.6,3.0,0
28.602752,77.16426,48.2,76.4,128.0,0
28.603241,77.221001,14.3,2.2,75.0,0
28.641563,77.16004,5.3,95.4,25.0,0
28.557593,77.20934,20.4,90.1,38.0,0
28.651983,77.282053,75.0,5.8,59.0,0
28.585031,77.24212,60.9,16.9,58.0,0
28.595535,77.172449,13.7,58.8,61.0,0
28.636897,77.192396,5.3,35.8,10.0,0
28.551029,77.199526,39.5,68.6,95.0,0
28.65171,77.176785,4.2,114.3,37.0,0
28.542768,77.232129,32.3,63.5,97.0,0
28.643259,77.327691,64.0,49.1,158.0,0
28.598726,77.190529,40.1,24.5,7.0,0
28.602812,77.314991,71.7,76.5,26.0,0
28.457243,77.218319,63.3,140.5,45.0,0
28.580962,77.234608,44.4,24.3,9.0,0
28.599989,77.231543,63.2,124.1,18.0,0
28.687931,77.133682,7.6,43.2,3.0,0
28.608704,77.241235,16.1,9.5,69.0,0
28.577852,77.096898,56.0,193.2,41.0,0
28.652183,77.228961,0.5,91.6,2.0,0
28.585242,77.226639,0.4,147.1,22.0,0
28.662111,77.141754,30.4,85.1,31.0,0
28.623567,77.221739,69.4,10.5,25.0,0
28.565522,77.203856,78.5,62.4,1.0,0
28.657393,77.210816,52.0,80.3,20.0,0
28.640552,77.211321,76.0,24.2,5.0,0
28.655285,77.189047,67.8,79.7,0.0,0
28.601394,77.222285,16.1,66.9,26.0,0
28.640557,77.261783,32.3,1.7,29.0,0
28.706524,77.206552,49.9,171.3,148.0,0
28.61907,77.215987,12.1,61.1,8.0,0
28.590568,77.250958,25.0,70.2,72.0,0
28.687698,77.33198,60.5,13.1,18.0,0
28.643855,77.20886,27.6,130.4,41.0,0
28.587976,77.133386,74.1,60.7,34.0,0
28.697256,77.173666,32.5,7.4,40.0,0
28.550329,77.248622,17.6,96.6,86.0,0
28.636958,77.294131,16.8,53.7,1.0,0
28.667824,77.171215,55.0,32.6,24.0,0
28.664087,77.216329,29.5,203.7,25.0,0
28.565502,77.219464,19.0,137.8,6.0,0
28.548472,77.180059,55.5,3.5,1.0,0
28.621975,77.295262,33.7,96.0,76.0,0
28.645737,77.276704,67.7,15.1,129.0,0
28.556602,77.235708,43.9,1.3,22.0,0
28.625589,77.197505,77.8,19.7,64.0,0
28.537626,77.266311,30.0,3.9,320.0,0
28.663542,77.244197,22.6,81.3,11.0,0
28.581936,77.196648,51.6,113.3,19.0,0
28.602299,77.267073,56.7,15.7,102.0,0
28.653716,77.236962,1.4,18.8,0.0,0
28.64906,77.135465,53.6,11.5,54.0,0
28.634197,77.168889,14.5,66.1,39.0,0
28.661974,77.152031,76.7,53.8,77.0,0
28.630952,77.27006,46.1,0.5,45.0,0
28.682877,77.183393,10.1,36.9,44.0,0
28.524961,77.249859,4.2,7.4,74.0,0
28.607522,77.327094,70.4,69.2,48.0,0
28.605397,77.258207,68.0,51.4,257.0,0
28.599551,77.197552,34.7,49.1,72.0,0
28.635371,77.181316,7.0,106.3,99.0,0
28.6212,77.203183,31.2,49.2,33.0,0
28.651741,77.167112,60.8,53.3,190.0,0
28.551306,77.161276,52.9,80.1,36.0,0
28.725111,77.178252,69.2,28.7,25.0,0
28.590951,77.24511,60.1,221.7,168.0,0
28.624838,77.192457,26.4,26.4,28.0,0
28.600188,77.207236,27.3,196.1,27.0,0
28.614553,77.241959,51.8,134.4,49.0,0
28.583754,77.254862,24.8,189.4,114.0,0
28.62079,77.122034,69.4,16.2,24.0,0
28.639505,77.132333,26.2,21.0,106.0,0
28.490413,77.199198,39.1,150.6,11.0,0
28.594073,77.162759,3.5,252.0,11.0,1
28.592171,77.261227,9.4,111.9,36.0,0
28.726553,77.195308,10.6,81.3,18.0,0
28.653504,77.308381,27.5,132.6,40.0,0
28.685503,77.194104,9.3,3.4,1.0,0
28.638406,77.233931,36.6,154.1,19.0,0
28.614618,77.185147,21.5,26.4,177.0,0
28.628708,77.24288,21.8,4.7,127.0,0
28.666649,77.24398,35.6,91.6,2.0,0
28.698006,77.262888,68.3,111.8,98.0,0
28.625603,77.211786,60.9,78.9,35.0,0
28.579353,77.282017,70.7,34.5,102.0,0
28.656729,77.233482,79.2,10.0,20.0,0
28.567841,77.186342,0.9,117.2,48.0,0
28.63002,77.1867,55.4,3.9,257.0,0
28.644566,77.254941,9.6,114.1,24.0,0
28.605096,77.281713,74.9,252.6,130.0,1
28.565259,77.162397,18.1,459.9,126.0,1
28.587772,77.256049,28.0,40.4,10.0,0
28.594679,77.144182,78.3,9.2,17.0,0
28.55782,77.187626,69.4,7.9,8.0,0
28.591195,77.242987,3.8,54.1,20.0,0
28.537902,77.176124,3.7,125.5,45.0,0
28.640056,77.291788,65.5,3.9,158.0,0
28.627167,77.248929,5.6,14.7,30.0,0
28.623785,77.159424,68.1,71.1,265.0,0
28.591205,77.251273,74.0,7.1,31.0,0
28.597898,77.152482,1.9,168.6,53.0,0
28.569053,77.218685,17.6,55.9,201.0,0
28.635759,77.262366,1.9,39.1,55.0,0
28.542608,77.253965,5.8,1.1,29.0,0
28.614688,77.214182,42.7,9.6,45.0,0
28.578815,77.201286,58.4,140.6,47.0,0
28.698366,77.16061,38.4,96.0,7.0,0
28.636839,77.22763,30.9,1.6,31.0,0
28.610478,77.258724,16.5,291.9,45.0,1
28.555199,77.321736,18.9,34.9,91.0,0
28.542324,77.195693,46.6,74.6,0.0,0
28.63529,77.260833,68.5,102.6,101.0,0
28.70044,77.256724,32.4,250.8,19.0,1
28.630948,77.194675,75.2,176.9,75.0,0
28.619265,77.254548,4.2,72.8,89.0,0
28.619987,77.177682,66.3,12.0,118.0,0
28.615651,77.231351,27.1,149.2,182.0,0
28.620667,77.207935,69.5,135.8,138.0,0
28.576242,77.240677,73.6,81.5,60.0,0
28.561822,77.244658,56.0,362.5,78.0,1
28.615962,77.192064,28.4,60.1,73.0,0
28.685171,77.218016,36.6,19.2,44.0,0
28.649352,77.212068,44.1,23.4,88.0,0
28.548829,77.164027,37.0,41.8,36.0,0
28.597741,77.200011,63.3,44.0,103.0,0
28.64695,77.189548,61.7,142.3,82.0,0
28.686343,77.162145,1.0,174.4,40.0,0
28.700064,77.178309,12.1,38.6,43.0,0
28.599964,77.205587,29.1,232.5,61.0,0
28.651712,77.221251,53.8,210.6,24.0,0
28.622964,77.156316,18.4,42.3,49.0,0
28.604514,77.278515,25.8,162.0,138.0,0
28.613617,77.249167,37.0,9.6,22.0,0
28.614231,77.21424,47.2,57.3,70.0,0
28.669258,77.157554,72.1,99.8,2.0,0
28.540277,77.207873,64.4,33.9,8.0,0
28.633907,77.204837,28.7,1.9,130.0,0
28.687471,77.164476,61.4,4.6,140.0,0
28.682089,77.160412,66.6,180.0,50.0,0
28.638949,77.256823,41.8,58.5,55.0,0
28.572647,77.2023,23.7,13.2,32.0,0
28.649339,77.262778,75.4,185.9,54.0,0
28.676747,77.217842,77.0,228.0,125.0,0
28.584743,77.256084,18.0,31.6,10.0,0
28.628381,77.254416,62.8,70.5,42.0,0
28.600237,77.241833,3.3,31.5,125.0,0
28.579801,77.277631,0.2,103.4,4.0,0
28.594742,77.223516,28.1,236.4,13.0,0
28.616927,77.143763,37.0,2.3,43.0,0
28.564588,77.151739,43.7,50.9,58.0,0
28.556394,77.18586,30.3,128.4,74.0,0
28.56602,77.255597,10.3,93.5,12.0,0
28.626895,77.198497,27.6,16.1,55.0,0
28.537209,77.228765,65.7,39.8,25.0,0
28.499651,77.245284,26.9,50.5,23.0,0
28.679125,77.22672,47.4,109.3,4.0,0
28.559839,77.103944,54.5,49.2,8.0,0
28.6008,77.159154,58.6,30.1,96.0,0
28.656614,77.306796,39.0,42.9,37.0,0
28.538587,77.234803,10.1,272.6,83.0,1
28.538528,77.083517,72.0,3.8,102.0,0
28.578871,77.221986,20.8,32.5,95.0,0
28.658565,77.308632,27.1,17.6,238.0,0
28.609418,77.23219,61.9,40.9,18.0,0
28.610096,77.22072,61.1,70.5,5.0,0
28.595729,77.127082,71.7,17.3,44.0,0
28.638607,77.204956,2.7,44.5,198.0,0
28.682092,77.136339,70.0,140.8,14.0,0
28.759701,77.157377,63.4,82.2,47.0,0
28.603096,77.145941,42.0,91.0,32.0,0
28.686797,77.305472,12.8,225.6,59.0,0
28.660463,77.254902,43.6,42.1,34.0,0
28.62385,77.288549,15.5,497.6,268.0,1
28.5,77.152327,77.2,38.5,91.0,0
28.591606,77.228038,56.7,16.1,89.0,0
28.593587,77.168095,47.7,131.8,27.0,0
28.62844,77.173444,65.1,57.1,87.0,0
28.600627,77.241972,42.6,33.8,44.0,0
28.58234,77.22744,4.8,22.6,117.0,0
28.712,77.232812,20.7,137.8,91.0,0
28.675909,77.155694,78.5,66.4,67.0,0
28.509359,77.22488,68.1,78.3,17.0,0
28.596446,77.235885,74.2,49.6,51.0,0
28.642046,77.18474,7.8,19.3,134.0,0
28.677045,77.204903,19.8,32.9,59.0,0
28.589501,77.136235,5.1,11.0,107.0,0
28.599731,77.110714,65.8,33.4,46.0,0
28.615239,77.318916,13.9,195.1,111.0,0
28.643592,77.228742,32.8,68.4,53.0,0
28.533723,77.200554,21.6,3.8,114.0,0
28.509731,77.258412,74.4,115.6,38.0,0
28.673228,77.174994,48.7,116.8,66.0,0
28.560996,77.224008,64.0,114.0,4.0,0
28.716633,77.273813,48.2,76.7,35.0,0
28.567321,77.163397,49.0,2.6,9.0,0
28.601252,77.1939,30.6,38.6,16.0,0
28.62893,77.149462,19.1,31.5,47.0,0
28.503902,77.260261,27.9,1.7,47.0,0
28.75372,77.228769,23.6,7.2,96.0,0
28.59075,77.277084,55.3,43.6,39.0,0
28.568574,77.260641,33.8,170.1,173.0,0
28.552182,77.205429,44.0,261.1,24.0,1
28.628588,77.239039,61.7,108.8,37.0,0
28.625043,77.239573,21.3,20.5,88.0,0
28.553869,77.255173,33.9,203.8,64.0,0
28.541903,77.291821,41.6,305.3,11.0,1
28.663263,77.163976,4.3,45.0,44.0,0
28.577715,77.124684,12.2,59.0,5.0,0
28.524449,77.165939,5.1,34.0,10.0,0
28.603104,77.242139,60.2,152.9,7.0,0
28.590414,77.239188,24.0,28.3,6.0,0
28.708001,77.190059,33.8,9.2,9.0,0
28.584391,77.204911,53.8,48.7,133.0,0
28.595089,77.176785,77.3,14.9,70.0,0
28.621473,77.213145,64.9,45.1,68.0,0
28.581957,77.183814,4.6,70.4,136.0,0
28.632548,77.30034,24.5,129.8,72.0,0
28.559656,77.284642,3.9,94.2,56.0,0
28.598534,77.254689,4.9,107.3,82.0,0
28.630841,77.220062,10.2,71.4,72.0,0
28.667382,77.27546,25.7,6.8,55.0,0
28.581191,77.223437,18.5,169.6,7.0,0
28.580594,77.226559,28.2,95.8,4.0,0
28.687562,77.132101,65.8,124.8,11.0,0
28.582909,77.231534,63.8,226.3,58.0,0
28.607663,77.153941,28.1,275.7,44.0,1
28.696138,77.198359,52.8,264.8,47.0,1
28.613873,77.226948,29.8,25.1,29.0,0
28.598112,77.173565,30.9,152.6,104.0,0
28.601842,77.242436,54.1,254.9,81.0,1
28.573477,77.271087,30.7,98.0,3.0,0
28.633039,77.174309,43.9,100.7,13.0,0
28.564299,77.22437,9.2,172.5,47.0,0
28.649425,77.156177,43.1,27.1,13.0,0
28.611261,77.160154,59.4,17.0,9.0,0
28.622274,77.234002,71.1,46.0,1.0,0
28.696985,77.254172,11.8,239.5,244.0,0
28.538046,77.143038,32.9,5.0,16.0,0
28.611721,77.320933,38.9,46.7,33.0,0
28.642404,77.193656,72.4,93.9,59.0,0
28.579688,77.22887,20.6,84.3,17.0,0
28.658056,77.191794,13.3,132.8,101.0,0
28.583266,77.20428,11.3,25.1,54.0,0
28.625081,77.294417,12.4,21.3,69.0,0
28.604325,77.293774,69.6,140.6,10.0,0
28.618589,77.135978,49.6,139.8,77.0,0
28.614197,77.190317,33.7,22.9,3.0,0
28.608902,77.366032,69.3,46.4,23.0,0
28.586827,77.196849,23.8,48.1,34.0,0
28.577265,77.239634,74.2,57.6,6.0,0
28.626299,77.275319,60.7,144.8,49.0,0
28.613135,77.261163,1.6,74.0,25.0,0
28.575895,77.077622,37.0,58.4,9.0,0
28.627669,77.235198,67.4,27.3,20.0,0
28.587372,77.305965,31.7,3.3,52.0,0
28.688272,77.21997,79.0,200.2,15.0,0
28.734959,77.166441,67.7,100.8,38.0,0
28.679952,77.167394,60.2,6.2,70.0,0
28.677166,77.208547,10.8,28.3,57.0,0
28.651208,77.252261,8.6,83.3,87.0,0
28.600008,77.362982,51.3,18.8,71.0,0
28.515547,77.204011,52.9,8.9,40.0,0
28.55925,77.246598,11.8,63.9,44.0,0
28.576663,77.141271,68.3,31.9,18.0,0
28.670887,77.134252,69.9,140.7,161.0,0
28.623307,77.193654,33.3,240.8,139.0,0
28.577524,77.240772,48.6,70.9,102.0,0
28.518241,77.214184,40.9,99.8,10.0,0
28.726407,77.221163,2.9,328.0,89.0,1
28.637166,77.204775,7.2,20.5,157.0,0
28.655925,77.217113,62.4,188.2,144.0,0
28.583717,77.203808,39.1,65.6,141.0,0
28.603569,77.151018,48.9,16.6,67.0,0
28.593307,77.143925,49.0,27.3,17.0,0
28.613717,77.28647,30.4,93.2,53.0,0
28.702789,77.177339,2.4,204.1,20.0,0
28.550286,77.206473,63.0,10.1,97.0,0
28.608437,77.277997,37.5,81.6,11.0,0
28.628544,77.205019,11.1,37.8,15.0,0
28.604659,77.262374,1.7,31.1,18.0,0
28.660266,77.174098,1.4,15.9,54.0,0
28.523718,77.296269,2.7,175.3,53.0,0
28.704688,77.229851,12.4,36.2,48.0,0
28.541974,77.217158,18.5,46.9,9.0,0
28.553995,77.210259,19.8,18.6,37.0,0
28.588027,77.256752,50.6,74.9,158.0,0
28.578121,77.230311,19.3,46.4,167.0,0
28.631725,77.058632,53.9,17.2,39.0,0
28.625935,77.196098,65.9,29.7,18.0,0
28.616178,77.234599,30.8,39.7,295.0,0
28.539606,77.17009,57.5,6.4,15.0,0
28.603527,77.193308,8.3,4.3,110.0,0
28.611487,77.1991,26.2,391.3,21.0,1
28.672114,77.298249,54.6,210.2,144.0,0
28.620472,77.248391,74.5,71.9,8.0,0
28.629633,77.234952,49.2,22.5,23.0,0
28.708625,77.160211,29.1,21.2,62.0,0
28.552495,77.184265,25.1,46.5,6.0,0
28.591095,77.261013,31.3,39.0,30.0,0
28.553708,77.251505,52.2,105.6,30.0,0
28.690826,77.147474,26.2,41.8,43.0,0
28.694242,77.28847,37.6,248.8,0.0,0
28.686926,77.175468,60.7,23.3,63.0,0
28.63787,77.236415,19.0,2.2,32.0,0
28.629525,77.355175,57.3,74.0,17.0,0
28.587598,77.197581,60.9,353.4,14.0,1
28.648972,77.226877,69.1,152.5,90.0,0
28.546432,77.19056,1.9,0.4,20.0,0
28.546261,77.227263,9.1,68.5,68.0,0
28.589506,77.289756,76.4,48.4,1.0,0
28.70485,77.208773,10.1,117.0,211.0,0
28.584827,77.203785,39.0,23.3,5.0,0
28.591581,77.273678,13.4,22.4,31.0,0
28.624889,77.155338,65.0,30.5,66.0,0
28.655431,77.222656,7.7,22.6,59.0,0
28.673101,77.182115,6.8,1.8,134.0,0
28.554481,77.206601,40.4,79.1,210.0,0
28.605666,77.174133,19.1,75.9,76.0,0
28.621726,77.147059,52.9,152.7,61.0,0
28.626738,77.108075,54.8,95.7,6.0,0
28.65379,77.195864,46.9,81.9,35.0,0
28.651504,77.229897,66.8,21.1,12.0,0
28.611775,77.259162,55.8,107.8,29.0,0
28.668119,77.151727,15.0,154.7,9.0,0
28.658939,77.226115,6.3,46.9,92.0,0
28.654919,77.246463,59.8,62.2,43.0,0
28.58406,77.23651,59.2,122.7,7.0,0
28.646145,77.231388,68.0,50.1,44.0,0
28.670678,77.110384,16.2,87.9,24.0,0
28.584808,77.21252,17.9,19.3,42.0,0
28.617078,77.214386,46.1,70.2,18.0,0
28.688737,77.245769,12.4,3.0,85.0,0
28.630325,77.287875,23.7,18.8,0.0,0
28.606107,77.205543,65.0,202.9,9.0,0
28.68358,77.201252,26.7,72.4,51.0,0
28.586975,77.225027,0.9,48.6,63.0,0
28.525694,77.219589,52.1,59.0,3.0,0
28.571542,77.240123,14.4,0.0,66.0,0
28.6673,77.244954,15.7,49.2,14.0,0
28.636535,77.209694,1.3,12.4,10.0,0
28.613906,77.243462,46.2,156.2,1.0,0
28.663556,77.207561,45.0,42.7,41.0,0
28.618843,77.145978,7.7,21.1,84.0,0
28.599383,77.160689,4.0,57.4,54.0,0
28.652256,77.101751,39.3,36.4,120.0,0
28.591399,77.301635,62.5,49.3,46.0,0
28.635012,77.282763,76.3,103.5,1.0,0
28.570763,77.270235,6.0,56.9,116.0,0
28.557773,77.207681,56.7,197.2,151.0,0
28.567214,77.267334,15.3,23.7,124.0,0
28.609197,77.263389,2.7,31.6,13.0,0
28.578102,77.145791,26.8,120.2,280.0,0
28.579506,77.179188,45.9,122.4,195.0,0
28.602828,77.245374,48.1,300.4,116.0,1
28.606889,77.194045,3.9,79.2,52.0,0
28.532947,77.183138,74.2,68.2,13.0,0
28.484379,77.259681,4.4,71.1,13.0,0
28.630498,77.177084,17.4,35.9,44.0,0
28.617461,77.34258,34.6,38.9,134.0,0
28.541988,77.298214,75.7,26.3,29.0,0
28.632314,77.207827,79.3,72.7,41.0,0
28.632223,77.28098,0.0,146.7,33.0,0
28.595389,77.227827,18.0,80.3,80.0,0
28.708468,77.197708,40.1,51.2,6.0,0
28.673961,77.317403,55.6,5.3,76.0,0
28.590546,77.238024,52.5,22.8,92.0,0
28.591479,77.173775,20.1,149.2,75.0,0
28.537606,77.241503,15.8,40.4,68.0,0
28.671736,77.302373,1.1,173.4,30.0,0
28.622841,77.218618,67.4,22.2,40.0,0
28.651653,77.228978,30.3,68.6,14.0,0
28.503802,77.203513,69.1,265.4,71.0,1
28.649376,77.236099,25.9,65.1,14.0,0
28.585018,77.16961,60.5,18.7,49.0,0
28.639715,77.178724,5.6,20.9,82.0,0
28.636561,77.201383,64.9,13.7,12.0,0
28.609468,77.226884,71.3,1.7,19.0,0
28.575633,77.274122,21.2,94.3,35.0,0
28.630443,77.211142,11.3,122.3,63.0,0
28.568704,77.259872,15.7,137.3,23.0,0
28.663029,77.196486,69.4,6.1,12.0,0
28.574418,77.247935,22.9,228.2,10.0,0
28.611637,77.278449,18.5,77.1,18.0,0
28.57321,77.212743,78.3,7.4,31.0,0
28.618437,77.236063,53.6,7.1,6.0,0
28.558912,77.189183,66.6,57.0,182.0,0
28.570043,77.247822,59.8,22.4,413.0,0
28.725226,77.078428,29.9,21.9,123.0,0
28.652711,77.137203,69.0,0.9,105.0,0
28.628972,77.24714,47.1,52.7,34.0,0
28.636206,77.136702,52.6,7.2,25.0,0
28.625782,77.194053,26.1,6.4,34.0,0
28.606055,77.288669,78.5,13.8,1.0,0
28.648336,77.261696,68.4,0.9,10.0,0
28.569151,77.338245,11.8,8.7,47.0,0
28.690277,77.222269,16.3,72.2,157.0,0
28.616517,77.214363,59.9,23.7,157.0,0
28.650585,77.219007,2.1,5.7,75.0,0
28.689169,77.172258,26.8,11.6,40.0,0
28.63506,77.207841,42.6,3.5,19.0,0
28.569976,77.155474,16.4,120.0,32.0,0
28.671477,77.277154,69.9,65.9,252.0,0
28.69531,77.255422,71.1,51.4,117.0,0
28.513174,77.160476,76.5,165.3,40.0,0
28.605406,77.185248,11.7,6.6,115.0,0
28.625072,77.238029,6.3,3.0,83.0,0
28.597297,77.232056,44.5,44.1,31.0,0
28.548203,77.166025,63.4,24.5,41.0,0
28.566347,77.221805,23.3,51.7,37.0,0
28.518044,77.247066,19.3,187.0,1.0,0
28.658255,77.248501,41.4,47.3,23.0,0
28.679178,77.302733,38.6,15.0,2.0,0
28.678481,77.231003,38.4,127.9,130.0,0
28.609021,77.156457,32.4,39.4,53.0,0
28.624096,77.165273,58.2,112.5,31.0,0
28.663996,77.281309,49.2,12.2,6.0,0
28.598856,77.299047,39.0,32.9,2.0,0
28.563036,77.216757,57.7,1.8,18.0,0
28.581964,77.237619,20.9,21.5,30.0,0
28.619277,77.223153,71.3,83.3,55.0,0
28.574818,77.203595,30.7,27.8,26.0,0
28.634165,77.143947,26.2,12.0,39.0,0
28.542745,77.242364,43.4,4.6,68.0,0
28.598367,77.307598,21.6,73.9,3.0,0
28.630777,77.227011,21.5,6.4,45.0,0
28.617126,77.203402,6.2,128.3,20.0,0
28.573744,77.196916,52.2,35.4,91.0,0
28.647252,77.243346,73.0,29.1,23.0,0
28.623624,77.276055,54.8,78.4,11.0,0
28.50605,77.245134,45.4,65.1,93.0,0
28.633266,77.125017,56.9,351.1,88.0,1
28.58939,77.305619,77.3,4.2,37.0,0
28.584252,77.260163,26.9,152.5,12.0,0
28.569004,77.209495,34.5,73.2,38.0,0
28.560349,77.191984,22.9,171.4,35.0,0
28.620829,77.196163,1.3,94.7,10.0,0
28.637801,77.261632,27.8,115.0,27.0,0
28.618159,77.119727,5.7,123.6,101.0,0
28.657973,77.244185,68.7,1.2,42.0,0
28.63957,77.232527,57.2,145.8,8.0,0
28.510152,77.231829,24.3,91.0,130.0,0
28.564674,77.160361,26.2,235.6,82.0,0
28.669921,77.133297,45.6,11.4,47.0,0
28.547031,77.330719,63.8,203.6,19.0,0
28.473749,77.225147,57.5,154.2,6.0,0
28.702073,77.315298,2.3,20.5,80.0,0
28.625331,77.263667,62.8,10.6,59.0,0
28.576347,77.224121,70.5,79.2,103.0,0
28.56808,77.230095,7.2,90.2,70.0,0
28.64197,77.272517,61.6,99.3,10.0,0
28.6344,77.27814,20.1,149.4,36.0,0
28.62686,77.2423,13.9,65.1,22.0,0
28.601063,77.273139,43.5,26.7,120.0,0
28.546471,77.275517,44.2,155.6,19.0,0
28.608702,77.234982,37.7,45.4,41.0,0
28.663757,77.18831,72.1,45.6,48.0,0
28.583402,77.243356,19.3,54.3,59.0,0
28.640553,77.181085,48.2,144.4,61.0,0
28.590268,77.19948,32.8,282.6,62.0,1
28.650562,77.238377,69.9,15.0,26.0,0
28.561503,77.214539,10.6,10.4,42.0,0
28.611184,77.284277,6.6,27.2,4.0,0
28.633324,77.185479,79.4,187.7,45.0,0
28.576727,77.112093,46.2,60.1,58.0,0
28.628631,77.284002,73.0,0.5,82.0,0
28.609022,77.220876,32.7,69.8,10.0,0
28.608292,77.223253,48.3,63.7,58.0,0
28.576612,77.179079,55.5,6.7,24.0,0
28.660367,77.124318,78.9,12.9,31.0,0
28.563244,77.177558,9.0,7.8,39.0,0
28.624488,77.247,10.0,58.9,8.0,0
28.56804,77.208442,41.9,60.6,16.0,0
28.607191,77.201872,4.5,49.3,4.0,0
28.642643,77.133534,58.2,48.0,219.0,0
28.596057,77.309064,79.3,69.5,13.0,0
28.45669,77.215535,64.9,86.8,60.0,0
28.543265,77.335596,21.3,265.5,7.0,1
28.5026,77.236839,64.0,63.0,72.0,0
28.613896,77.296054,50.2,24.7,125.0,0
28.610249,77.18261,9.6,293.8,39.0,1
28.592969,77.142781,45.3,8.9,70.0,0
28.579177,77.209175,71.7,30.0,65.0,0
28.621557,77.246501,23.2,186.2,64.0,0
28.538134,77.251931,52.7,230.4,7.0,0
28.658303,77.238226,3.3,82.9,102.0,0
28.614256,77.333089,66.7,1.2,53.0,0
28.56326,77.238092,16.5,46.8,15.0,0
28.589579,77.202996,48.7,216.0,35.0,0
28.603933,77.206823,41.9,176.4,77.0,0
28.541461,77.178234,43.9,179.4,62.0,0
28.644044,77.233159,20.3,27.8,10.0,0
28.658774,77.272578,44.7,139.4,55.0,0
28.616371,77.288949,48.2,89.3,43.0,0
28.657527,77.203659,34.0,179.3,64.0,0
28.743,77.215857,50.7,81.3,92.0,0
28.51658,77.18642,15.3,37.6,24.0,0
28.613095,77.266916,41.0,80.5,32.0,0
28.543344,77.156771,57.3,35.4,54.0,0
28.688536,77.1824,29.4,0.2,91.0,0
28.622815,77.010613,32.9,135.8,58.0,0
28.575595,77.159538,13.1,151.4,1.0,0
28.597482,77.188947,49.3,110.3,283.0,0
28.677315,77.192961,9.9,20.6,2.0,0
28.633114,77.153756,40.1,11.7,122.0,0
28.639446,77.162007,16.8,14.9,142.0,0
28.684904,77.281578,15.5,55.6,15.0,0
28.658219,77.179504,7.7,24.6,90.0,0
28.6667,77.128037,28.6,168.5,39.0,0
28.604183,77.166358,69.4,62.9,32.0,0
28.497806,77.167022,48.4,47.9,10.0,0
28.615678,77.214983,62.3,164.2,37.0,0
28.577277,77.236481,9.2,6.8,61.0,0
28.649929,77.150821,25.1,163.8,41.0,0
28.521984,77.233515,31.1,129.6,15.0,0
28.651912,77.288487,68.8,92.9,40.0,0
28.619927,77.269301,53.2,9.4,124.0,0
28.62819,77.247461,39.2,4.3,102.0,0
28.641438,77.238886,24.0,14.5,13.0,0
28.609077,77.202656,60.8,25.2,40.0,0
28.593851,77.289444,71.1,76.6,56.0,0
28.667249,77.239962,42.9,6.7,46.0,0
28.640158,77.178281,3.5,16.2,65.0,0
28.644942,77.210962,21.7,17.9,69.0,0
28.606374,77.184715,59.7,88.9,31.0,0
28.615977,77.211557,31.0,34.0,17.0,0
28.609838,77.279273,50.1,25.8,35.0,0
28.523292,77.209686,42.0,2.4,7.0,0
28.541444,77.17877,72.6,7.9,83.0,0
28.604341,77.270534,24.6,63.8,90.0,0
28.516629,77.282326,35.7,80.3,172.0,0
28.604993,77.179232,5.2,108.5,138.0,0
28.565787,77.292497,64.4,55.1,8.0,0
28.606701,77.266625,26.1,25.1,47.0,0
28.619,77.190904,57.8,27.7,73.0,0
28.517589,77.279445,0.2,84.2,106.0,0
28.626754,77.156905,69.4,44.5,21.0,0
28.588023,77.194415,77.8,13.8,260.0,0
28.49436,77.163753,37.6,0.3,42.0,0
28.587456,77.169668,38.6,24.1,37.0,0
28.629484,77.261054,49.3,112.7,33.0,0
28.590216,77.217768,78.0,87.4,12.0,0
28.587167,77.162946,44.7,8.2,49.0,0
28.618193,77.18902,5.9,47.0,8.0,0
28.586538,77.185268,45.2,12.5,111.0,0
28.597142,77.231043,33.5,51.2,3.0,0
28.544177,77.332156,60.9,9.4,115.0,0
28.584586,77.228787,24.3,91.0,100.0,0
28.704704,77.232097,74.0,70.2,21.0,0
28.619421,77.295558,64.0,24.0,2.0,0
28.623956,77.191357,26.1,390.6,129.0,1
28.578366,77.285144,28.2,71.1,98.0,0
28.590766,77.197275,41.4,25.0,60.0,0
28.599076,77.20049,8.0,35.4,3.0,0
28.65421,77.202015,55.2,198.3,43.0,0
28.670442,77.213149,48.7,18.2,163.0,0
28.587782,77.209753,25.5,18.2,7.0,0
28.609329,77.236413,51.0,67.6,43.0,0
28.598748,77.197286,7.9,32.3,98.0,0
28.648618,77.223523,76.2,29.0,65.0,0
28.633929,77.137917,5.4,42.3,30.0,0
28.606002,77.257621,26.3,142.3,134.0,0
28.660982,77.275101,77.6,147.1,45.0,0
28.636406,77.229578,31.9,87.7,122.0,0
28.571944,77.255893,70.8,68.9,57.0,0
28.610911,77.176628,12.1,1.3,23.0,0
28.601674,77.294379,5.3,66.6,137.0,0
28.561106,77.22801,8.7,246.5,127.0,0
28.599235,77.138243,77.8,145.3,22.0,0
28.667454,77.279269,7.1,12.5,15.0,0
28.665246,77.254387,52.1,291.9,231.0,1
28.656162,77.312082,35.2,19.5,38.0,0
28.649457,77.301694,68.9,10.6,363.0,0
28.620899,77.285591,23.5,27.3,18.0,0
28.580432,77.242199,2.3,12.2,6.0,0
28.638688,77.254151,59.9,20.4,0.0,0
28.528184,77.164568,47.1,29.5,22.0,0
28.576906,77.20465,34.8,71.5,53.0,0
28.665738,77.367712,25.8,76.1,17.0,0
28.585895,77.132117,72.0,61.2,51.0,0
28.642499,77.234012,9.7,28.3,3.0,0
28.592347,77.216528,11.3,245.3,211.0,0
28.638008,77.261167,1.2,28.2,26.0,0
28.533495,77.228431,5.8,41.0,217.0,0
28.67409,77.279229,68.6,43.9,46.0,0
28.554702,77.219257,63.5,1.8,38.0,0
28.542408,77.257213,8.2,44.8,6.0,0
28.671403,77.236784,62.4,33.0,5.0,0
28.610359,77.203919,51.3,5.9,43.0,0
28.595188,77.196798,31.0,133.3,23.0,0
28.688882,77.282393,6.7,99.5,12.0,0
28.647054,77.249747,48.2,26.7,9.0,0
28.588025,77.26831,67.2,24.2,49.0,0
28.603781,77.28124,33.7,188.1,22.0,0
28.664196,77.192611,34.0,16.8,98.0,0
28.562321,77.204959,66.1,165.5,6.0,0
28.682673,77.20146,16.8,6.5,0.0,0
28.588332,77.270056,13.8,146.4,171.0,0
28.566926,77.223044,55.6,62.4,1.0,0
28.664846,77.227663,52.5,119.6,118.0,0
28.64723,77.165763,73.0,7.8,127.0,0
28.52167,77.259702,26.7,43.6,176.0,0
28.605159,77.261357,16.2,47.9,41.0,0
28.55524,77.246551,34.3,57.9,59.0,0
28.650417,77.226641,30.7,79.1,27.0,0
28.696481,77.270662,75.0,39.5,214.0,0
28.637386,77.21605,73.4,47.5,79.0,0
28.572517,77.28948,34.3,37.0,77.0,0
28.654997,77.254244,33.0,96.0,26.0,0
28.607982,77.155389,35.6,191.2,22.0,0
28.606811,77.211822,58.5,9.7,49.0,0
28.586235,77.234747,44.0,27.1,5.0,0
28.615734,77.183668,23.0,19.9,33.0,0
28.606951,77.272478,61.5,224.2,46.0,0
28.49029,77.119696,72.3,72.2,83.0,0
28.611793,77.25869,57.4,12.3,51.0,0
28.603619,77.253018,15.6,40.6,30.0,0
28.627841,77.119125,63.3,51.3,2.0,0
28.510163,77.223675,79.1,78.0,74.0,0
28.6361,77.196751,54.8,19.4,88.0,0
28.61193,77.289376,19.5,55.8,116.0,0
28.635257,77.176625,0.4,129.4,13.0,0
28.529044,77.258459,30.8,86.3,42.0,0
28.548764,77.268416,37.6,8.8,37.0,0
28.516751,77.19887,72.8,194.7,86.0,0
28.617816,77.283387,49.6,33.1,42.0,0
28.593247,77.197724,22.5,44.2,96.0,0
28.6033,77.285127,55.3,94.3,5.0,0
28.540877,77.348718,7.4,49.5,3.0,0
28.550008,77.265012,17.1,70.9,19.0,0
28.485695,77.249108,59.6,52.0,39.0,0
28.543223,77.194844,23.8,29.4,83.0,0
28.577998,77.311353,2.5,46.5,27.0,0
28.580583,77.262912,39.7,29.9,81.0,0
28.607119,77.195478,52.6,47.6,107.0,0
28.648581,77.293456,63.1,18.1,42.0,0
28.576051,77.223994,24.5,5.0,190.0,0
28.634939,77.252342,34.0,96.0,10.0,0
28.649413,77.19798,44.5,10.8,21.0,0
28.668002,77.171571,6.0,138.2,361.0,0
28.634989,77.17417,15.8,36.2,11.0,0
28.614164,77.199431,29.5,22.9,145.0,0
28.556498,77.244159,21.4,42.2,152.0,0
28.624125,77.203595,37.3,13.0,61.0,0
28.591686,77.178935,52.1,151.2,3.0,0
28.679324,77.170944,43.2,14.6,43.0,0
28.615063,77.281824,61.9,54.5,4.0,0
28.602502,77.212375,50.1,14.1,24.0,0
28.681296,77.120618,23.4,3.7,1.0,0
28.586381,77.218113,9.6,127.9,3.0,0
28.61034,77.197731,51.2,65.2,72.0,0
28.71097,77.228723,17.0,6.5,242.0,0
28.623812,77.190139,25.5,178.7,92.0,0
28.666757,77.282844,63.6,39.9,30.0,0
28.68569,77.21083,17.6,44.4,25.0,0
28.582907,77.20798,43.0,54.6,306.0,0
28.655939,77.202698,7.6,20.4,16.0,0
28.593863,77.242184,33.3,64.0,2.0,0
28.712497,77.238247,78.4,23.0,18.0,0
28.682681,77.198958,76.4,144.6,25.0,0
28.647665,77.219693,75.7,140.0,40.0,0
28.66273,77.205849,47.6,51.9,72.0,0
28.57572,77.260985,23.6,60.7,64.0,0
28.696377,77.154061,28.4,395.5,59.0,1
28.565281,77.20147,16.5,126.9,131.0,0
28.630852,77.208723,7.8,5.2,52.0,0
28.574802,77.288234,13.5,15.2,12.0,0
28.653519,77.277267,37.4,72.5,27.0,0
28.697754,77.238108,2.2,37.2,67.0,0
28.633077,77.168779,75.1,130.4,45.0,0
28.626254,77.221362,44.9,82.0,52.0,0
28.604819,77.312482,13.9,374.1,21.0,1
28.615523,77.211065,33.3,1.0,20.0,0
28.593713,77.224931,30.1,46.2,36.0,0
28.692167,77.227821,66.8,41.9,2.0,0
28.650199,77.176011,9.6,45.6,34.0,0
28.59313,77.178051,34.4,173.2,41.0,0
28.61352,77.178,56.9,41.7,4.0,0
28.756295,77.203586,29.9,127.3,2.0,0
28.624108,77.24061,28.6,80.1,1.0,0
28.683148,77.226997,27.2,53.5,27.0,0
28.581672,77.243869,61.0,94.4,41.0,0
28.63418,77.326521,9.5,20.8,11.0,0
28.579275,77.348243,68.5,12.3,136.0,0
28.583734,77.223192,5.7,273.3,53.0,1
28.650187,77.264659,25.5,39.7,55.0,0
28.56572,77.251455,31.1,29.0,4.0,0
28.550898,77.272347,31.5,24.7,5.0,0
28.644761,77.270585,15.0,77.9,42.0,0
28.586091,77.192089,48.3,450.9,86.0,1
28.5965,77.317566,36.3,180.2,109.0,0
28.520444,77.295055,45.4,40.9,47.0,0
28.547035,77.266829,49.2,180.5,53.0,0
28.621534,77.252783,15.3,48.9,57.0,0
28.598821,77.23842,73.6,9.3,22.0,0
28.655959,77.228762,66.4,16.6,222.0,0
28.565514,77.257883,66.3,22.3,223.0,0
28.602197,77.231188,42.5,199.8,59.0,0
28.612824,77.237399,65.6,309.0,29.0,1
28.600294,77.21968,50.2,20.6,114.0,0
28.640375,77.211825,36.0,41.3,12.0,0
28.556211,77.314287,60.2,319.4,56.0,1
28.636115,77.229033,48.0,150.3,93.0,0
28.667455,77.204266,0.2,46.8,0.0,0
28.569333,77.233042,79.8,48.2,34.0,0
28.630533,77.164363,34.4,168.7,18.0,0
28.628369,77.271821,45.7,2.4,96.0,0
28.639939,77.225398,32.5,213.5,154.0,0
28.610575,77.208414,8.0,7.5,11.0,0
28.681415,77.203292,66.7,185.4,12.0,0
28.716014,77.145857,54.6,5.3,196.0,0
28.641754,77.316063,66.3,278.2,43.0,1
28.626196,77.234735,38.7,0.7,6.0,0
28.611189,77.315351,63.3,268.0,5.0,1
28.544823,77.212246,63.8,5.1,200.0,0
28.539129,77.247983,26.9,10.7,34.0,0
28.552802,77.261956,0.3,263.6,171.0,1
28.623787,77.249703,68.8,125.5,52.0,0
28.600864,77.202633,14.8,146.5,77.0,0
28.686856,77.136651,69.5,45.2,20.0,0
28.485241,77.338044,49.5,6.7,4.0,0
28.612536,77.188644,50.8,12.9,93.0,0
28.632169,77.352028,19.8,205.8,11.0,0
28.655384,77.19499,32.2,38.8,76.0,0
28.617666,77.294097,25.0,112.7,5.0,0
28.62874,77.254415,15.2,93.7,51.0,0
28.619302,77.256703,58.0,51.4,84.0,0
28.632488,77.193745,7.7,157.6,1.0,0
28.609536,77.20483,41.0,85.0,30.0,0
28.716309,77.20554,42.9,107.7,53.0,0
28.639392,77.232238,76.4,145.1,96.0,0
28.620369,77.214263,69.6,20.1,18.0,0
28.573594,77.198164,39.3,27.8,102.0,0
28.593385,77.177724,67.5,112.7,63.0,0
28.686006,77.182651,63.2,141.4,26.0,0
28.486251,77.245187,2.2,72.8,21.0,0
28.61334,77.183407,73.8,400.4,73.0,1
28.609254,77.163548,55.0,168.3,77.0,0
28.635504,77.225551,53.8,129.0,61.0,0
28.623761,77.109401,57.1,22.5,35.0,0
28.686291,77.21818,18.0,32.4,1.0,0
28.61541,77.222442,2.3,35.8,51.0,0
28.607295,77.246645,18.5,7.8,57.0,0
28.65809,77.235555,63.6,105.2,16.0,0
28.687142,77.154604,47.8,42.5,14.0,0
28.644842,77.209189,28.9,77.6,120.0,0
28.661077,77.251139,19.3,98.9,12.0,0
28.59963,77.239402,64.0,0.7,14.0,0
28.61677,77.179406,36.6,3.9,59.0,0
28.684787,77.239295,48.9,32.7,23.0,0
28.636836,77.264244,1.0,85.3,35.0,0
28.598399,77.169685,34.4,52.0,45.0,0
28.612128,77.120488,1.2,223.6,160.0,0
28.662358,77.307203,63.0,23.8,18.0,0
28.666811,77.234267,19.9,8.8,3.0,0
28.568393,77.195635,13.4,9.7,7.0,0
28.62863,77.193922,74.1,20.4,3.0,0
28.610108,77.22584,1.4,21.6,84.0,0
28.607223,77.270551,15.8,38.1,238.0,0
28.677015,77.143011,19.2,66.4,5.0,0
28.598623,77.198453,65.8,22.9,20.0,0
28.581721,77.301198,56.8,57.9,115.0,0
28.56975,77.259731,77.4,52.0,137.0,0
28.601773,77.255465,55.6,29.6,15.0,0
28.573738,77.238885,18.9,45.5,151.0,0
28.567261,77.234024,13.3,38.7,52.0,0
28.566001,77.195091,60.4,239.7,318.0,0
28.568973,77.190589,72.1,5.7,1.0,0
28.572458,77.258807,72.9,116.5,92.0,0
28.630453,77.19152,61.7,29.6,3.0,0
28.512501,77.232692,63.5,16.4,80.0,0
28.575412,77.226087,53.0,163.6,173.0,0
28.605494,77.328094,58.9,50.7,24.0,0
28.667931,77.210479,9.3,57.1,25.0,0
28.598204,77.276923,26.3,43.0,16.0,0
28.602834,77.253865,36.6,41.5,34.0,0
28.606103,77.212638,53.1,94.4,38.0,0
28.519316,77.156301,33.4,114.0,51.0,0
28.643455,77.215852,30.0,124.5,70.0,0
28.641371,77.263462,45.1,59.6,58.0,0
28.651225,77.157259,31.6,96.9,6.0,0
28.735792,77.260285,5.8,120.3,60.0,0
28.545574,77.285644,77.6,92.0,13.0,0
28.536099,77.2233,74.1,17.2,46.0,0
28.645793,77.264185,3.1,99.5,53.0,0
28.593626,77.225513,42.3,83.6,34.0,0
28.561219,77.247069,57.0,8.1,32.0,0
28.596372,77.293179,48.8,83.1,33.0,0
28.579583,77.140801,28.3,166.4,16.0,0
28.696739,77.180239,64.3,42.7,98.0,0
28.723591,77.281034,49.2,11.5,40.0,0
28.528722,77.290256,19.1,75.5,42.0,0
28.536673,77.148104,48.9,21.8,12.0,0
28.572532,77.296615,22.0,63.0,39.0,0
28.576024,77.089893,47.7,88.5,34.0,0
28.571737,77.249779,61.1,57.1,32.0,0
28.600788,77.22944,24.2,29.5,35.0,0
28.588158,77.181844,22.6,155.6,17.0,0
28.542819,77.184923,58.1,11.7,95.0,0
28.55916,77.186766,40.7,3.5,13.0,0
28.687817,77.208292,11.1,141.2,47.0,0
28.592628,77.317802,43.7,2.8,23.0,0
28.590068,77.259655,53.1,53.4,76.0,0
28.534478,77.29022,39.3,61.7,71.0,0
28.587339,77.202396,49.9,33.0,72.0,0
28.658545,77.230013,29.2,25.8,130.0,0
28.640278,77.16492,70.2,107.8,91.0,0
28.651055,77.204578,19.2,36.5,24.0,0
28.55032,77.190875,22.5,10.6,30.0,0
28.549519,77.242932,61.9,49.8,121.0,0
28.667172,77.183157,4.6,103.7,104.0,0
28.651814,77.176657,79.0,29.5,152.0,0
28.597577,77.238318,50.3,11.3,109.0,0
28.653152,77.215824,64.6,33.4,8.0,0
28.55035,77.183473,46.7,63.1,24.0,0
28.548277,77.176168,62.9,8.6,21.0,0
28.529627,77.183457,34.7,21.4,29.0,0
28.628574,77.259231,46.1,282.8,21.0,1
28.621336,77.239376,53.0,18.3,92.0,0
28.584379,77.180741,72.2,5.2,72.0,0
28.57148,77.18273,2.8,45.3,13.0,0
28.731227,77.161133,8.7,6.1,12.0,0
28.597543,77.198837,55.3,1.1,15.0,0
28.679903,77.224648,27.5,1.2,23.0,0
28.603183,77.174553,54.2,28.1,69.0,0
28.585464,77.327866,18.2,6.1,28.0,0
28.681333,77.249689,50.3,17.1,33.0,0
28.649998,77.216891,38.2,83.6,3.0,0
28.609295,77.222754,9.8,27.2,39.0,0
28.667186,77.14893,74.4,68.5,35.0,0
28.736515,77.158549,63.4,42.4,69.0,0
28.573882,77.284645,62.5,172.8,14.0,0
28.634087,77.300255,55.8,95.4,77.0,0
28.590039,77.10773,1.7,153.1,76.0,0
28.563773,77.242019,40.4,58.5,58.0,0
28.562387,77.287582,60.1,121.6,27.0,0
28.690117,77.201413,17.3,76.5,4.0,0
28.519262,77.294467,49.2,109.0,16.0,0
28.635893,77.256867,74.4,92.3,160.0,0
28.569238,77.241046,60.2,28.6,127.0,0
28.699125,77.206267,43.8,10.7,13.0,0
28.596846,77.223105,24.8,131.4,23.0,0
28.5923,77.196129,50.9,6.4,1.0,0
28.688975,77.233323,57.2,74.3,22.0,0
28.65434,77.23114,51.0,359.2,97.0,1
28.638211,77.196786,60.4,16.1,51.0,0
28.650791,77.121148,22.3,108.8,122.0,0
28.556336,77.208751,40.6,244.9,195.0,0
28.647586,77.167606,43.9,54.7,15.0,0
28.600547,77.162456,7.2,68.1,49.0,0
28.628546,77.184,14.1,36.7,84.0,0
28.634728,77.259844,24.5,46.6,58.0,0
28.554975,77.162943,3.8,79.6,18.0,0
28.640191,77.174129,18.7,164.1,227.0,0
28.601182,77.253839,41.8,243.5,67.0,0
28.548504,77.180218,43.3,62.7,1.0,0
28.603172,77.16214,20.0,122.0,44.0,0
28.611501,77.258942,75.7,106.7,11.0,0
28.640182,77.212027,37.4,22.7,77.0,0
28.491085,77.221767,51.0,49.6,4.0,0
28.629907,77.207307,2.4,92.0,25.0,0
28.584907,77.239665,31.9,11.0,23.0,0
28.650994,77.252774,43.4,172.3,133.0,0
28.610407,77.212351,25.0,41.2,124.0,0
28.593831,77.143593,13.7,48.3,104.0,0
28.601625,77.233374,16.1,163.1,82.0,0
28.62717,77.2015,37.3,15.1,185.0,0
28.655895,77.261364,5.7,2.9,13.0,0
28.565944,77.173719,18.8,27.0,103.0,0
28.593317,77.20278,57.6,13.0,67.0,0
28.683967,77.144407,17.2,339.2,73.0,1
28.592444,77.257658,9.4,66.8,33.0,0
28.628862,77.279767,6.7,66.5,63.0,0
28.54879,77.1941,79.1,126.4,16.0,0
28.524775,77.208796,6.9,23.9,45.0,0
28.55849,77.178016,34.7,59.2,212.0,0
28.576005,77.182837,40.9,12.3,69.0,0
28.662496,77.253178,77.2,7.9,68.0,0
28.667976,77.193292,71.3,46.3,16.0,0
28.514234,77.242257,19.0,195.3,110.0,0
28.583438,77.217738,6.8,46.5,154.0,0
28.645389,77.256028,35.0,48.1,7.0,0
28.605232,77.19888,8.1,160.3,36.0,0
28.685728,77.272765,69.7,27.0,66.0,0
28.644175,77.312273,56.3,53.8,129.0,0
28.597116,77.133483,75.5,14.4,46.0,0
28.601567,77.213892,45.6,149.8,33.0,0
28.607661,77.213861,29.2,3.0,2.0,0
28.568202,77.182714,40.1,42.6,48.0,0
28.657461,77.238875,12.9,25.9,24.0,0
28.647621,77.27453,37.0,23.8,299.0,0
28.633214,77.119799,79.9,22.4,55.0,0
28.622629,77.116016,55.2,36.9,14.0,0
28.55959,77.301371,5.0,185.4,294.0,0
28.63571,77.20652,58.1,98.7,54.0,0
28.616955,77.222973,8.1,176.2,88.0,0
28.710613,77.165076,31.3,17.5,208.0,0
28.545835,77.220717,62.9,151.3,83.0,0
28.574335,77.286944,10.2,44.9,172.0,0
28.531168,77.243321,23.4,317.3,27.0,1
28.599599,77.228137,15.6,72.0,3.0,0
28.523455,77.13,69.6,53.5,199.0,0
28.669775,77.255635,11.8,207.4,48.0,0
28.665112,77.218979,42.9,38.4,89.0,0
28.602518,77.1881,22.0,110.5,48.0,0
28.559814,77.250625,40.6,51.3,86.0,0
28.534295,77.176107,13.4,105.8,4.0,0
28.575307,77.246539,60.6,25.8,4.0,0
28.641769,77.279344,51.4,41.8,151.0,0
28.571147,77.226211,3.5,33.9,34.0,0
28.705929,77.1973,75.8,162.5,21.0,0
28.685035,77.189892,71.4,211.1,148.0,0
28.610541,77.237634,23.8,106.4,405.0,0
28.587407,77.196899,23.4,137.9,57.0,0
28.58204,77.336824,39.9,34.9,49.0,0
28.690419,77.147744,49.5,13.1,150.0,0
28.577665,77.212012,23.3,92.8,12.0,0
28.657218,77.232129,63.6,81.1,60.0,0
28.61159,77.226176,6.3,24.5,98.0,0
28.646178,77.190462,31.8,194.8,81.0,0
28.56948,77.280113,44.5,35.4,83.0,0
28.593854,77.251843,64.0,135.1,98.0,0
28.609291,77.255489,69.7,11.1,14.0,0
28.578932,77.185104,19.6,27.0,49.0,0
28.672961,77.198363,19.3,76.2,7.0,0
28.572285,77.242912,29.5,22.2,6.0,0
28.581648,77.163475,34.2,250.8,102.0,1
28.678435,77.251778,67.9,64.2,100.0,0
28.668746,77.213452,0.6,105.2,12.0,0
28.689899,77.27173,54.8,66.0,50.0,0
28.515086,77.197119,17.6,41.8,2.0,0
28.620536,77.309209,70.6,138.1,28.0,0
28.615014,77.239025,25.4,1.8,10.0,0
28.582413,77.244522,43.0,44.5,28.0,0
28.626723,77.183871,26.3,170.4,52.0,0
28.594428,77.231167,34.0,7.1,98.0,0
28.6186,77.191038,41.8,18.6,43.0,0
28.780594,77.141482,59.8,258.8,161.0,1
28.626357,77.208717,9.7,255.5,6.0,1
28.628457,77.276641,28.2,38.8,46.0,0
28.651561,77.215294,51.2,111.6,143.0,0
28.619532,77.203793,47.1,78.6,16.0,0
28.555598,77.203129,62.5,54.3,88.0,0
28.528164,77.330579,71.1,134.5,18.0,0
28.609035,77.248921,7.5,84.2,228.0,0
28.597044,77.139,57.1,7.6,85.0,0
28.51232,77.191343,22.7,146.4,64.0,0
28.69197,77.198459,38.5,25.7,124.0,0
28.61585,77.18244,50.2,80.2,53.0,0
28.682472,77.221718,12.0,119.5,21.0,0
28.498907,77.189805,27.7,182.3,23.0,0
28.683424,77.192862,78.1,207.5,53.0,0
28.58624,77.226176,10.9,208.1,45.0,0
28.673458,77.141464,6.7,85.6,143.0,0
28.621243,77.110946,66.9,78.3,47.0,0
28.633163,77.280641,34.5,1.2,43.0,0
28.633226,77.260361,54.0,7.1,36.0,0
28.589243,77.236945,24.5,39.9,8.0,0
28.578174,77.233733,15.9,125.9,8.0,0
28.592442,77.209037,17.0,71.7,66.0,0
28.536905,77.369298,15.6,21.5,37.0,0
28.586464,77.228148,19.8,10.5,47.0,0
28.57566,77.348905,17.7,50.5,157.0,0
28.535705,77.32164,65.1,195.3,92.0,0
28.633433,77.241583,42.7,4.4,29.0,0
28.610886,77.208001,23.7,49.7,90.0,0
28.622802,77.219301,27.6,4.9,218.0,0
28.645373,77.198459,76.6,23.0,11.0,0
28.598607,77.24155,14.7,246.0,136.0,0
28.563564,77.25219,70.9,8.8,26.0,0
28.625697,77.157291,58.9,4.2,80.0,0
28.46439,77.349223,49.1,7.3,68.0,0
28.605095,77.179451,49.9,94.1,74.0,0
28.648758,77.084184,33.8,1.0,133.0,0
28.662846,77.21441,35.1,40.0,60.0,0
28.584028,77.161078,63.7,245.2,13.0,0
28.498431,77.215829,64.9,5.7,66.0,0
28.478837,77.222046,45.7,215.1,25.0,0
28.642403,77.240764,61.5,10.0,185.0,0
28.592801,77.268793,64.8,10.9,23.0,0
28.711365,77.168126,26.6,74.3,17.0,0
28.539945,77.200333,49.9,22.4,1.0,0
28.627617,77.252427,34.9,0.2,119.0,0
28.693618,77.185629,7.8,110.7,149.0,0
28.620823,77.12463,51.9,37.1,4.0,0
28.530903,77.24947,47.0,191.0,32.0,0
28.749131,77.190237,8.2,26.1,33.0,0
28.689529,77.186909,5.7,88.5,97.0,0
28.599138,77.224503,20.0,31.6,25.0,0
28.651448,77.218707,66.7,12.8,25.0,0
28.651983,77.268361,5.1,294.6,24.0,1
28.642589,77.156047,36.8,71.0,34.0,0
28.541413,77.331608,14.3,146.5,62.0,0
28.626708,77.147793,20.3,23.0,208.0,0
28.683536,77.199113,61.6,40.0,45.0,0
28.635726,77.175074,68.0,51.8,30.0,0
28.630358,77.221277,46.4,79.5,1.0,0
28.583659,77.219439,69.1,40.2,10.0,0
28.565301,77.226818,68.5,22.7,177.0,0
28.531874,77.231567,17.7,16.8,18.0,0
28.648373,77.28382,51.6,73.2,14.0,0
28.599456,77.226332,62.3,22.8,11.0,0
28.543431,77.287918,44.9,40.4,53.0,0
28.65932,77.13098,64.5,2.8,30.0,0
28.581154,77.109283,50.3,23.7,53.0,0
28.567607,77.224852,22.8,52.8,219.0,0
28.585688,77.23485,54.8,127.2,5.0,0
28.600846,77.191807,47.0,37.4,9.0,0
28.633401,77.217993,50.0,28.0,51.0,0
28.566734,77.272266,7.6,58.1,11.0,0
28.661019,77.252017,10.1,4.1,65.0,0
28.634711,77.202002,65.2,34.9,101.0,0
28.584767,77.228393,34.5,11.6,78.0,0
28.602511,77.256444,17.2,23.4,23.0,0
28.589368,77.157023,7.4,39.6,109.0,0
28.613793,77.178251,21.0,4.8,43.0,0
28.686494,77.264668,23.6,127.7,92.0,0
28.588853,77.132017,78.6,25.7,196.0,0
28.619973,77.163983,66.8,21.2,38.0,0
28.575571,77.157832,6.3,33.7,38.0,0
28.637098,77.264392,59.9,36.7,17.0,0
28.62432,77.164258,45.1,134.0,8.0,0
28.676981,77.258095,18.3,26.8,80.0,0
28.56904,77.200834,59.7,49.4,83.0,0
28.645029,77.307435,2.4,55.2,41.0,0
28.673704,77.224916,58.5,29.2,85.0,0
28.588619,77.271847,71.6,122.3,17.0,0
28.604152,77.241518,70.6,78.3,0.0,0
28.620037,77.195958,61.8,102.1,2.0,0
28.598671,77.217873,74.8,4.5,49.0,0
28.619366,77.218919,56.6,137.0,3.0,0
28.644172,77.195408,54.9,22.0,106.0,0
28.604801,77.262895,2.1,7.7,75.0,0
28.60441,77.34403,13.9,86.6,125.0,0
28.623833,77.224293,62.5,19.7,70.0,0
28.590542,77.254331,79.8,41.7,4.0,0
28.593014,77.24494,57.6,98.5,23.0,0
28.565557,77.087997,46.4,8.7,26.0,0
28.608393,77.243078,14.7,10.9,52.0,0
28.632887,77.240576,75.8,87.5,197.0,0
28.597043,77.156071,52.0,47.8,88.0,0
28.571824,77.129075,39.1,20.0,17.0,0
28.605689,77.239857,68.9,58.0,6.0,0
28.630354,77.300764,76.3,77.1,136.0,0
28.616898,77.200033,29.7,41.5,52.0,0
28.721977,77.201917,41.3,15.2,9.0,0
28.577679,77.333915,9.2,83.4,109.0,0
28.602984,77.263299,76.8,10.3,60.0,0
28.649465,77.157787,9.7,84.8,132.0,0
28.575766,77.18285,74.3,25.3,86.0,0
28.706911,77.327464,15.3,0.1,44.0,0
28.610731,77.185348,72.7,50.2,50.0,0
28.638557,77.191838,36.2,29.7,44.0,0
28.611451,77.252032,47.4,20.8,3.0,0
28.661432,77.205324,2.8,55.2,164.0,0
28.557358,77.240671,31.6,32.8,264.0,0
28.689092,77.232894,39.5,28.0,22.0,0
28.622086,77.211243,0.8,115.0,103.0,0
28.643423,77.278967,52.9,6.9,361.0,0
28.573581,77.154736,67.1,40.6,1.0,0
28.627362,77.224375,2.0,22.7,23.0,0
28.562101,77.189488,39.4,26.9,51.0,0
28.669282,77.300599,2.7,46.7,30.0,0
28.54601,77.209777,69.9,204.8,206.0,0
28.618209,77.31463,12.9,86.1,13.0,0
28.591079,77.197412,4.7,17.2,30.0,0
28.532369,77.223957,68.6,68.0,79.0,0
28.563732,77.272905,35.6,13.4,96.0,0
28.63298,77.170722,7.6,173.2,6.0,0
28.565672,77.293955,51.8,44.1,15.0,0
28.577041,77.219806,56.4,239.1,9.0,0
28.629167,77.239078,45.5,86.9,42.0,0
28.656242,77.245801,26.6,143.4,46.0,0
28.643539,77.214697,34.0,15.8,80.0,0
28.608171,77.17801,76.4,154.4,124.0,0
28.621382,77.223212,42.7,16.8,9.0,0
28.616437,77.117935,31.8,298.9,45.0,1
28.558682,77.152966,56.7,26.3,39.0,0
28.624472,77.211495,6.1,92.2,136.0,0
28.558237,77.295868,23.2,63.3,45.0,0
28.641214,77.294354,18.1,52.1,16.0,0
28.617257,77.267473,54.4,44.8,156.0,0
28.50229,77.141547,48.3,38.7,160.0,0
28.659456,77.233538,60.8,28.9,8.0,0
28.584398,77.17547,34.1,72.7,115.0,0
28.58026,77.215139,13.9,331.9,109.0,1
28.658295,77.266225,14.6,89.2,53.0,0
28.602337,77.251394,71.4,113.2,38.0,0
28.640371,77.282659,6.0,85.0,12.0,0
28.577832,77.148039,47.5,58.0,14.0,0
28.650683,77.167359,18.5,135.9,18.0,0
28.62036,77.293822,17.1,31.2,5.0,0
28.630746,77.294589,7.9,25.5,75.0,0
28.601574,77.217691,78.3,38.7,3.0,0
28.691988,77.217332,4.9,69.2,6.0,0
28.704022,77.277141,11.8,0.0,11.0,0
28.500314,77.245107,29.2,144.2,70.0,0
28.656818,77.248817,36.5,28.9,7.0,0
28.556513,77.172259,76.1,73.5,12.0,0
28.635984,77.275968,19.3,4.3,166.0,0
28.521616,77.208517,57.7,45.2,20.0,0
28.630662,77.148882,52.5,5.6,71.0,0
28.568688,77.179433,41.4,0.9,162.0,0
28.587559,77.188646,21.3,124.2,3.0,0
28.588895,77.292401,12.5,41.5,38.0,0
28.573772,77.183668,14.1,134.9,46.0,0
28.57513,77.237734,27.7,32.9,86.0,0
28.590599,77.112987,11.0,83.5,200.0,0
28.602803,77.26534,79.9,7.9,3.0,0
28.626657,77.178921,35.7,16.9,29.0,0
28.703535,77.238041,43.1,51.0,34.0,0
28.563156,77.238022,49.3,46.5,204.0,0
28.616835,77.250149,15.7,17.3,86.0,0
28.649133,77.235115,38.5,163.7,164.0,0
28.575055,77.314226,5.0,26.8,9.0,0
28.497637,77.228937,77.5,44.6,2.0,0
28.515036,77.330926,37.8,32.9,212.0,0
28.499476,77.250387,2.4,431.7,24.0,1
28.687506,77.232236,47.9,34.1,64.0,0
28.641208,77.263076,8.0,24.6,10.0,0
28.648299,77.228336,63.2,189.8,48.0,0
28.65957,77.240958,76.3,13.7,170.0,0
28.581726,77.235865,73.3,200.3,73.0,0
28.725652,77.230876,34.2,67.2,36.0,0
28.627273,77.324426,57.0,20.2,153.0,0
28.606861,77.332119,12.5,23.2,8.0,0
28.666,77.234852,6.1,99.3,38.0,0
28.643865,77.281473,65.7,3.2,51.0,0
28.677252,77.278547,55.6,100.5,1.0,0
28.680192,77.273138,72.6,29.7,1.0,0
28.592838,77.245753,73.2,132.1,58.0,0
28.619851,77.25167,27.8,10.7,64.0,0
28.56504,77.247061,25.5,22.9,240.0,0
28.529086,77.182572,35.4,46.2,22.0,0
28.65234,77.215234,53.3,169.1,25.0,0
28.658352,77.15866,0.4,26.7,54.0,0
28.511388,77.247322,42.8,148.5,81.0,0
28.57464,77.240059,1.6,8.6,44.0,0
28.613304,77.253466,36.1,15.3,58.0,0
28.618069,77.179761,6.6,13.8,14.0,0
28.71275,77.266724,45.0,75.9,76.0,0
28.579153,77.242066,25.1,39.4,31.0,0
28.601935,77.330148,38.3,159.3,52.0,0
28.642993,77.258802,76.6,53.2,65.0,0
28.59299,77.188611,27.3,145.6,0.0,0
28.585251,77.150987,57.5,22.0,52.0,0
28.581147,77.229408,54.7,214.2,171.0,0
28.622149,77.167039,69.5,80.6,6.0,0
28.601715,77.181774,26.8,56.4,7.0,0
28.644624,77.170202,4.5,75.1,13.0,0
28.628373,77.189444,77.7,199.2,6.0,0
28.464731,77.29131,29.0,33.6,115.0,0
28.522924,77.170133,15.5,22.6,128.0,0
28.585462,77.197266,73.1,22.5,39.0,0
28.6595,77.146972,15.2,288.2,94.0,1
28.577916,77.13318,42.3,32.9,22.0,0
28.62923,77.204529,60.4,172.3,42.0,0
28.640425,77.228874,58.5,11.8,46.0,0
28.637513,77.160982,2.4,45.1,22.0,0
28.583129,77.142528,16.2,77.2,53.0,0
28.553096,77.124933,71.1,264.9,111.0,1
28.544889,77.225772,44.3,90.5,174.0,0
28.759047,77.265247,55.0,0.2,22.0,0
28.633271,77.147085,32.2,114.2,155.0,0
28.702529,77.186112,59.6,83.9,59.0,0
28.568844,77.272614,23.1,16.4,55.0,0
28.672916,77.207823,18.6,77.5,8.0,0
28.586659,77.213481,79.8,207.9,74.0,0
28.609053,77.237515,12.6,0.4,22.0,0
28.596182,77.196342,78.5,293.2,33.0,1
28.566528,77.179615,74.1,28.1,9.0,0
28.567288,77.233867,57.2,74.8,16.0,0
28.608545,77.149437,46.6,26.0,58.0,0
28.581146,77.137889,0.4,105.0,57.0,0
28.616836,77.183898,50.8,58.0,37.0,0
28.568609,77.254103,61.8,24.4,60.0,0
28.645873,77.276623,58.6,56.0,121.0,0
28.587502,77.194755,13.8,34.7,2.0,0
28.692347,77.260015,43.6,23.0,14.0,0
28.607969,77.287585,44.0,71.9,21.0,0
28.605391,77.220388,52.2,81.3,52.0,0
28.690677,77.250321,66.5,12.1,66.0,0
28.585736,77.311828,55.9,211.8,48.0,0
28.590155,77.183261,11.3,0.5,72.0,0
28.575451,77.206419,1.5,25.9,35.0,0
28.620722,77.298526,10.9,33.6,96.0,0
28.573741,77.171489,3.2,5.5,5.0,0
28.649333,77.226276,34.9,7.5,58.0,0
28.608171,77.187086,22.7,150.4,3.0,0
28.652445,77.286685,0.6,35.9,16.0,0
28.646809,77.15926,6.4,36.4,4.0,0
28.584876,77.215143,31.8,93.3,54.0,0
28.573651,77.166152,75.2,103.1,14.0,0
28.594082,77.145172,79.6,98.3,6.0,0
28.610943,77.123595,4.0,50.6,89.0,0
28.627201,77.210267,66.4,98.1,0.0,0
28.632757,77.242683,38.4,206.1,48.0,0
28.608904,77.219416,49.7,11.6,151.0,0
28.576441,77.23023,40.5,68.4,93.0,0
28.581169,77.19678,74.0,168.8,56.0,0
28.636418,77.267719,38.3,269.8,7.0,1
28.577991,77.25489,13.4,7.4,94.0,0
28.638512,77.224776,62.4,239.4,25.0,0
28.640148,77.228772,41.1,103.7,10.0,0
28.687196,77.195211,9.4,103.2,268.0,0
28.586457,77.315771,36.9,12.8,6.0,0
28.594242,77.25891,55.0,68.6,76.0,0
28.494865,77.21336,23.7,35.5,26.0,0
28.563346,77.209869,73.0,70.5,110.0,0
28.562694,77.199015,68.0,107.0,48.0,0
28.635784,77.203566,45.4,16.2,133.0,0
28.700869,77.23082,4.3,13.3,48.0,0
28.639538,77.133166,46.7,35.3,23.0,0
28.66004,77.206045,33.2,82.2,194.0,0
28.574933,77.211945,57.9,89.6,37.0,0
28.550601,77.218084,21.4,75.1,114.0,0
28.598399,77.227231,48.5,151.5,110.0,0
28.579312,77.220094,44.4,106.2,50.0,0
28.567445,77.238755,42.1,56.2,42.0,0
28.621413,77.211752,9.3,52.7,21.0,0
28.551204,77.2679,39.2,127.8,49.0,0
28.651824,77.251392,44.0,172.3,51.0,0
28.590528,77.330797,74.2,151.3,16.0,0
28.608238,77.253587,36.9,54.9,98.0,0
28.615489,77.181242,51.2,69.2,25.0,0
28.587164,77.210661,45.5,123.5,84.0,0
28.673777,77.193135,15.6,69.3,265.0,0
28.530211,77.218898,14.8,20.4,324.0,0
28.674667,77.273393,59.2,174.3,119.0,0
28.593147,77.202307,41.8,54.4,117.0,0
28.656537,77.190074,71.7,321.7,98.0,1
28.620562,77.244314,72.7,64.5,72.0,0
28.653025,77.177737,23.8,39.1,12.0,0
28.604579,77.174784,8.1,19.2,7.0,0
28.622422,77.237599,27.5,33.8,51.0,0
28.665395,77.128922,5.4,19.9,68.0,0
28.615292,77.194364,62.5,203.7,31.0,0
28.677004,77.261292,11.7,73.4,178.0,0
28.62811,77.12682,69.3,137.3,17.0,0
28.573864,77.130457,33.2,18.7,17.0,0
28.592759,77.146801,22.3,5.1,122.0,0
28.654905,77.081941,40.1,43.4,43.0,0
28.548511,77.313333,48.4,220.2,2.0,0
28.650144,77.224524,56.1,9.6,13.0,0
28.592212,77.184977,27.1,124.3,50.0,0
28.546014,77.153992,78.6,4.9,24.0,0
28.620863,77.328561,33.8,14.4,40.0,0
28.57549,77.251251,66.8,104.7,95.0,0
28.581919,77.212081,2.8,19.0,41.0,0
28.579213,77.279476,62.2,1.8,38.0,0
28.616245,77.237938,44.1,19.8,12.0,0
28.591002,77.193401,51.2,105.6,9.0,0
28.630047,77.188179,29.8,60.8,34.0,0
28.661121,77.18898,43.6,63.4,14.0,0
28.637584,77.167699,74.6,42.3,31.0,0
28.700765,77.274079,30.9,12.6,50.0,0
28.713067,77.192601,8.5,19.4,7.0,0
28.595987,77.286159,57.6,16.4,13.0,0
28.552869,77.177066,40.4,98.3,117.0,0
28.596043,77.188549,34.0,150.2,60.0,0
28.616418,77.195879,62.2,21.7,82.0,0
28.721789,77.173546,45.0,15.1,40.0,0
28.59176,77.189179,50.5,23.2,70.0,0
28.624397,77.246029,74.1,223.5,34.0,0
28.576442,77.2786,4.7,19.2,8.0,0
28.593166,77.233453,21.0,93.7,34.0,0
28.549781,77.158966,71.9,9.9,59.0,0
28.537363,77.188525,63.4,86.4,17.0,0
28.678547,77.189569,15.1,22.4,73.0,0
28.66381,77.303525,13.5,145.2,9.0,0
28.59202,77.267778,66.0,1.9,16.0,0
28.663669,77.279211,44.2,55.5,78.0,0
28.545155,77.183052,68.8,87.1,16.0,0
28.601832,77.154827,73.4,108.9,59.0,0
28.619213,77.247169,5.6,184.5,73.0,0
28.673803,77.195489,77.6,78.6,14.0,0
28.620377,77.233079,57.3,11.0,42.0,0
28.637738,77.239123,66.8,102.8,171.0,0
28.587002,77.198744,50.4,60.1,54.0,0
28.623698,77.268706,24.4,8.4,2.0,0
28.673718,77.14548,48.0,12.1,13.0,0
28.529675,77.22397,41.3,141.0,103.0,0
28.667304,77.252425,74.6,66.7,39.0,0
28.600001,77.303613,44.4,13.7,4.0,0
28.540202,77.225241,2.2,124.3,27.0,0
28.597143,77.281371,54.9,70.6,75.0,0
28.675004,77.278088,4.0,14.7,82.0,0
28.586383,77.33534,75.5,47.8,53.0,0
28.625467,77.234687,38.9,211.5,84.0,0
28.529841,77.321104,77.4,111.4,33.0,0
28.519217,77.259003,2.1,39.1,39.0,0
28.556663,77.141793,42.6,0.4,34.0,0
28.66114,77.219937,18.1,20.5,21.0,0
28.607958,77.172672,51.3,16.0,63.0,0
28.665485,77.295013,39.9,37.9,65.0,0
28.668406,77.226929,45.3,171.3,120.0,0
28.572592,77.152522,28.8,15.9,23.0,0
28.68885,77.262639,4.1,4.1,62.0,0
28.583281,77.284577,8.5,11.3,25.0,0
28.660518,77.198341,68.7,47.3,141.0,0
28.658475,77.196148,56.2,5.6,24.0,0
28.613752,77.228583,61.6,65.0,93.0,0
28.613833,77.127966,9.8,25.6,107.0,0
28.626523,77.253986,3.9,37.6,27.0,0
28.616272,77.303066,1.4,13.6,14.0,0
28.590993,77.185965,41.7,109.5,5.0,0
28.586705,77.310653,40.1,38.4,145.0,0
28.591393,77.268241,8.9,9.8,64.0,0
28.671411,77.214649,27.7,35.9,103.0,0
28.531083,77.250242,42.4,328.5,58.0,1
28.585658,77.298384,54.1,100.1,10.0,0
28.594203,77.225591,64.8,162.8,22.0,0
28.599095,77.238129,51.3,178.0,25.0,0
28.625339,77.191726,2.4,63.7,34.0,0
28.543088,77.212506,46.9,65.1,3.0,0
28.661766,77.25354,7.0,189.7,67.0,0
28.654848,77.209482,45.2,165.3,19.0,0
28.644217,77.193328,30.1,100.8,39.0,0
28.600122,77.276049,22.9,138.1,4.0,0
28.573582,77.242625,38.5,108.2,72.0,0
28.59424,77.194494,30.5,29.4,48.0,0
28.613543,77.30614,66.4,10.3,141.0,0
28.643809,77.324181,18.1,101.0,13.0,0
28.606434,77.26923,10.9,188.8,190.0,0
28.628523,77.158767,67.0,307.3,142.0,1
28.588805,77.238852,19.5,4.0,21.0,0
28.624816,77.247931,2.6,81.0,137.0,0
28.59804,77.139252,31.0,76.9,21.0,0
28.623898,77.278103,65.5,36.9,25.0,0
28.522153,77.228958,34.5,64.3,144.0,0
28.634855,77.274629,37.6,48.7,93.0,0
28.6375,77.203223,3.8,206.8,35.0,0
28.636948,77.242711,56.9,28.4,7.0,0
28.561128,77.245095,27.5,15.8,37.0,0
28.574993,77.227929,58.3,89.5,112.0,0
28.567071,77.243069,32.9,26.9,54.0,0
28.626999,77.211645,42.2,4.6,3.0,0
28.643411,77.159348,47.2,129.4,32.0,0
28.575672,77.116416,15.8,31.4,72.0,0
28.676281,77.187633,23.5,391.4,128.0,1
28.675619,77.258041,46.8,29.9,226.0,0
28.617398,77.166558,65.8,64.9,109.0,0
28.629044,77.27154,76.9,14.1,123.0,0
28.526522,77.288059,41.9,60.9,15.0,0
28.584048,77.242136,5.9,24.6,118.0,0
28.547882,77.210202,76.5,91.7,157.0,0
28.565001,77.269735,33.7,2.3,60.0,0
28.636226,77.276351,8.2,96.1,40.0,0
28.648303,77.207245,77.8,58.3,100.0,0
28.650393,77.222741,22.4,38.2,58.0,0
28.622585,77.177825,52.5,5.3,105.0,0
28.636669,77.23281,11.5,5.2,36.0,0
28.531043,77.115152,57.6,125.7,12.0,0
28.546023,77.203873,78.1,108.0,150.0,0
28.600039,77.175839,78.8,50.1,207.0,0
28.640374,77.214096,10.1,0.6,216.0,0
28.588137,77.17874,61.5,134.2,187.0,0
28.542461,77.122846,53.1,87.6,41.0,0
28.575912,77.185805,64.1,6.4,59.0,0
28.563826,77.194716,26.7,25.9,128.0,0
28.524276,77.271761,32.1,5.6,1.0,0
28.72172,77.186446,27.3,163.1,11.0,0
28.672144,77.176124,61.3,56.1,11.0,0
28.511717,77.158905,64.7,37.5,15.0,0
28.514397,77.275627,19.9,79.9,31.0,0
28.570201,77.207349,45.8,109.6,37.0,0
28.536033,77.232116,10.1,84.7,30.0,0
28.729631,77.141311,1.1,141.2,127.0,0
28.570384,77.130758,48.8,72.2,18.0,0
28.628577,77.173406,67.2,0.2,81.0,0
28.58521,77.299661,72.5,11.7,221.0,0
28.552141,77.16393,49.6,161.5,64.0,0
28.662867,77.187194,64.7,10.9,3.0,0
28.643242,77.219146,32.3,77.3,7.0,0
28.607522,77.187242,70.0,18.5,109.0,0
28.729597,77.242423,62.0,258.4,27.0,1
28.622253,77.176946,24.7,20.4,31.0,0
28.587677,77.163449,47.8,35.9,130.0,0
28.706264,77.354391,4.1,118.9,73.0,0
28.630694,77.171662,11.7,85.9,75.0,0
28.691896,77.258258,75.7,31.0,67.0,0
28.608546,77.171388,0.8,95.8,60.0,0
28.459778,77.141453,16.3,312.7,84.0,1
28.532562,77.213987,11.1,12.5,72.0,0
28.664636,77.151455,55.9,22.0,6.0,0
28.581047,77.198843,8.5,47.7,15.0,0
28.623166,77.178708,1.6,30.1,7.0,0
28.667192,77.281093,74.4,30.5,99.0,0
28.619474,77.141403,69.8,44.8,54.0,0
28.56753,77.252294,28.7,124.7,201.0,0
28.609946,77.232755,8.0,35.3,76.0,0
28.615847,77.207046,54.3,23.7,41.0,0
28.590092,77.180592,70.6,64.0,162.0,0
28.541251,77.227114,78.0,164.3,202.0,0
28.592726,77.229764,10.4,96.2,59.0,0
28.605859,77.238187,48.0,33.3,59.0,0
28.538341,77.205043,34.4,286.5,52.0,1
28.564595,77.161249,12.5,93.9,5.0,0
28.574657,77.262423,64.6,11.9,87.0,0
28.517482,77.218328,62.6,94.9,125.0,0
28.616912,77.187856,77.2,189.0,49.0,0
28.622348,77.16842,6.8,51.2,13.0,0
28.583284,77.264623,19.1,104.6,100.0,0
28.542069,77.287718,66.2,13.1,135.0,0
28.630849,77.247267,31.6,9.4,98.0,0
28.637804,77.250622,38.1,79.1,14.0,0
28.615429,77.277119,48.9,40.9,15.0,0
28.612578,77.200407,32.7,49.2,37.0,0
28.640197,77.325205,2.8,29.4,10.0,0
28.605727,77.165522,48.3,48.6,70.0,0
28.564612,77.206332,18.3,8.3,74.0,0
28.606986,77.179922,77.5,9.1,258.0,0
28.590897,77.221679,55.2,47.0,29.0,0
28.606984,77.305046,67.3,48.3,78.0,0
28.654713,77.20658,76.4,164.1,41.0,0
28.550396,77.239579,5.1,32.1,11.0,0
28.619374,77.073093,11.9,90.4,146.0,0
28.547871,77.239885,64.6,28.9,4.0,0
28.564591,77.268424,70.8,29.4,3.0,0
28.689192,77.224647,0.4,98.7,18.0,0
28.633365,77.165185,75.6,66.0,465.0,0
28.618547,77.158477,36.4,37.3,1.0,0
28.527576,77.190773,37.0,52.8,33.0,0
28.598713,77.158058,70.3,148.9,44.0,0
28.50686,77.2973,23.2,109.6,23.0,0
28.612363,77.241875,46.7,218.2,73.0,0
28.548152,77.290734,26.7,167.6,28.0,0
28.638392,77.204045,9.1,88.6,65.0,0
28.618565,77.180274,28.7,16.9,25.0,0
28.549695,77.183354,13.8,35.9,10.0,0
28.62958,77.19539,41.7,64.7,50.0,0
28.715169,77.193783,42.4,2.8,48.0,0
28.600364,77.27959,35.0,91.5,18.0,0
28.654515,77.264182,13.9,313.1,27.0,1
28.505351,77.232044,9.5,140.6,34.0,0
28.633885,77.135513,8.4,93.1,50.0,0
28.582036,77.233253,9.0,90.6,62.0,0
28.597049,77.20296,23.6,181.9,8.0,0
28.640256,77.288812,0.1,29.7,9.0,0
28.598326,77.263272,5.0,47.3,27.0,0
28.529628,77.225608,37.6,86.4,32.0,0
28.686861,77.113615,14.6,68.0,24.0,0
28.53799,77.211695,21.1,148.7,62.0,0
28.568523,77.185835,28.3,36.5,199.0,0
28.616906,77.238767,3.2,43.1,56.0,0
28.617372,77.161394,17.6,22.9,11.0,0
28.631899,77.231617,62.1,81.4,24.0,0
28.617163,77.107592,27.3,39.6,47.0,0
28.667921,77.149219,14.9,63.6,23.0,0
28.635015,77.174507,15.8,5.0,37.0,0
28.551215,77.191191,78.8,97.5,52.0,0
28.480596,77.237946,11.9,60.8,73.0,0
28.618054,77.135747,72.4,108.5,16.0,0
28.683807,77.186441,6.4,23.0,38.0,0
28.547881,77.187713,70.0,154.7,31.0,0
28.558003,77.2529,40.6,163.7,6.0,0
28.628243,77.208914,48.7,46.0,55.0,0
28.63465,77.170131,19.7,8.0,91.0,0
28.666614,77.164559,71.9,56.6,114.0,0
28.692556,77.190861,47.0,83.3,5.0,0
28.622304,77.136079,54.1,73.2,50.0,0
28.564165,77.299794,44.5,182.4,262.0,0
28.565694,77.218282,10.0,200.3,84.0,0
28.583319,77.172823,66.9,77.9,53.0,0
28.66206,77.165777,14.7,82.2,2.0,0
28.585496,77.158134,23.4,11.1,4.0,0
28.658579,77.237059,53.6,40.0,3.0,0
28.534258,77.135831,7.5,32.1,95.0,0
28.624858,77.2096,74.7,34.0,47.0,0
28.572945,77.247181,9.9,104.0,22.0,0
28.636605,77.189202,53.4,53.6,125.0,0
28.597686,77.167906,50.8,55.9,100.0,0
28.650377,77.260385,55.8,22.8,90.0,0
28.588754,77.161903,34.7,14.6,89.0,0
28.609201,77.204616,30.6,42.1,13.0,0
28.650904,77.224261,78.2,4.8,125.0,0
28.605405,77.188294,65.4,13.9,13.0,0
28.613416,77.158581,38.8,136.5,119.0,0
28.648524,77.190575,14.6,46.0,133.0,0
28.606662,77.235516,71.2,299.6,75.0,1
28.531259,77.182072,51.9,0.3,74.0,0
28.581948,77.241248,10.9,202.6,18.0,0
28.514327,77.205739,14.6,84.5,23.0,0
28.598003,77.188247,43.3,78.1,51.0,0
28.634066,77.182229,40.3,146.8,51.0,0
28.61673,77.230103,32.7,78.8,25.0,0
28.680233,77.274847,34.1,2.8,136.0,0
28.674633,77.224592,13.8,188.6,8.0,0
28.623337,77.170262,20.4,165.2,30.0,0
28.490891,77.273159,39.4,58.7,18.0,0
28.644067,77.174238,5.1,10.8,159.0,0
28.571915,77.304946,28.2,137.8,9.0,0
28.654561,77.210457,16.8,60.4,38.0,0
28.626133,77.174579,14.0,31.6,3.0,0
28.643304,77.246438,11.7,400.6,90.0,1
28.635583,77.202928,11.2,14.4,65.0,0
28.730009,77.240643,12.8,14.4,111.0,0
28.636559,77.2231,29.9,73.2,21.0,0
28.546493,77.149541,8.1,24.8,48.0,0
28.664066,77.214996,71.8,42.5,191.0,0
28.588978,77.24357,39.8,22.0,17.0,0
28.67776,77.224126,40.4,122.1,140.0,0
28.687644,77.281292,16.9,25.7,177.0,0
28.641592,77.234094,69.4,147.7,28.0,0
28.546618,77.206405,66.3,106.5,24.0,0
28.587484,77.229013,2.7,28.3,20.0,0
28.677538,77.193878,58.6,128.4,111.0,0
28.71045,77.236525,14.7,30.7,69.0,0
28.613596,77.236456,44.4,41.8,14.0,0
28.59676,77.156562,69.6,6.5,116.0,0
28.551494,77.25713,74.7,67.3,13.0,0
28.552148,77.330173,14.8,135.6,40.0,0
28.622139,77.2458,75.2,78.0,7.0,0
28.645537,77.116998,5.6,64.2,63.0,0
28.536132,77.197161,72.7,182.6,65.0,0
28.651967,77.15453,61.8,46.6,27.0,0
28.679114,77.20391,73.1,437.2,7.0,1
28.64203,77.252797,29.3,49.4,47.0,0
28.693143,77.182586,75.3,82.5,152.0,0
28.628273,77.312735,65.5,3.8,94.0,0
28.628768,77.074464,26.3,95.9,51.0,0
28.627813,77.206095,27.1,30.8,5.0,0
28.678471,77.237463,28.6,10.9,64.0,0
28.637382,77.157528,47.1,12.8,25.0,0
28.584012,77.164108,14.6,56.8,80.0,0
28.631672,77.256314,34.7,71.2,2.0,0
28.632172,77.31492,5.4,97.2,39.0,0
28.599883,77.320802,28.7,47.3,26.0,0
28.661629,77.201171,53.3,160.1,1.0,0
28.615074,77.286067,47.2,5.7,38.0,0
28.645764,77.215061,25.3,10.4,10.0,0
28.635988,77.264335,20.6,20.7,1.0,0
28.574211,77.207968,26.2,8.6,57.0,0
28.561522,77.161766,5.6,112.8,260.0,0
28.574737,77.298591,20.6,36.1,68.0,0
28.606442,77.311626,56.6,74.2,128.0,0
28.690076,77.19746,14.3,115.8,8.0,0
28.608129,77.265331,11.1,63.4,21.0,0
28.629188,77.21125,67.7,61.0,88.0,0
28.654151,77.327545,18.9,47.9,12.0,0
28.592557,77.143855,20.1,95.1,54.0,0
28.589766,77.209586,37.0,60.3,38.0,0
28.663079,77.146137,37.8,41.3,55.0,0
28.638909,77.139166,14.9,76.9,203.0,0
28.582301,77.212705,44.5,260.6,87.0,1
28.589883,77.195979,55.7,132.1,271.0,0
28.614766,77.167934,38.8,47.4,8.0,0
28.626981,77.26036,71.6,74.8,37.0,0
28.672699,77.283437,79.3,39.7,17.0,0
28.6371,77.244143,42.3,58.8,66.0,0
28.561325,77.124662,77.8,105.8,1.0,0
28.571186,77.235475,51.7,145.6,134.0,0
28.625986,77.234986,42.3,5.1,55.0,0
28.617639,77.176388,69.6,14.4,67.0,0
28.568301,77.235793,77.3,69.5,95.0,0
28.663145,77.193152,79.9,97.3,82.0,0
28.498103,77.177483,60.7,86.5,70.0,0
28.627281,77.159364,38.8,23.0,177.0,0
28.533152,77.260217,23.7,85.0,16.0,0
28.654535,77.283171,44.6,49.6,6.0,0
28.59725,77.211434,62.2,22.5,60.0,0
28.647886,77.267736,2.1,172.8,4.0,0
28.59095,77.294824,21.4,60.4,48.0,0
28.676787,77.225065,28.4,158.7,72.0,0
28.51721,77.21463,62.4,43.3,67.0,0
28.654474,77.241981,49.1,80.2,25.0,0
28.580108,77.176612,34.1,135.8,68.0,0
28.629255,77.245844,73.5,31.9,24.0,0
28.631354,77.226055,43.1,155.9,98.0,0
28.540879,77.153165,57.9,34.6,123.0,0
28.660371,77.15375,52.4,18.1,66.0,0
28.630185,77.169235,68.7,107.8,59.0,0
28.616347,77.244132,65.0,32.6,20.0,0
28.629759,77.201633,79.1,245.3,38.0,0
28.616762,77.217248,30.3,130.6,16.0,0
28.652234,77.286816,13.2,21.0,73.0,0
28.586929,77.240641,60.8,344.6,63.0,1
28.652309,77.186374,70.0,36.2,7.0,0
28.639115,77.169145,4.3,65.3,137.0,0
28.601899,77.233755,26.6,6.1,264.0,0
28.702812,77.169947,64.6,3.4,9.0,0
28.63308,77.281151,54.7,28.0,19.0,0
28.62025,77.230789,60.4,1.0,103.0,0
28.639198,77.224959,43.5,26.0,30.0,0
28.605262,77.170752,30.5,59.1,4.0,0
28.670555,77.249469,64.9,93.9,146.0,0
28.609432,77.274922,44.4,23.2,45.0,0
28.651471,77.211686,41.2,41.9,2.0,0
28.557086,77.264911,58.8,38.6,34.0,0
28.520709,77.198258,15.3,31.7,108.0,0
28.630632,77.215386,46.9,39.4,30.0,0
28.59131,77.322802,24.4,53.6,8.0,0
28.600867,77.199926,1.7,17.7,3.0,0
28.49343,77.245484,59.9,50.0,91.0,0
28.695531,77.199045,38.0,24.1,43.0,0
28.615728,77.232522,72.3,5.3,23.0,0
28.677229,77.253306,40.0,19.2,105.0,0
28.540871,77.173459,0.8,217.5,7.0,0
28.615432,77.183241,32.7,56.3,11.0,0
28.630876,77.246883,13.7,324.0,30.0,1
28.617198,77.226581,73.7,20.4,2.0,0
28.622175,77.277124,35.7,27.6,115.0,0
28.541004,77.231996,40.9,81.8,37.0,0
28.626351,77.311508,29.2,35.1,54.0,0
28.568366,77.253341,41.8,35.9,3.0,0
28.579614,77.312433,6.6,148.6,121.0,0
28.611325,77.302976,36.7,2.4,209.0,0
28.592904,77.1864,53.1,87.8,131.0,0
28.595779,77.29252,29.8,169.8,69.0,0
28.666699,77.265513,31.4,15.3,94.0,0
28.602698,77.262015,67.0,41.3,113.0,0
28.590655,77.277751,42.9,132.5,15.0,0
28.604349,77.203041,47.0,61.3,9.0,0
28.554926,77.234923,23.7,35.4,14.0,0
28.618628,77.197473,38.6,78.7,131.0,0
28.646592,77.333992,4.3,31.4,25.0,0
28.626199,77.180858,34.4,78.7,10.0,0
28.612333,77.154578,64.2,12.5,468.0,0
28.640574,77.177623,12.9,20.4,11.0,0
28.582794,77.21575,61.2,1.2,7.0,0
28.612462,77.21541,29.9,16.3,108.0,0
28.680415,77.263008,2.2,11.2,112.0,0
28.595796,77.22005,76.3,72.9,48.0,0
28.640894,77.19376,14.5,231.1,19.0,0
28.642145,77.242647,26.8,19.4,22.0,0
28.572616,77.276742,38.5,11.1,22.0,0
28.644897,77.228857,76.0,61.3,120.0,0
28.580158,77.261933,46.5,16.0,1.0,0
28.631953,77.222669,72.4,62.4,74.0,0
28.579352,77.205509,45.2,56.2,186.0,0
28.624553,77.253417,16.4,1.6,84.0,0
28.616961,77.229932,45.1,266.7,41.0,1
28.616097,77.268721,8.0,18.0,5.0,0
28.624098,77.295611,9.4,180.2,2.0,0
28.583967,77.212834,9.3,38.6,14.0,0
28.552183,77.250845,1.0,13.8,57.0,0
28.61458,77.271901,12.1,9.0,36.0,0
28.66564,77.239015,28.2,57.2,55.0,0
28.639662,77.244007,5.8,35.9,5.0,0
28.632862,77.22567,0.5,199.6,106.0,0
28.584956,77.231271,9.0,18.0,68.0,0
28.619825,77.244593,74.9,102.9,61.0,0
28.568975,77.188111,42.1,16.4,11.0,0
28.589321,77.133581,34.8,164.3,47.0,0
28.628355,77.214114,39.0,57.1,18.0,0
28.519667,77.210042,44.4,142.3,162.0,0
28.696977,77.299505,8.6,46.0,38.0,0
28.543791,77.233309,46.8,15.4,22.0,0
28.704936,77.246601,66.7,62.0,181.0,0
28.568555,77.197922,44.9,25.5,14.0,0
28.568061,77.188706,70.6,16.3,41.0,0
28.59062,77.176768,11.1,187.3,11.0,0
28.588529,77.155489,66.1,64.1,6.0,0
28.580249,77.254821,53.0,128.9,3.0,0
28.591972,77.233832,48.3,119.7,1.0,0
28.615086,77.292363,47.1,0.1,74.0,0
28.565629,77.245986,9.5,173.6,29.0,0
28.652536,77.230644,51.4,118.8,153.0,0
28.681111,77.119431,31.9,25.0,59.0,0
28.513265,77.313915,5.1,20.8,99.0,0
28.703269,77.220458,16.4,4.7,20.0,0
28.649127,77.114309,35.4,7.8,14.0,0
28.623378,77.229789,79.4,17.3,35.0,0
28.581788,77.177955,34.5,0.3,105.0,0
28.618831,77.17617,12.0,30.4,39.0,0
28.655373,77.231825,72.1,204.3,48.0,0
28.740996,77.189126,2.8,64.8,27.0,0
28.720097,77.269834,10.1,69.5,54.0,0
28.534069,77.212727,37.9,21.6,42.0,0
28.600109,77.238495,7.4,20.4,37.0,0
28.614376,77.246829,45.7,36.6,48.0,0
28.677678,77.231092,12.6,24.3,33.0,0
28.606307,77.229216,52.1,156.4,93.0,0
28.572738,77.225582,9.4,15.6,4.0,0
28.613189,77.293175,64.8,89.9,26.0,0
28.591233,77.260695,58.7,53.8,84.0,0
28.659826,77.183959,74.0,90.5,27.0,0
28.72988,77.162925,5.5,144.0,38.0,0
28.656028,77.178799,44.4,33.4,30.0,0
28.658043,77.239891,56.7,62.2,26.0,0
28.672279,77.163281,72.2,55.3,48.0,0
28.633227,77.18586,38.6,37.4,11.0,0
28.590563,77.151349,76.1,133.7,34.0,0
28.595489,77.265079,9.8,0.8,84.0,0
28.6653,77.251642,34.7,29.7,1.0,0
28.624947,77.262433,20.3,142.8,55.0,0
28.561386,77.19476,12.4,164.5,241.0,0
28.675956,77.130561,22.9,94.6,31.0,0
28.571794,77.176757,53.2,33.3,46.0,0
28.554131,77.151137,38.7,138.2,9.0,0
28.566655,77.150611,14.5,7.0,74.0,0
28.625819,77.275347,2.5,24.7,32.0,0
28.659136,77.206156,73.9,7.8,88.0,0
28.623235,77.232967,25.1,9.4,8.0,0
28.582657,77.273659,10.2,71.9,5.0,0
28.570104,77.167523,11.7,6.0,20.0,0
28.649056,77.249212,20.3,91.1,12.0,0
28.605865,77.145873,18.5,34.3,102.0,0
28.62755,77.231125,22.4,4.6,85.0,0
28.603486,77.271882,18.0,26.9,204.0,0
28.625472,77.161534,34.5,40.8,4.0,0
28.630012,77.259928,61.2,36.5,20.0,0
28.731769,77.229743,2.2,57.1,211.0,0
28.630624,77.195783,15.2,55.9,7.0,0
28.591131,77.158476,57.0,35.7,40.0,0
28.619281,77.23059,11.9,183.6,64.0,0
28.563018,77.243192,59.3,19.9,15.0,0
28.562579,77.202628,41.2,33.3,90.0,0
28.672984,77.16945,70.5,64.5,115.0,0
28.625708,77.256623,0.8,22.5,30.0,0
28.66645,77.277727,62.7,13.0,73.0,0
28.529254,77.266182,45.8,0.5,45.0,0
28.561724,77.297953,37.5,232.5,68.0,0
28.625411,77.185922,11.7,122.7,36.0,0
28.569282,77.14774,18.7,175.8,2.0,0
28.539301,77.23903,62.9,3.3,24.0,0
28.556554,77.198352,11.9,6.1,21.0,0
28.594442,77.267882,42.2,64.2,155.0,0
28.631155,77.166651,16.6,1.9,35.0,0
28.696258,77.170308,39.1,25.3,140.0,0
28.55787,77.221903,20.4,287.9,0.0,1
28.560455,77.22725,28.1,35.4,60.0,0
28.537953,77.25224,64.2,310.6,37.0,1
28.639156,77.213582,3.0,10.1,3.0,0
28.61674,77.122643,73.9,38.9,38.0,0
28.562258,77.391093,25.6,0.5,29.0,0
28.568959,77.220176,47.7,71.6,14.0,0
28.604304,77.362926,17.7,33.5,5.0,0
28.607132,77.212203,28.7,56.1,94.0,0
28.558516,77.165858,36.8,126.7,56.0,0
28.619359,77.202634,55.1,64.1,54.0,0
28.541687,77.273525,69.8,87.6,142.0,0
28.612951,77.249463,69.3,51.1,1.0,0
28.601621,77.233881,27.0,110.2,47.0,0
28.630555,77.215434,7.1,73.8,183.0,0
28.671064,77.224967,74.0,160.7,36.0,0
28.591966,77.211052,2.5,112.8,38.0,0
28.61052,77.278342,70.5,21.1,4.0,0
28.511466,77.264298,2.1,59.5,73.0,0
28.709086,77.171381,78.1,166.3,86.0,0
28.51747,77.144629,0.9,156.7,9.0,0
28.606357,77.157196,1.4,51.9,61.0,0
28.48307,77.200686,40.7,30.1,28.0,0
28.569217,77.229557,53.3,18.9,50.0,0
28.697272,77.215756,28.2,17.3,67.0,0
28.667735,77.250009,48.5,12.4,6.0,0
28.659751,77.217773,67.7,632.0,21.0,1
28.600862,77.298285,63.6,86.9,111.0,0
28.693046,77.24394,70.7,30.2,11.0,0
28.623368,77.219398,12.7,27.8,63.0,0
28.644992,77.14296,18.0,29.2,109.0,0
28.742845,77.236015,47.0,164.8,59.0,0
28.665016,77.243457,57.9,57.6,92.0,0
28.607227,77.182818,8.6,25.3,40.0,0
28.636021,77.160688,14.1,128.1,129.0,0
28.680707,77.273237,73.8,111.0,68.0,0
28.641624,77.170072,2.1,50.4,25.0,0
28.649653,77.226778,32.1,93.4,44.0,0
28.674897,77.219996,16.9,107.2,62.0,0
28.737007,77.240829,61.9,4.1,93.0,0
28.56376,77.170438,69.1,166.7,11.0,0
28.645604,77.212473,19.8,27.1,279.0,0
28.633479,77.170128,47.2,317.5,10.0,1
28.591215,77.222206,67.5,191.1,47.0,0
28.578131,77.243704,47.9,1.6,1.0,0
28.693103,77.263271,48.1,77.6,35.0,0
28.559388,77.29324,33.0,268.5,0.0,1
28.540048,77.205321,52.2,66.6,4.0,0
28.582351,77.204438,76.8,76.5,48.0,0
28.521405,77.282132,24.0,213.9,37.0,0
28.568206,77.247255,16.0,68.0,4.0,0
28.557872,77.280356,76.7,22.4,161.0,0
28.614802,77.316126,4.8,49.3,26.0,0
28.682774,77.176319,67.2,34.5,81.0,0
28.581037,77.258965,72.8,14.6,197.0,0
28.653755,77.18854,17.6,19.3,144.0,0
28.648063,77.296674,34.1,5.0,69.0,0
28.499476,77.159111,9.8,14.8,1.0,0
28.582904,77.264383,29.4,24.0,61.0,0
28.591699,77.190819,36.6,113.6,5.0,0
28.629573,77.246221,40.8,36.5,33.0,0
28.639003,77.281906,9.8,93.9,147.0,0
28.627041,77.1863,32.3,444.9,8.0,1
28.56575,77.145082,50.0,69.7,73.0,0
28.578834,77.205551,40.0,76.2,20.0,0
28.535338,77.199129,67.3,64.3,11.0,0
28.613819,77.154277,76.1,40.3,16.0,0
28.592141,77.118025,65.3,16.4,31.0,0
28.637133,77.279333,3.8,303.6,98.0,1
28.645344,77.293081,17.2,52.0,43.0,0
28.593811,77.188405,7.0,219.8,26.0,0
28.624605,77.203869,34.7,24.1,12.0,0
28.599709,77.258889,57.9,9.2,18.0,0
28.554826,77.259675,2.6,81.0,175.0,0
28.570492,77.307456,21.4,152.5,15.0,0
28.497055,77.249581,7.5,86.8,24.0,0
28.590713,77.167232,32.8,108.6,40.0,0
28.580823,77.258054,74.0,75.0,36.0,0
28.555743,77.183609,33.0,109.8,22.0,0
28.651459,77.21522,50.8,33.8,1.0,0
28.636814,77.274127,31.0,39.5,104.0,0
28.638187,77.17323,58.5,121.2,5.0,0
28.645081,77.21484,59.4,129.3,94.0,0
28.61041,77.157211,11.0,6.9,22.0,0
28.609896,77.169066,52.3,1.4,145.0,0
28.65201,77.191157,30.9,87.9,41.0,0
28.643864,77.300011,68.8,7.1,1.0,0
28.661871,77.220169,12.6,15.0,44.0,0
28.60832,77.350704,71.8,17.6,144.0,0
28.561181,77.266245,40.9,57.0,2.0,0
28.622355,77.267604,20.4,18.0,37.0,0
28.581587,77.163804,26.8,16.0,72.0,0
28.643177,77.210825,0.4,0.9,4.0,0
28.62489,77.16135,76.0,116.4,16.0,0
28.613072,77.203009,18.0,11.7,2.0,0
28.590899,77.195649,72.8,67.3,49.0,0
28.660534,77.216405,68.2,28.5,101.0,0
28.656695,77.259776,27.9,16.2,26.0,0
28.582476,77.205404,16.9,34.1,7.0,0
28.549081,77.260677,34.1,23.8,45.0,0
28.619472,77.145205,74.7,45.4,121.0,0
28.669795,77.240913,68.4,93.7,53.0,0
28.547411,77.196714,39.1,4.2,15.0,0
28.634018,77.231174,43.6,16.2,15.0,0
28.569451,77.261646,32.7,6.7,25.0,0
28.559655,77.146424,75.6,274.9,5.0,1
28.657059,77.291955,79.1,68.2,47.0,0
28.643017,77.208818,23.1,137.3,215.0,0
28.602885,77.311596,76.0,24.8,98.0,0
28.649975,77.222051,76.0,180.6,47.0,0
28.644676,77.284544,37.9,79.3,152.0,0
28.536188,77.221488,33.2,41.7,52.0,0
28.614714,77.231861,69.5,73.4,96.0,0
28.68114,77.224311,75.4,10.9,12.0,0
28.634191,77.207524,32.2,30.1,13.0,0
28.479711,77.205633,39.4,62.0,121.0,0
28.556968,77.229778,26.7,81.8,16.0,0
28.660289,77.245917,16.7,19.5,48.0,0
28.582642,77.230178,79.7,384.9,14.0,1
28.666567,77.244459,15.1,143.2,56.0,0
28.712805,77.142594,65.1,69.4,37.0,0
28.598603,77.263699,33.6,289.9,102.0,1
28.579608,77.181371,6.7,57.5,88.0,0
28.560192,77.136129,26.0,235.2,16.0,0
28.648412,77.310876,6.7,111.5,43.0,0
28.580366,77.28901,78.6,19.6,237.0,0
28.590388,77.217976,21.2,41.6,44.0,0
28.555071,77.271981,59.7,24.4,35.0,0
28.588872,77.201939,34.0,102.3,3.0,0
28.575164,77.19503,54.4,116.4,52.0,0
28.511401,77.188784,20.4,92.2,173.0,0
28.568566,77.186513,7.5,63.1,142.0,0
28.647809,77.205546,64.7,41.1,74.0,0
28.67795,77.182803,57.3,332.2,25.0,1
28.605167,77.076074,8.8,2.3,80.0,0
28.612185,77.209329,58.5,10.6,48.0,0
28.624799,77.17004,47.8,73.1,48.0,0
28.708631,77.233364,13.7,112.8,103.0,0
28.560007,77.206509,66.0,252.9,16.0,1
28.547393,77.250241,55.9,53.9,52.0,0
28.60792,77.219153,40.5,24.7,55.0,0
28.63021,77.155179,14.3,159.2,156.0,0
28.608832,77.155193,43.2,46.5,1.0,0
28.542273,77.15645,13.0,11.1,39.0,0
28.65474,77.17531,14.7,59.1,18.0,0
28.603593,77.183365,19.3,59.6,109.0,0
28.638219,77.264467,52.4,20.8,22.0,0
28.68814,77.227814,54.4,12.3,20.0,0
28.537336,77.125448,5.8,12.3,68.0,0
28.524582,77.174722,52.1,138.7,20.0,0
28.638778,77.216668,2.8,55.6,31.0,0
28.508776,77.168286,72.4,106.7,2.0,0
28.590506,77.222551,62.3,262.6,26.0,1
28.581935,77.176549,58.0,125.6,73.0,0
28.628493,77.211792,19.1,13.7,48.0,0
28.577195,77.190049,79.0,43.6,9.0,0
28.635098,77.224109,73.9,54.8,103.0,0
28.557151,77.290539,39.2,96.7,24.0,0
28.548396,77.263148,2.8,268.0,126.0,1
28.611464,77.16444,40.9,26.8,111.0,0
28.615764,77.344062,12.3,158.0,9.0,0
28.62526,77.277539,47.4,6.0,144.0,0
28.684479,77.184205,78.9,164.4,5.0,0
28.67453,77.175184,60.6,94.9,32.0,0
28.633081,77.235525,25.8,2.3,11.0,0
28.65097,77.253721,31.5,75.5,8.0,0
28.623607,77.306858,75.6,214.3,7.0,0
28.669475,77.243923,8.8,45.3,0.0,0
28.628694,77.185313,71.2,10.0,94.0,0
28.582888,77.193132,6.0,358.0,18.0,1
28.572877,77.249831,33.2,43.1,1.0,0
28.668049,77.151477,59.6,60.0,15.0,0
28.601346,77.293233,31.6,273.6,3.0,1
28.70634,77.191269,45.7,70.3,3.0,0
28.555278,77.266476,39.3,90.2,95.0,0
28.673072,77.278471,48.4,99.0,1.0,0
28.589176,77.371245,13.7,112.0,120.0,0
28.630863,77.203236,46.2,128.8,14.0,0
28.545413,77.204605,79.0,6.2,183.0,0
28.518575,77.202019,15.5,217.9,85.0,0
28.684499,77.227186,5.4,63.1,17.0,0
28.588566,77.186272,31.3,61.1,21.0,0
28.659769,77.279096,29.9,144.4,19.0,0
28.577678,77.268908,10.1,29.3,15.0,0
28.659836,77.20565,45.7,85.4,17.0,0
28.589069,77.182966,35.0,30.5,55.0,0
28.549976,77.196691,67.0,114.5,64.0,0
28.642824,77.195045,33.8,45.4,14.0,0
28.65773,77.24319,78.9,16.5,113.0,0
28.642522,77.228154,62.4,191.6,88.0,0
28.603262,77.259595,39.0,112.0,40.0,0
28.523057,77.292868,44.2,1.1,10.0,0
28.557053,77.233433,69.3,5.3,31.0,0
28.575399,77.248153,61.9,38.1,29.0,0
28.597587,77.341315,52.6,121.2,139.0,0
28.66704,77.247034,21.3,25.8,119.0,0
28.604632,77.194016,32.8,374.8,2.0,1
28.505169,77.215084,63.0,201.1,0.0,0
28.480954,77.135209,50.2,160.0,89.0,0
28.575762,77.245773,76.5,0.7,7.0,0
28.584834,77.191025,69.8,266.0,13.0,1
28.628282,77.173961,34.2,71.6,175.0,0
28.537875,77.175246,23.5,71.6,27.0,0
28.541366,77.275673,9.9,8.3,110.0,0
28.633179,77.205558,32.6,75.2,11.0,0
28.67721,77.256716,18.1,60.2,68.0,0
28.512323,77.237787,1.3,62.4,59.0,0
28.572053,77.228518,11.1,17.0,80.0,0
28.666062,77.199338,36.2,62.7,21.0,0
28.657154,77.243287,71.4,6.0,9.0,0
28.564215,77.197205,25.7,1.7,5.0,0
28.668494,77.226323,35.3,19.2,69.0,0
28.612745,77.273812,30.7,129.4,65.0,0
28.643503,77.284351,29.5,74.0,1.0,0
28.575298,77.196698,57.8,179.8,55.0,0
28.625121,77.237109,40.5,39.4,9.0,0
28.55221,77.247714,32.7,34.4,2.0,0
28.583133,77.230372,75.5,96.3,44.0,0
28.595656,77.256678,22.1,41.8,15.0,0
28.617506,77.257233,66.6,38.4,46.0,0
28.730827,77.310382,41.2,50.2,76.0,0
28.738493,77.326314,35.3,9.7,156.0,0
28.591105,77.210259,5.0,18.1,25.0,0
28.68448,77.301515,68.7,74.0,33.0,0
28.555042,77.240455,21.7,75.0,11.0,0
28.630464,77.209626,54.3,71.4,77.0,0
28.576217,77.248854,70.0,17.8,104.0,0
28.587952,77.20685,42.9,45.8,73.0,0
28.743538,77.216366,51.3,203.1,35.0,0
28.591151,77.163673,27.2,157.8,49.0,0
28.578008,77.222521,58.1,65.2,15.0,0
28.560484,77.265134,52.5,184.9,80.0,0
28.572037,77.254528,35.6,89.9,65.0,0
28.539411,77.236685,50.8,42.5,155.0,0
28.621643,77.305337,21.0,119.8,50.0,0
28.620743,77.325206,52.6,28.8,83.0,0
28.627386,77.243414,53.8,154.3,42.0,0
28.609929,77.298386,35.6,32.0,108.0,0
28.582131,77.235959,19.9,126.6,54.0,0
28.577658,77.2229,64.2,26.4,38.0,0
28.61845,77.266542,60.3,199.0,9.0,0
28.607924,77.214975,4.6,16.4,98.0,0
28.578712,77.100518,39.5,101.6,99.0,0
28.59617,77.205563,7.4,42.0,23.0,0
28.687472,77.143218,25.6,1.5,35.0,0
28.709009,77.199105,33.8,32.3,32.0,0
28.599488,77.19124,14.2,18.1,25.0,0
28.573811,77.191539,37.5,64.8,41.0,0
28.608345,77.165921,56.5,24.1,42.0,0
28.667294,77.158557,35.0,6.0,5.0,0
28.608316,77.18615,18.7,244.8,18.0,0
28.628255,77.19995,33.2,149.2,3.0,0
28.577623,77.203595,47.4,3.7,78.0,0
28.552166,77.231446,74.9,25.3,76.0,0
28.648578,77.253819,40.0,79.6,21.0,0
28.620242,77.16801,71.0,31.0,52.0,0
28.643292,77.174767,78.8,26.5,34.0,0
28.52496,77.301736,44.7,72.5,10.0,0
28.702132,77.256367,11.8,17.3,67.0,0
28.623114,77.179719,70.0,83.6,89.0,0
28.520138,77.155829,69.0,7.5,24.0,0
28.659845,77.193576,69.5,31.4,43.0,0
28.591831,77.205842,76.0,9.8,12.0,0
28.612025,77.252593,22.1,28.1,4.0,0
28.586614,77.103401,26.7,91.9,18.0,0
28.605605,77.170269,55.0,115.5,103.0,0
28.608124,77.308498,45.1,12.5,88.0,0
28.526996,77.219311,69.5,109.7,16.0,0
28.653788,77.221617,20.4,7.0,4.0,0
28.616143,77.190279,52.7,19.5,106.0,0
28.632809,77.257934,75.2,55.5,58.0,0
28.651298,77.128313,17.3,284.0,6.0,1
28.616543,77.197251,24.6,290.6,74.0,1
28.627055,77.114441,32.6,52.1,44.0,0
28.536979,77.217509,7.0,130.8,9.0,0
28.568981,77.196197,14.1,64.5,1.0,0
28.614751,77.137006,30.6,111.4,110.0,0
28.619785,77.269027,6.0,84.7,20.0,0
28.630535,77.253004,29.0,95.6,48.0,0
28.680802,77.269989,19.5,46.3,10.0,0
28.60579,77.143167,69.2,143.2,68.0,0
28.628645,77.168316,48.7,47.2,3.0,0
28.61345,77.278604,71.9,97.9,109.0,0
28.598014,77.259025,16.2,163.4,50.0,0
28.599958,77.288677,6.5,85.3,6.0,0
28.571286,77.206503,28.3,57.0,49.0,0
28.604649,77.213033,4.5,60.1,33.0,0
28.599556,77.249306,70.7,98.7,19.0,0
28.602915,77.150944,15.1,7.7,67.0,0
28.523405,77.22829,11.3,81.0,100.0,0
28.605553,77.345252,63.0,37.6,7.0,0
28.566647,77.200608,57.0,11.6,19.0,0
28.607407,77.138328,4.6,194.9,10.0,0
28.555762,77.239055,40.8,55.1,36.0,0
28.612996,77.173442,35.9,48.9,0.0,0
28.595652,77.213151,30.9,62.5,71.0,0
28.579186,77.272878,10.1,77.9,3.0,0
28.624967,77.246406,63.0,17.3,12.0,0
28.629274,77.194074,19.2,78.6,114.0,0
28.608035,77.260425,36.7,34.8,102.0,0
28.638939,77.135103,70.5,100.3,58.0,0
28.589835,77.228355,25.5,118.2,75.0,0
28.630498,77.1993,2.9,0.6,49.0,0
28.608389,77.100515,71.1,100.8,30.0,0
28.560533,77.157964,39.5,34.8,17.0,0
28.570432,77.217769,39.8,29.0,144.0,0
28.66877,77.255835,44.1,37.3,137.0,0
28.689317,77.219589,14.4,68.6,135.0,0
28.646163,77.203697,57.2,9.7,146.0,0
28.581341,77.258989,18.5,95.9,87.0,0
28.681886,77.232212,24.1,47.1,136.0,0
28.641127,77.268364,50.5,13.9,123.0,0
28.627282,77.247222,60.0,57.0,19.0,0
28.702615,77.182899,58.4,68.3,112.0,0
28.567501,77.252045,6.7,34.0,49.0,0
28.649149,77.266547,60.4,183.9,44.0,0
28.56977,77.288509,53.0,95.6,8.0,0
28.580169,77.192143,48.4,86.6,114.0,0
28.740603,77.200344,77.3,4.4,23.0,0
28.635618,77.26252,27.7,55.7,14.0,0
28.702959,77.260578,54.6,152.2,106.0,0
28.637679,77.192984,45.9,88.3,2.0,0
28.630621,77.184879,31.0,21.2,13.0,0
28.579195,77.196849,63.1,158.0,41.0,0
28.659387,77.222463,32.3,36.9,132.0,0
28.611766,77.174109,44.7,197.2,34.0,0
28.614524,77.239487,44.9,57.4,11.0,0
28.597444,77.13216,40.9,123.6,40.0,0
28.605461,77.176916,36.6,75.7,59.0,0
28.611746,77.227701,13.4,27.6,124.0,0
28.616644,77.172532,19.3,84.9,99.0,0
28.607964,77.197581,9.9,0.8,90.0,0
28.532658,77.212135,57.9,144.2,41.0,0
28.637597,77.324552,59.5,270.1,144.0,1
28.604349,77.153195,51.1,18.6,127.0,0
28.444634,77.230284,73.4,172.1,86.0,0
28.531106,77.167258,21.2,14.7,95.0,0
28.586827,77.165383,65.7,54.1,142.0,0
28.67443,77.174748,14.9,27.7,25.0,0
28.640886,77.210673,5.4,17.0,185.0,0
28.576142,77.29019,0.0,112.7,8.0,0
28.600965,77.277242,46.5,131.4,126.0,0
28.665727,77.195591,62.3,145.9,15.0,0
28.579683,77.205176,65.8,0.7,49.0,0
28.556202,77.248067,37.7,150.6,51.0,0
28.654527,77.221383,4.7,4.2,165.0,0
28.666303,77.186668,2.9,47.6,19.0,0
28.580255,77.251571,73.4,15.4,33.0,0
28.634881,77.299549,7.4,189.8,9.0,0
28.60847,77.271421,62.8,68.8,47.0,0
28.580967,77.286329,5.6,50.6,30.0,0
28.668937,77.211531,14.7,47.0,35.0,0
28.577301,77.164368,13.0,41.5,4.0,0
28.6483,77.118486,22.2,51.4,108.0,0
28.613904,77.114901,32.5,66.7,26.0,0
28.601875,77.208333,10.0,135.9,61.0,0
28.582739,77.243841,77.9,21.7,60.0,0
28.561169,77.260654,0.2,130.5,61.0,0
28.598005,77.230655,61.8,142.0,16.0,0
28.584879,77.182419,42.1,152.4,7.0,0
28.615126,77.251225,6.8,227.2,4.0,0
28.550627,77.158592,9.6,251.0,51.0,1
28.602916,77.163313,47.2,9.1,6.0,0
28.630798,77.249147,25.2,168.1,30.0,0
28.576836,77.156841,36.0,149.4,125.0,0
28.647549,77.180236,43.9,37.9,5.0,0
28.652978,77.169616,45.9,94.0,63.0,0
28.550143,77.226957,46.6,209.1,34.0,0
28.57258,77.24791,5.6,7.7,118.0,0
28.543479,77.249198,59.2,35.0,82.0,0
28.631654,77.189484,23.5,292.0,8.0,1
28.616894,77.210108,9.2,63.6,21.0,0
28.530444,77.255253,8.2,7.7,61.0,0
28.577898,77.191981,19.0,259.6,11.0,1
28.625916,77.172854,50.3,186.4,97.0,0
28.616148,77.186421,37.8,131.4,17.0,0
28.671008,77.188107,8.6,126.2,106.0,0
28.552904,77.220035,2.6,53.2,19.0,0
28.610055,77.217156,2.0,166.5,15.0,0
28.560412,77.210129,33.7,29.2,170.0,0
28.616008,77.178495,63.1,35.5,61.0,0
28.601447,77.171887,45.9,19.5,47.0,0
28.624088,77.25096,64.8,41.3,3.0,0
28.590042,77.235657,25.6,21.3,20.0,0
28.648616,77.196759,11.2,33.2,8.0,0
28.574766,77.215656,64.2,93.8,10.0,0
28.559736,77.279107,58.2,45.0,18.0,0
28.621761,77.214904,47.1,116.8,9.0,0
28.703193,77.218187,71.0,52.2,138.0,0
28.534434,77.29487,50.5,12.0,5.0,0
28.553272,77.272017,42.1,108.4,118.0,0
28.622078,77.186459,40.2,5.5,39.0,0
28.666861,77.27202,49.4,228.4,10.0,0
28.625822,77.210003,41.3,147.1,45.0,0
28.5801,77.16597,21.8,263.9,118.0,1
28.631515,77.283708,76.3,22.9,132.0,0
28.636317,77.183025,76.6,52.5,26.0,0
28.576491,77.193002,13.3,17.2,67.0,0
28.651742,77.199434,42.4,43.9,4.0,0
28.608774,77.320349,63.2,22.3,42.0,0
28.523015,77.170902,4.4,153.3,15.0,0
28.603758,77.188368,9.9,10.4,21.0,0
28.582047,77.201385,43.6,20.4,37.0,0
28.675745,77.244861,2.3,24.5,147.0,0
28.544052,77.215025,66.6,107.2,104.0,0
28.586344,77.185134,69.9,79.6,29.0,0
28.62336,77.24969,58.9,11.7,39.0,0
28.731452,77.286325,65.8,74.4,124.0,0
28.708246,77.137342,53.7,149.9,5.0,0
28.608238,77.184423,11.3,48.2,90.0,0
28.627965,77.244097,2.4,75.7,11.0,0
28.640599,77.156858,67.8,60.7,20.0,0
28.559878,77.210755,56.6,35.4,15.0,0
28.611007,77.282037,31.9,0.2,48.0,0
28.678311,77.249633,63.7,16.5,16.0,0
28.617581,77.24455,4.3,235.2,37.0,0
28.70799,77.255867,25.5,35.0,2.0,0
28.588218,77.234746,27.3,28.2,23.0,0
28.606067,77.201638,8.4,76.1,75.0,0
28.606465,77.266743,59.3,187.3,34.0,0
28.545433,77.194708,62.2,28.8,104.0,0
28.665799,77.210424,46.7,20.2,37.0,0
28.593813,77.135705,33.4,185.8,125.0,0
28.623406,77.194612,48.6,118.8,30.0,0
28.580581,77.222431,71.9,97.0,27.0,0
28.696758,77.219821,28.6,65.2,18.0,0
28.672133,77.264692,26.7,44.3,37.0,0
28.613418,77.196606,49.8,81.3,107.0,0
28.54929,77.198622,54.7,19.6,75.0,0
28.647698,77.191442,36.6,136.0,11.0,0
28.664649,77.230568,68.8,43.1,156.0,0
28.564134,77.295815,28.2,112.4,36.0,0
28.60333,77.102981,51.3,133.6,15.0,0
28.614342,77.194116,53.4,6.3,168.0,0
28.664849,77.200951,23.6,90.0,35.0,0
28.602933,77.111919,1.5,28.8,11.0,0
28.658602,77.212297,66.1,35.6,104.0,0
28.571855,77.200834,38.6,105.8,42.0,0
28.557729,77.196557,7.6,252.5,13.0,1
28.702076,77.163332,76.6,130.2,68.0,0
28.544878,77.214131,23.7,27.6,241.0,0
28.572938,77.160178,38.0,98.4,5.0,0
28.649748,77.176397,38.7,31.8,34.0,0
28.583967,77.208528,29.7,46.3,43.0,0
28.582634,77.26958,12.1,10.5,65.0,0
28.600624,77.239017,56.3,143.8,16.0,0
28.502701,77.249193,15.6,83.3,12.0,0
28.66653,77.31658,54.6,159.0,81.0,0
28.619294,77.240524,64.2,20.2,66.0,0
28.569928,77.166159,1.9,11.1,17.0,0
28.524685,77.190363,58.5,135.2,4.0,0
28.542232,77.175645,51.0,168.9,97.0,0
28.530785,77.211714,15.7,15.1,69.0,0
28.621863,77.19793,49.6,82.2,127.0,0
28.622362,77.171368,33.7,14.4,4.0,0
28.641108,77.264701,6.8,1.2,40.0,0
28.647129,77.268277,41.9,62.5,10.0,0
28.641908,77.227471,77.9,240.2,67.0,0
28.687392,77.168403,51.9,71.4,17.0,0
28.670262,77.224578,26.4,44.8,18.0,0
28.65842,77.18791,45.1,26.5,75.0,0
28.622339,77.282789,59.0,26.4,105.0,0
28.646537,77.158716,12.5,24.4,145.0,0
28.58997,77.25138,42.3,18.8,5.0,0
28.59945,77.250325,40.5,5.5,99.0,0
28.696571,77.263322,30.1,113.2,213.0,0
28.582644,77.228315,59.8,30.3,3.0,0
28.578964,77.201995,45.2,13.6,146.0,0
28.592396,77.338156,55.9,74.1,185.0,0
28.583035,77.174647,47.7,217.9,13.0,0
28.587273,77.254405,62.5,93.3,22.0,0
28.622615,77.219422,50.7,17.0,21.0,0
28.624252,77.235645,54.2,42.8,179.0,0
28.656055,77.235377,18.0,139.5,1.0,0
28.719904,77.164376,67.7,4.2,49.0,0
28.592083,77.151386,12.4,32.8,52.0,0
28.607222,77.15464,27.2,39.3,63.0,0
28.518603,77.196199,71.2,48.2,15.0,0
28.545885,77.230911,8.7,65.4,39.0,0
28.603189,77.184132,69.3,54.4,32.0,0
28.633679,77.146681,38.0,14.2,31.0,0
28.635069,77.264428,14.7,43.2,24.0,0
28.641354,77.141568,59.0,36.8,172.0,0
28.673373,77.242488,22.7,212.0,63.0,0
28.695784,77.18093,54.2,108.6,86.0,0
28.59833,77.279379,63.3,160.8,23.0,0
28.570394,77.19222,45.5,98.9,0.0,0
28.643244,77.130472,62.9,4.7,182.0,0
28.657191,77.216522,74.8,51.4,125.0,0
28.617292,77.176482,44.0,120.4,37.0,0
28.60155,77.259042,12.2,71.6,29.0,0
28.585292,77.234987,56.8,113.7,35.0,0
28.608388,77.187046,32.8,261.5,19.0,1
28.645003,77.168365,42.5,22.7,57.0,0
28.577087,77.163622,50.1,327.8,218.0,1
28.570452,77.189205,57.4,10.3,4.0,0
28.64048,77.286687,51.2,202.1,94.0,0
28.568098,77.211312,18.6,17.2,4.0,0
28.618058,77.265851,59.9,101.7,118.0,0
28.615411,77.144456,64.6,122.3,9.0,0
28.610521,77.122451,3.0,133.3,41.0,0
28.578367,77.171229,24.7,46.1,43.0,0
28.697195,77.251354,78.2,14.8,60.0,0
28.630417,77.204056,14.2,127.2,56.0,0
28.58478,77.262984,14.6,82.7,73.0,0
28.627047,77.281691,47.3,23.9,113.0,0
28.702111,77.170639,27.1,39.9,2.0,0
28.614976,77.260216,52.6,28.3,80.0,0
28.687168,77.287902,21.0,197.0,3.0,0
28.553112,77.270176,34.1,130.2,95.0,0
28.567943,77.138803,79.9,171.3,95.0,0
28.50348,77.125753,29.9,4.2,13.0,0
28.709288,77.196069,6.9,86.5,14.0,0
28.525407,77.197961,59.4,24.9,5.0,0
28.61921,77.260643,47.1,110.3,16.0,0
28.697382,77.170118,35.6,177.4,42.0,0
28.659058,77.239287,72.7,116.2,30.0,0
28.629315,77.16434,11.7,193.4,15.0,0
28.674656,77.235753,39.2,40.7,58.0,0
28.577081,77.195645,15.3,78.3,44.0,0
28.636384,77.236425,6.7,51.5,8.0,0
28.604868,77.200309,35.4,141.8,23.0,0
28.603838,77.108129,75.8,66.2,170.0,0
28.620029,77.243949,57.8,99.0,67.0,0
28.669266,77.277002,18.8,79.7,181.0,0
28.688827,77.176708,37.0,158.5,37.0,0
28.597149,77.258976,63.8,60.1,1.0,0
28.556065,77.187832,15.6,9.2,94.0,0
28.569521,77.151005,16.3,237.9,6.0,0
28.70789,77.187935,14.5,64.9,171.0,0
28.684539,77.209309,48.6,122.2,22.0,0
28.555936,77.152479,2.3,90.9,65.0,0
28.69355,77.285982,47.0,45.2,112.0,0
28.574917,77.141958,66.0,241.8,37.0,0
28.64373,77.191429,62.6,105.6,34.0,0
28.57488,77.172387,53.3,21.1,12.0,0
28.718644,77.28619,17.6,438.1,78.0,1
28.581993,77.143131,65.3,711.6,25.0,1
28.55801,77.259759,76.6,27.3,59.0,0
28.587674,77.228358,14.7,337.0,17.0,1
28.741844,77.156113,72.8,76.9,81.0,0
28.623528,77.200921,68.2,16.4,72.0,0
28.559089,77.209372,78.3,306.2,1.0,1
28.571081,77.247748,25.5,8.6,6.0,0
28.523116,77.186252,74.7,81.2,5.0,0
28.637507,77.250072,14.4,145.2,2.0,0
28.547973,77.220939,14.0,141.4,4.0,0
28.665783,77.241061,8.6,0.5,24.0,0
28.650004,77.174439,34.2,44.3,87.0,0
28.605499,77.206444,1.0,7.4,46.0,0
28.672306,77.224012,30.5,24.0,7.0,0
28.656779,77.222582,50.1,222.5,3.0,0
28.618346,77.216522,6.3,172.6,7.0,0
28.572093,77.323115,65.5,86.1,28.0,0
28.631177,77.247215,23.4,182.9,22.0,0
28.630885,77.254873,3.7,30.4,74.0,0
28.635073,77.230845,30.0,140.9,59.0,0
28.614452,77.245163,11.1,92.4,126.0,0
28.626858,77.22843,63.6,105.9,178.0,0
28.625607,77.309389,26.7,7.2,0.0,0
28.678605,77.215496,9.4,34.3,16.0,0
28.546795,77.260067,36.3,4.0,5.0,0
28.560421,77.322766,36.2,13.0,22.0,0
28.614257,77.251152,22.0,25.3,55.0,0
28.572501,77.204275,26.2,70.5,19.0,0
28.621044,77.181799,61.5,114.1,13.0,0
28.554842,77.193722,51.1,9.2,29.0,0
28.562731,77.238085,17.2,4.5,1.0,0
28.713525,77.307713,75.9,172.1,217.0,0
28.599033,77.248681,24.4,11.2,205.0,0
28.551938,77.199172,42.7,47.6,9.0,0
28.604759,77.203254,45.7,9.6,13.0,0
28.662321,77.211028,17.1,61.3,50.0,0
28.670777,77.151469,23.3,9.0,22.0,0
28.537446,77.195614,38.5,114.9,1.0,0
28.572148,77.193422,20.5,7.2,3.0,0
28.621635,77.357406,24.5,45.0,67.0,0
28.608801,77.264844,49.1,43.7,14.0,0
28.5305,77.164846,58.7,202.8,46.0,0
28.5386,77.14004,64.1,44.9,19.0,0
28.55712,77.153199,9.7,5.9,45.0,0
28.521956,77.289181,59.0,62.7,410.0,0
28.587576,77.151048,74.9,103.3,70.0,0
28.670225,77.298987,46.5,32.9,26.0,0
28.577208,77.230487,48.4,75.0,202.0,0
28.664613,77.206201,76.4,10.4,2.0,0
28.611985,77.161269,69.6,44.3,11.0,0
28.601331,77.281692,44.6,14.5,41.0,0
28.527213,77.245811,61.3,25.6,21.0,0
28.668991,77.263505,14.5,82.0,76.0,0
28.616321,77.204874,33.0,112.1,2.0,0
28.530505,77.251832,57.2,29.9,19.0,0
28.629593,77.292581,23.1,366.9,116.0,1
28.581108,77.248264,36.3,26.8,31.0,0
28.613566,77.165715,13.8,13.0,14.0,0
28.622507,77.244496,71.8,161.7,44.0,0
28.671287,77.25624,71.7,83.9,27.0,0
28.554136,77.302343,38.3,91.0,20.0,0
28.639094,77.247749,15.4,126.5,113.0,0
28.676915,77.273576,54.3,606.6,114.0,1
28.736524,77.249315,17.1,26.7,33.0,0
28.662978,77.150751,18.3,63.5,56.0,0
28.62857,77.259969,77.8,97.5,76.0,0
28.624251,77.224498,8.0,12.6,73.0,0
28.688105,77.318348,30.3,29.3,24.0,0
28.596178,77.146536,44.4,29.3,65.0,0
28.650295,77.161893,8.6,31.7,150.0,0
28.720205,77.25477,3.1,101.3,3.0,0
28.605031,77.29408,43.4,71.8,5.0,0
28.509802,77.212487,9.2,100.7,115.0,0
28.567459,77.212751,20.1,57.5,55.0,0
28.625172,77.228857,39.8,248.9,2.0,0
28.568652,77.194293,27.8,58.8,87.0,0
28.593139,77.267877,56.8,74.0,7.0,0
28.595748,77.194369,77.0,28.3,110.0,0
28.638547,77.253517,60.3,4.8,40.0,0
28.563202,77.152337,80.0,135.2,21.0,0
28.581312,77.304427,31.1,155.3,58.0,0
28.680852,77.112482,24.4,152.2,11.0,0
28.586402,77.165337,17.0,129.4,46.0,0
28.646789,77.331172,70.8,25.0,40.0,0
28.611197,77.223551,31.2,68.4,16.0,0
28.609344,77.18551,56.9,135.0,66.0,0
28.647407,77.154645,54.0,78.6,26.0,0
28.517377,77.196697,4.6,254.7,114.0,1
28.632667,77.232988,70.4,90.6,5.0,0
28.638138,77.242835,38.9,65.8,88.0,0
28.652922,77.234613,17.9,430.5,35.0,1
28.591726,77.129188,78.3,61.2,22.0,0
28.610526,77.225447,60.3,272.8,168.0,1
28.487873,77.235449,49.3,1.0,13.0,0
28.577008,77.235932,79.1,63.9,33.0,0
28.619279,77.219973,60.5,27.3,37.0,0
28.684033,77.157051,9.7,40.3,21.0,0
28.702789,77.172423,79.3,7.4,6.0,0
28.593378,77.279155,47.8,24.5,141.0,0
28.654202,77.179715,24.0,67.5,135.0,0
28.60314,77.182399,65.4,102.2,59.0,0
28.529702,77.203687,3.8,192.9,24.0,0
28.640753,77.157668,52.3,21.1,59.0,0
28.702064,77.25019,12.7,126.9,200.0,0
28.591428,77.155077,7.0,2.0,129.0,0
28.565137,77.2727,28.3,179.4,11.0,0
28.613868,77.15126,28.5,72.3,102.0,0
28.60436,77.204521,48.0,149.5,96.0,0
28.741002,77.235689,45.2,23.6,150.0,0
28.660793,77.258028,55.0,37.3,3.0,0
28.61697,77.20725,13.9,8.2,87.0,0
28.465734,77.183363,69.7,6.6,47.0,0
28.603335,77.289452,68.7,140.1,46.0,0
28.703111,77.227573,17.3,28.2,26.0,0
28.614502,77.209967,37.9,34.8,92.0,0
28.651592,77.127568,39.0,60.5,33.0,0
28.630098,77.228079,73.7,88.9,27.0,0
28.586167,77.218251,72.4,3.8,194.0,0
28.695066,77.150706,5.4,68.3,37.0,0
28.619945,77.179444,76.6,75.3,94.0,0
28.575156,77.223168,5.5,152.0,9.0,0
28.611576,77.24187,44.0,13.4,81.0,0
28.681877,77.16758,24.9,47.9,67.0,0
28.536527,77.168058,31.2,51.4,43.0,0
28.624013,77.224283,50.1,150.5,9.0,0
28.614182,77.176439,46.7,36.0,8.0,0
28.533495,77.208466,13.4,6.8,68.0,0
28.648838,77.307266,77.6,73.6,116.0,0
28.623323,77.216367,2.3,86.8,50.0,0
28.654426,77.269637,27.5,69.9,37.0,0
28.667404,77.156225,64.1,53.8,44.0,0
28.607722,77.180108,68.1,19.2,10.0,0
28.58272,77.179047,63.8,61.9,3.0,0
28.539274,77.163303,29.8,2.9,106.0,0
28.578283,77.130079,53.9,66.9,112.0,0
28.611047,77.228153,61.1,53.7,84.0,0
28.562321,77.237844,46.2,244.0,89.0,0
28.639673,77.171216,54.3,30.8,14.0,0
28.565329,77.181242,44.3,1.8,7.0,0
28.522359,77.222398,4.4,114.2,10.0,0
28.581603,77.21954,21.9,14.7,61.0,0
28.619711,77.270154,56.2,62.9,30.0,0
28.547528,77.275185,19.3,19.3,1.0,0
28.566087,77.185084,36.4,62.0,180.0,0
28.578991,77.215118,42.8,69.6,16.0,0
28.585556,77.168459,53.7,86.7,0.0,0
28.625394,77.293612,20.7,37.3,29.0,0
28.642395,77.231815,47.6,5.0,14.0,0
28.586778,77.268188,47.7,72.7,28.0,0
28.558553,77.200337,67.6,159.9,167.0,0
28.617337,77.269538,44.2,59.6,58.0,0
28.636386,77.255718,23.6,23.0,62.0,0
28.691189,77.282445,41.8,42.7,129.0,0
28.667809,77.151309,8.6,62.2,7.0,0
28.547558,77.22224,48.6,7.3,6.0,0
28.60345,77.273377,73.3,67.2,116.0,0
28.633308,77.171717,42.4,9.3,10.0,0
28.56799,77.244594,23.4,15.7,79.0,0
28.592965,77.247067,32.4,39.9,14.0,0
28.644198,77.253552,72.1,128.5,39.0,0
28.622999,77.235187,65.0,138.9,29.0,0
28.610586,77.24938,64.3,26.6,7.0,0
28.577823,77.240137,45.1,61.8,67.0,0
28.53822,77.277746,31.7,7.9,116.0,0
28.594878,77.182615,10.6,486.2,6.0,1
28.605939,77.235521,78.0,84.9,27.0,0
28.537079,77.27944,14.3,20.3,2.0,0
28.612899,77.179314,20.2,184.0,16.0,0
28.630102,77.183944,61.1,34.4,18.0,0
28.5759,77.244718,28.1,25.8,102.0,0
28.630672,77.287605,46.7,28.2,84.0,0
28.624285,77.211787,60.9,53.2,107.0,0
28.595273,77.223277,44.5,2.7,5.0,0
28.589701,77.236693,39.3,84.3,9.0,0
28.59389,77.194161,4.1,236.2,22.0,0
28.56769,77.328187,39.0,135.2,82.0,0
28.627732,77.172269,36.4,133.3,2.0,0
28.568236,77.223002,70.4,119.0,10.0,0
28.571446,77.223806,35.8,35.3,41.0,0
28.635363,77.109081,50.4,16.9,1.0,0
28.598396,77.176384,61.9,30.2,7.0,0
28.613585,77.150891,37.4,15.2,23.0,0
28.524919,77.254514,20.9,152.3,16.0,0
28.584335,77.13384,71.5,43.7,27.0,0
28.694539,77.265594,71.6,133.7,85.0,0
28.52146,77.159512,72.0,27.4,15.0,0
28.697981,77.266576,21.8,12.4,59.0,0
28.623561,77.148677,25.2,163.6,128.0,0
28.583851,77.239702,73.5,128.3,22.0,0
28.600279,77.265257,10.1,65.0,3.0,0
28.672026,77.247156,52.5,10.5,60.0,0
28.496625,77.157444,23.4,32.8,76.0,0
28.681271,77.274989,57.7,4.7,39.0,0
28.623782,77.245789,66.7,182.8,34.0,0
28.661112,77.100607,32.6,22.0,82.0,0
28.523084,77.224035,12.1,59.3,32.0,0
28.599127,77.360186,58.6,227.6,0.0,0
28.494082,77.274324,4.5,78.1,132.0,0
28.670379,77.193549,1.2,78.1,18.0,0
28.561365,77.245702,70.2,143.1,56.0,0
28.56063,77.198858,65.3,94.6,49.0,0
28.513779,77.269229,46.6,53.2,43.0,0
28.632718,77.17779,53.2,10.4,17.0,0
28.614095,77.278929,76.2,54.9,81.0,0
28.573106,77.26452,5.0,16.1,17.0,0
28.623655,77.250631,17.3,54.2,168.0,0
28.571503,77.322041,58.3,1.8,49.0,0
28.522536,77.268792,21.1,34.8,88.0,0
28.59231,77.269579,16.6,4.6,82.0,0
28.692736,77.27482,35.4,12.6,207.0,0
28.659083,77.254188,57.9,95.0,46.0,0
28.633269,77.24171,16.8,299.4,3.0,1
28.622701,77.184637,34.4,66.5,6.0,0
28.592333,77.185323,41.5,14.9,27.0,0
28.647299,77.240103,13.8,37.8,27.0,0
28.638766,77.24896,38.1,21.4,15.0,0
28.606344,77.219391,69.3,3.9,156.0,0
28.620454,77.194421,59.7,195.4,38.0,0
28.530207,77.211695,40.3,62.5,140.0,0
28.586485,77.215858,10.0,12.9,3.0,0
28.550845,77.232253,1.9,109.5,26.0,0
28.549891,77.207392,5.4,15.0,27.0,0
28.634014,77.276785,60.0,18.5,2.0,0
28.54727,77.212965,56.3,73.6,63.0,0
28.648904,77.186334,59.7,44.5,9.0,0
28.6621,77.21446,24.6,180.1,26.0,0
28.607415,77.163431,7.2,72.6,238.0,0
28.580224,77.319166,57.1,16.1,160.0,0
28.662051,77.251276,73.8,51.5,18.0,0
28.638118,77.217869,36.2,103.8,23.0,0
28.670259,77.289323,61.1,73.3,47.0,0
28.556425,77.208248,58.2,31.0,20.0,0
28.597483,77.216827,68.3,39.1,78.0,0
28.599572,77.183292,2.3,87.6,50.0,0
28.620971,77.171473,76.4,58.6,38.0,0
28.641744,77.229041,69.2,6.1,189.0,0
28.617392,77.271701,70.1,63.6,15.0,0
28.67727,77.174587,79.7,48.5,117.0,0
28.591763,77.206536,51.2,135.0,78.0,0
28.558049,77.208322,6.5,9.5,13.0,0
28.577217,77.257077,65.8,0.1,12.0,0
28.570996,77.196928,10.8,137.5,52.0,0
28.587704,77.256156,59.0,19.0,5.0,0
28.597041,77.254271,33.9,2.6,39.0,0
28.599161,77.185402,0.5,20.0,25.0,0
28.622096,77.203848,34.9,173.7,114.0,0
28.587445,77.222524,63.7,15.0,55.0,0
28.66294,77.19665,7.0,30.9,61.0,0
28.51359,77.173757,0.2,75.4,24.0,0
28.499157,77.292621,36.2,15.8,15.0,0
28.660565,77.129368,0.1,82.9,46.0,0
28.656637,77.230141,74.8,98.1,174.0,0
28.672451,77.286727,66.0,21.0,54.0,0
28.642336,77.178215,50.4,8.1,1.0,0
28.610626,77.219818,1.4,41.1,199.0,0
28.597579,77.263639,45.6,96.0,108.0,0
28.530393,77.066377,53.7,134.3,129.0,0
28.617884,77.21598,47.0,3.0,36.0,0
28.53866,77.139886,75.8,61.5,136.0,0
28.733806,77.266667,66.5,23.8,18.0,0
28.558898,77.178878,29.2,43.0,97.0,0
28.606728,77.307723,55.6,60.2,57.0,0
28.685821,77.170753,36.9,106.3,183.0,0
28.592199,77.240983,74.3,3.2,21.0,0
28.592536,77.174681,49.5,14.9,8.0,0
28.481161,77.206635,46.6,76.6,76.0,0
28.545011,77.218287,40.1,46.5,256.0,0
28.638577,77.21979,30.2,18.8,9.0,0
28.694142,77.301243,11.8,5.4,6.0,0
28.565942,77.289867,21.9,197.0,34.0,0
28.620337,77.181031,26.6,36.1,76.0,0
28.745923,77.220642,12.3,42.3,54.0,0
28.63884,77.160314,65.0,4.0,169.0,0
28.659304,77.148933,0.2,107.3,99.0,0
28.572196,77.185154,73.3,388.0,51.0,1
28.688119,77.302667,10.3,306.4,27.0,1
28.575884,77.13412,4.1,29.8,108.0,0
28.5671,77.247315,79.6,259.8,40.0,1
28.684469,77.241517,80.0,41.9,125.0,0
28.578653,77.181339,15.3,39.2,55.0,0
28.610316,77.250749,10.7,142.5,74.0,0
28.691809,77.250521,15.8,125.5,3.0,0
28.564794,77.216626,40.9,51.5,279.0,0
28.59866,77.210981,25.7,47.5,84.0,0
28.579989,77.206224,26.9,276.5,52.0,1
28.594064,77.176304,64.8,42.0,46.0,0
28.612462,77.22677,71.2,158.3,55.0,0
28.677505,77.193244,77.6,109.8,3.0,0
28.692615,77.226576,41.2,9.0,27.0,0
28.618292,77.187997,19.7,13.9,6.0,0
28.574171,77.185636,44.4,3.1,12.0,0
28.644402,77.191263,69.7,2.9,24.0,0
28.610763,77.281951,2.5,74.2,67.0,0
28.612395,77.149631,72.9,6.4,160.0,0
28.558909,77.307129,18.1,11.7,261.0,0
28.529646,77.256904,24.8,22.4,83.0,0
28.609554,77.140348,29.1,64.5,19.0,0
28.557027,77.189585,73.1,20.8,23.0,0
28.583987,77.13737,14.1,40.3,22.0,0
28.684633,77.250843,17.8,34.9,109.0,0
28.606992,77.282332,58.5,40.4,89.0,0
28.665855,77.22996,74.8,211.6,4.0,0
28.625307,77.279453,8.4,279.7,41.0,1
28.639692,77.227684,41.8,6.0,62.0,0
28.582998,77.267049,73.2,9.4,1.0,0
28.668146,77.233099,70.9,4.5,54.0,0
28.626041,77.219202,75.9,39.2,170.0,0
28.59728,77.257183,72.2,152.4,3.0,0
28.626015,77.210684,25.2,128.7,11.0,0
28.574738,77.291347,16.6,35.1,7.0,0
28.595816,77.202727,72.1,111.1,28.0,0
28.607736,77.246858,57.0,309.0,28.0,1
28.584216,77.183167,30.3,17.2,187.0,0
28.688436,77.13984,57.0,265.7,97.0,1
28.589741,77.236398,24.6,117.8,61.0,0
28.714626,77.128301,46.5,9.7,62.0,0
28.613863,77.325958,18.7,126.6,66.0,0
28.598784,77.200792,44.9,8.6,11.0,0
28.585279,77.214612,73.9,2.4,26.0,0
28.63162,77.202998,61.7,115.7,62.0,0
28.65521,77.225539,52.5,180.3,2.0,0
28.483603,77.235509,19.7,40.9,40.0,0
28.610744,77.176506,5.1,1.9,109.0,0
28.511095,77.090794,56.8,72.8,47.0,0
28.659591,77.163461,46.1,21.3,120.0,0
28.660484,77.194237,17.0,62.8,82.0,0
28.612549,77.232511,74.8,30.6,46.0,0
28.62092,77.227678,44.2,77.9,28.0,0
28.539012,77.256161,45.7,24.1,64.0,0
28.583136,77.136354,23.9,12.9,41.0,0
28.579891,77.173862,70.4,111.7,309.0,0
28.58805,77.196452,71.3,61.9,57.0,0
28.654109,77.294706,57.2,30.5,17.0,0
28.674585,77.354526,7.9,79.1,198.0,0
28.641029,77.151078,6.8,27.1,20.0,0
28.59433,77.273081,37.6,36.4,133.0,0
28.573192,77.222845,11.4,37.7,41.0,0
28.615026,77.246309,26.6,20.5,73.0,0
28.625326,77.15228,13.7,46.5,14.0,0
28.599451,77.286253,24.8,135.1,49.0,0
28.577547,77.107445,75.4,283.1,13.0,1
28.641263,77.152765,60.3,19.8,16.0,0
28.646176,77.205011,11.1,223.5,11.0,0
28.544903,77.188838,53.5,26.0,36.0,0
28.591313,77.219791,2.4,50.8,43.0,0
28.649395,77.184265,78.7,8.5,18.0,0
28.659929,77.200668,42.5,74.9,57.0,0
28.613728,77.20928,40.4,57.2,19.0,0
28.628767,77.207333,19.2,90.9,44.0,0
28.623127,77.225929,36.6,73.4,69.0,0
28.658215,77.263304,42.1,318.8,4.0,1
28.55504,77.180821,52.7,117.6,118.0,0
28.62388,77.285885,3.7,269.3,27.0,1
28.566057,77.220959,27.4,59.6,44.0,0
28.664904,77.281552,31.0,26.4,35.0,0
28.557583,77.201375,11.9,60.7,179.0,0
28.630924,77.175188,19.2,50.3,13.0,0
28.566325,77.222512,18.9,44.6,59.0,0
28.648121,77.346695,64.8,41.0,106.0,0
28.632464,77.150242,55.0,133.4,34.0,0
28.622483,77.252366,73.8,108.1,24.0,0
28.708547,77.227373,24.8,82.6,7.0,0
28.575374,77.2387,70.5,82.9,77.0,0
28.656804,77.158212,69.1,37.5,93.0,0
28.669101,77.241357,35.8,46.1,23.0,0
28.656818,77.233272,50.4,13.2,90.0,0
28.576633,77.144322,47.8,69.2,6.0,0
28.59877,77.225062,24.6,12.1,34.0,0
28.580202,77.206352,21.0,197.5,19.0,0
28.595635,77.200808,13.5,43.0,19.0,0
28.568441,77.216218,67.0,3.5,160.0,0
28.592338,77.272884,42.7,0.1,90.0,0
28.683881,77.241407,27.1,90.2,87.0,0
28.594538,77.16633,40.8,75.6,41.0,0
28.615792,77.243355,6.4,117.7,58.0,0
28.574228,77.216285,8.5,110.7,93.0,0
28.60975,77.187688,60.7,0.2,19.0,0
28.651834,77.156516,72.1,14.6,21.0,0
28.634972,77.25885,25.6,31.5,129.0,0
28.681415,77.189975,32.7,5.1,16.0,0
28.55001,77.263904,29.9,15.7,68.0,0
28.572682,77.164673,38.3,69.7,151.0,0
28.589855,77.318239,33.1,48.9,183.0,0
28.686746,77.350186,30.9,157.6,22.0,0
28.625439,77.245614,52.8,20.3,180.0,0
28.539647,77.283321,21.8,61.3,9.0,0
28.665112,77.19583,75.4,158.3,17.0,0
28.61598,77.190885,24.7,5.0,31.0,0
28.655016,77.278203,17.2,163.3,86.0,0
28.689678,77.22607,77.8,33.7,6.0,0
28.56162,77.149899,18.3,157.0,15.0,0
28.689662,77.222364,42.9,91.6,39.0,0
28.60679,77.157406,26.3,89.4,5.0,0
28.589804,77.209242,6.2,3.9,26.0,0
28.618233,77.270941,76.2,226.7,57.0,0
28.550875,77.291471,29.9,45.1,89.0,0
28.609504,77.232314,51.6,9.2,42.0,0
28.598365,77.285402,69.0,116.5,36.0,0
28.563592,77.195503,44.2,161.3,24.0,0
28.57818,77.303535,57.0,212.2,28.0,0
28.667406,77.182353,62.8,56.5,47.0,0
28.601616,77.17804,30.5,41.4,30.0,0
28.561463,77.195455,50.3,70.1,23.0,0
28.632908,77.181128,16.5,28.2,59.0,0
28.648833,77.244371,4.4,39.9,342.0,0
28.6104,77.281113,78.9,62.0,21.0,0
28.548794,77.219275,7.4,139.2,8.0,0
28.483175,77.234065,34.3,153.6,10.0,0
28.565458,77.149378,5.4,11.3,56.0,0
28.663213,77.223313,73.8,11.5,49.0,0
28.658642,77.307037,8.7,16.3,7.0,0
28.570698,77.289135,62.9,72.6,32.0,0
28.598704,77.163761,57.3,18.1,116.0,0
28.64539,77.196593,3.6,75.9,39.0,0
28.603577,77.388827,57.7,103.4,91.0,0
28.657316,77.239405,77.5,156.4,3.0,0
28.605639,77.294265,41.7,161.6,41.0,0
28.63458,77.298189,23.2,19.3,104.0,0
28.594361,77.162713,43.6,29.9,55.0,0
28.571304,77.254694,9.7,16.0,7.0,0
28.668785,77.227864,76.5,91.3,130.0,0
28.535402,77.305583,29.2,92.9,12.0,0
28.580515,77.316608,36.6,0.3,75.0,0
28.605783,77.176911,32.1,14.4,5.0,0
28.653433,77.390576,2.2,32.6,46.0,0
28.566556,77.226952,2.7,18.6,21.0,0
28.616842,77.250115,45.0,64.1,225.0,0
28.541174,77.085888,40.2,3.3,138.0,0
28.632519,77.268915,78.9,140.0,35.0,0
28.701686,77.110793,21.1,50.2,115.0,0
28.512522,77.211304,29.5,72.1,16.0,0
28.574131,77.190856,79.0,69.4,44.0,0
28.652347,77.241806,3.8,47.9,106.0,0
28.757682,77.227466,51.4,67.0,69.0,0
28.639903,77.247847,8.1,6.3,36.0,0
28.574028,77.280797,75.7,38.8,46.0,0
28.603071,77.168302,23.0,99.0,21.0,0
28.549157,77.20828,65.1,36.5,50.0,0
28.650757,77.176228,72.9,23.4,9.0,0
28.662805,77.172465,67.8,66.6,85.0,0
28.680814,77.315134,44.6,51.8,317.0,0
28.593996,77.155054,77.9,61.0,3.0,0
28.570124,77.177395,54.1,254.4,94.0,1
28.685248,77.328213,62.9,13.0,110.0,0
28.679541,77.212158,19.5,76.7,2.0,0
28.561106,77.215278,33.5,2.5,53.0,0
28.591722,77.238526,47.9,83.3,134.0,0
28.649976,77.158253,11.7,17.6,50.0,0
28.597888,77.172397,77.3,131.6,53.0,0
28.612082,77.187669,8.8,25.1,324.0,0
28.537045,77.270611,58.6,41.0,137.0,0
28.554384,77.252078,4.6,58.0,60.0,0
28.605928,77.186988,8.2,75.3,43.0,0
28.575561,77.211824,49.9,28.4,13.0,0
28.553099,77.257472,36.2,13.6,112.0,0
28.594793,77.099257,0.3,80.7,20.0,0
28.566623,77.233612,31.5,46.7,0.0,0
28.611903,77.256398,20.0,4.7,3.0,0
28.660125,77.172578,69.7,61.6,13.0,0
28.595437,77.251006,56.6,50.4,101.0,0
28.589196,77.21925,59.0,57.5,220.0,0
28.664185,77.309035,76.1,9.1,76.0,0
28.647176,77.192347,56.8,51.2,11.0,0
28.6504,77.248045,12.8,109.4,120.0,0
28.484465,77.145001,75.0,11.4,100.0,0
28.588085,77.22226,9.0,78.2,113.0,0
28.581913,77.259265,15.4,15.7,12.0,0
28.569221,77.19223,22.8,29.6,44.0,0
28.66318,77.27448,14.0,36.0,59.0,0
28.583327,77.26451,1.5,115.3,68.0,0
28.54098,77.225691,36.7,20.5,69.0,0
28.622808,77.204937,55.0,24.5,1.0,0
28.610119,77.064301,33.7,163.3,193.0,0
28.564379,77.186069,18.8,108.8,52.0,0
28.661394,77.27354,70.6,56.5,13.0,0
28.637044,77.20483,31.1,30.4,87.0,0
28.636883,77.241094,67.1,125.5,3.0,0
28.634698,77.1953,14.3,66.2,11.0,0
28.66498,77.147157,26.7,32.1,30.0,0
28.60273,77.255894,64.3,30.2,50.0,0
28.548422,77.157084,2.4,48.9,32.0,0
28.600139,77.205387,73.6,237.5,22.0,0
28.527719,77.236718,31.7,82.5,80.0,0
28.557397,77.184588,78.2,91.0,0.0,0
28.691454,77.297018,56.1,39.1,68.0,0
28.555471,77.317115,76.0,300.3,180.0,1
28.551803,77.178022,5.3,41.8,10.0,0
28.643981,77.179985,57.8,1.0,116.0,0
28.653661,77.196575,70.0,129.2,12.0,0
28.527184,77.276152,79.0,57.5,33.0,0
28.622939,77.242797,2.7,13.0,221.0,0
28.58308,77.25605,6.7,1.9,93.0,0
28.627029,77.284266,58.5,387.9,27.0,1
28.595366,77.173222,3.1,83.4,26.0,0
28.54222,77.243637,0.9,50.2,23.0,0
28.586432,77.221066,43.6,32.5,27.0,0
28.641789,77.240005,42.4,6.0,223.0,0
28.707685,77.275957,49.1,82.9,25.0,0
28.629992,77.210915,1.1,36.8,35.0,0
28.590954,77.183663,40.3,366.0,14.0,1
28.551518,77.165945,22.9,9.2,61.0,0
28.602577,77.306209,60.5,22.6,107.0,0
28.591578,77.216399,27.9,41.3,20.0,0
28.625789,77.150108,28.5,127.7,14.0,0
28.607519,77.28765,52.3,120.0,36.0,0
28.634479,77.133003,52.9,22.4,69.0,0
28.592515,77.141004,4.7,35.9,31.0,0
28.695956,77.202701,50.1,4.9,10.0,0
28.639691,77.191158,52.6,38.0,12.0,0
28.575165,77.234097,36.6,14.7,20.0,0
28.660556,77.122182,66.2,201.6,108.0,0
28.552699,77.234804,0.7,132.0,43.0,0
28.567766,77.28242,77.5,14.4,53.0,0
28.570451,77.169404,30.1,54.0,13.0,0
28.676919,77.199582,47.7,254.2,64.0,1
28.601562,77.178422,2.7,42.3,110.0,0
28.579066,77.234519,56.7,47.5,13.0,0
28.618705,77.164727,43.5,33.4,4.0,0
28.637603,77.15846,76.8,54.2,65.0,0
28.689959,77.210945,33.8,72.6,102.0,0
28.53565,77.235352,57.7,7.5,69.0,0
28.673666,77.226024,5.9,7.8,34.0,0
28.507133,77.19652,5.2,117.2,64.0,0
28.655814,77.251916,75.9,324.8,347.0,1
28.668664,77.230018,20.3,54.1,59.0,0
28.671253,77.16004,73.0,158.1,45.0,0
28.638942,77.084707,7.0,162.6,47.0,0
28.557245,77.244581,51.0,36.9,38.0,0
28.647854,77.205671,44.1,31.9,70.0,0
28.557125,77.163003,77.3,104.6,112.0,0
28.563565,77.299768,32.3,193.1,77.0,0
28.587687,77.299244,3.9,153.7,15.0,0
28.592192,77.282178,37.9,30.8,27.0,0
28.622535,77.229809,65.9,35.1,54.0,0
28.57573,77.060282,4.2,106.6,299.0,0
28.626985,77.277263,2.9,30.5,4.0,0
28.541884,77.172472,65.7,152.8,13.0,0
28.612441,77.190542,65.9,56.9,89.0,0
28.596877,77.263461,16.0,27.7,13.0,0
28.661191,77.320091,52.6,27.0,67.0,0
28.666224,77.295554,5.1,122.6,310.0,0
28.602002,77.227133,61.2,10.7,61.0,0
28.512526,77.255448,24.4,215.0,39.0,0
28.536786,77.163214,18.4,42.7,107.0,0
28.666687,77.13737,54.2,148.6,89.0,0
28.603332,77.272499,72.9,125.7,74.0,0
28.697958,77.234629,3.3,120.9,7.0,0
28.655335,77.146084,11.5,89.8,60.0,0
28.623259,77.2161,20.5,55.4,1.0,0
28.616927,77.249347,74.2,39.5,3.0,0
28.553055,77.263839,70.2,69.5,2.0,0
28.578934,77.249909,72.6,59.9,7.0,0
28.631314,77.200341,30.3,34.6,34.0,0
28.593246,77.176083,18.5,54.4,175.0,0
28.633914,77.224356,15.3,36.3,5.0,0
28.661962,77.258607,70.6,85.8,77.0,0
28.601517,77.263762,18.5,144.2,42.0,0
28.588923,77.297516,42.5,123.7,19.0,0
28.565685,77.22025,26.5,33.3,23.0,0
28.652244,77.162986,39.9,57.0,1.0,0
28.648175,77.272825,27.7,0.9,72.0,0
28.719854,77.222649,23.4,163.4,6.0,0
28.619343,77.154365,34.2,22.5,2.0,0
28.605668,77.249686,26.6,46.5,38.0,0
28.633866,77.289094,67.2,13.2,39.0,0
28.596102,77.237651,46.5,90.7,64.0,0
28.566234,77.289704,14.1,63.0,74.0,0
28.614939,77.194274,18.9,36.3,43.0,0
28.633391,77.182123,4.3,61.3,74.0,0
28.636705,77.261226,24.0,14.8,17.0,0
28.632703,77.200862,53.6,119.6,9.0,0
28.663694,77.27876,14.6,24.7,161.0,0
28.636526,77.227038,7.9,76.4,28.0,0
28.62403,77.279435,25.7,183.7,6.0,0
28.547221,77.250063,49.0,3.1,105.0,0
28.622794,77.173497,37.8,39.2,57.0,0
28.601957,77.118924,26.6,11.6,54.0,0
28.554419,77.257597,70.6,191.5,9.0,0
28.635543,77.246758,37.5,35.7,85.0,0
28.63641,77.167602,36.4,19.2,14.0,0
28.63177,77.258429,2.5,90.3,3.0,0
28.63828,77.288031,51.1,62.7,11.0,0
28.616696,77.183134,36.7,135.8,72.0,0
28.598164,77.121824,11.6,111.9,94.0,0
28.699002,77.267031,19.5,294.1,17.0,1
28.617912,77.282121,16.2,7.6,23.0,0
28.483371,77.181806,9.8,6.7,11.0,0
28.489114,77.2572,34.8,190.3,36.0,0
28.670747,77.235081,29.1,249.4,15.0,0
28.5188,77.213023,28.8,41.8,249.0,0
28.583283,77.247528,20.1,48.7,87.0,0
28.54971,77.193397,34.9,36.8,55.0,0
28.595371,77.163433,43.8,120.3,77.0,0
28.629805,77.238792,48.9,117.8,11.0,0
28.577267,77.231906,17.6,19.9,82.0,0
28.56972,77.091157,58.2,38.7,26.0,0
28.646964,77.159442,2.2,19.1,38.0,0
28.742094,77.18489,60.0,3.8,130.0,0
28.637521,77.244746,22.6,4.6,173.0,0
28.564799,77.14237,29.6,12.7,88.0,0
28.654057,77.202519,46.5,2.4,88.0,0
28.697707,77.315383,48.8,44.0,82.0,0
28.663667,77.22184,33.7,5.3,59.0,0
28.533314,77.224955,75.0,150.4,13.0,0
28.636922,77.21545,68.7,99.6,53.0,0
28.587548,77.267603,18.0,122.5,3.0,0
28.613126,77.220587,47.1,76.9,2.0,0
28.591793,77.207505,57.7,87.2,109.0,0
28.647637,77.22611,17.4,9.6,47.0,0
28.592853,77.284788,1.5,4.8,1.0,0
28.681392,77.238603,78.0,362.4,19.0,1
28.610351,77.221374,76.7,37.3,69.0,0
28.599326,77.27738,25.6,4.2,168.0,0
28.639089,77.192391,19.1,13.9,112.0,0
28.62836,77.058397,12.4,165.8,35.0,0
28.640521,77.240887,55.0,18.4,20.0,0
28.603838,77.240304,60.4,50.3,22.0,0
28.677225,77.187389,33.6,88.1,79.0,0
28.660013,77.205052,19.4,270.2,98.0,1
28.609886,77.281398,35.9,1.1,27.0,0
28.651634,77.241197,41.3,53.5,59.0,0
28.59735,77.292233,43.5,442.4,82.0,1
28.639013,77.231928,35.5,10.4,112.0,0
28.651766,77.210817,0.3,10.6,61.0,0
28.622986,77.25389,37.7,7.3,120.0,0
28.569493,77.236906,27.8,56.7,20.0,0
28.550828,77.240438,44.5,34.3,72.0,0
28.625175,77.206985,5.6,100.8,31.0,0
28.574307,77.189901,70.3,67.8,158.0,0
28.663216,77.191782,70.0,69.6,15.0,0
28.535062,77.244497,45.1,57.2,93.0,0
28.676362,77.250974,59.0,386.9,161.0,1
28.613048,77.087068,35.0,62.0,69.0,0
28.567786,77.18186,47.2,6.0,93.0,0
28.587933,77.138972,49.4,31.1,130.0,0
28.600321,77.193585,28.3,121.4,22.0,0
28.634651,77.188335,76.9,79.2,8.0,0
28.549237,77.225906,48.2,92.1,165.0,0
28.562545,77.227796,79.2,203.9,2.0,0
28.594287,77.325019,34.6,46.9,40.0,0
28.608964,77.237144,2.6,1.6,23.0,0
28.646325,77.250426,24.2,369.1,49.0,1
28.623962,77.147405,52.1,48.5,272.0,0
28.591026,77.20176,72.8,8.2,3.0,0
28.622323,77.164334,49.2,63.6,88.0,0
28.618774,77.248428,37.7,71.4,1.0,0
28.597913,77.221107,6.5,66.5,18.0,0
28.616313,77.201422,11.6,268.0,73.0,1
28.502923,77.266322,4.3,30.8,19.0,0
28.657174,77.205035,56.9,2.8,57.0,0
28.637898,77.285198,66.5,201.8,204.0,0
28.685399,77.284532,13.2,17.0,125.0,0
28.569953,77.186717,26.0,110.7,109.0,0
28.639075,77.274174,38.3,18.3,13.0,0
28.515251,77.224134,11.4,141.3,19.0,0
28.522218,77.198798,33.3,189.5,93.0,0
28.598653,77.238241,77.3,8.9,79.0,0
28.581567,77.139147,57.5,12.7,21.0,0
28.662867,77.191604,13.4,207.5,34.0,0
28.669417,77.239389,7.9,117.8,63.0,0
28.674682,77.203784,35.6,3.2,45.0,0
28.640395,77.272407,79.0,16.1,37.0,0
28.64255,77.198597,63.5,42.5,6.0,0
28.546415,77.224574,23.4,159.7,34.0,0
28.680485,77.212485,2.1,13.1,291.0,1
28.673095,77.142103,32.9,103.0,25.0,0
28.541503,77.238119,12.8,7.0,71.0,0
28.633902,77.234358,14.4,50.4,42.0,0
28.583164,77.121864,13.0,104.4,95.0,0
28.702981,77.095012,57.6,5.4,83.0,0
28.561749,77.195825,2.9,18.3,173.0,0
28.61513,77.28003,45.2,125.5,63.0,0
28.619798,77.354417,60.2,14.3,177.0,0
28.607832,77.127457,12.5,88.1,3.0,0
28.717918,77.29978,71.4,82.2,31.0,0
28.695053,77.276577,6.3,58.8,67.0,0
28.52862,77.189333,54.6,18.0,39.0,0
28.634856,77.312659,13.8,43.2,161.0,0
28.609932,77.241827,64.5,77.8,9.0,0
28.652215,77.207127,45.7,170.8,39.0,0
28.621145,77.129478,47.1,127.9,116.0,0
28.56987,77.223604,27.7,74.8,85.0,0
28.558625,77.22057,22.7,20.8,94.0,0
28.590405,77.33044,37.1,19.5,37.0,0
28.604473,77.171207,60.6,134.5,25.0,0
28.620195,77.174195,13.5,87.4,42.0,0
28.581972,77.192967,65.3,35.5,13.0,0
28.695799,77.35131,38.4,284.6,62.0,1
28.637263,77.160975,36.2,176.4,93.0,0
28.654198,77.283905,1.3,89.1,4.0,0
28.603563,77.140611,9.9,36.9,55.0,0
28.558624,77.240083,34.6,29.5,51.0,0
28.654667,77.223411,78.5,224.3,18.0,0
28.560827,77.183513,20.0,46.9,322.0,0
28.509359,77.254392,0.8,128.8,42.0,0
28.638781,77.178478,34.9,224.7,131.0,0
28.572719,77.137742,1.3,54.2,13.0,0
28.593787,77.202919,26.9,84.7,83.0,0
28.645199,77.172635,28.3,7.2,5.0,0
28.563981,77.231462,0.2,84.6,4.0,0
28.53039,77.204195,62.4,19.4,13.0,0
28.671471,77.296701,73.0,88.8,80.0,0
28.607585,77.202541,79.9,8.5,348.0,0
28.673367,77.232287,40.7,54.7,100.0,0
28.641807,77.160391,24.5,58.9,33.0,0
28.643282,77.197169,57.4,52.9,62.0,0
28.618672,77.172918,58.9,113.1,39.0,0
28.61863,77.277739,30.3,112.4,17.0,0
28.667226,77.180621,45.2,98.0,57.0,0
28.651224,77.18598,65.7,79.9,45.0,0
28.581049,77.233442,15.1,187.8,46.0,0
28.63515,77.182815,1.6,68.6,4.0,0
28.579533,77.288983,43.2,34.3,8.0,0
28.59487,77.316387,53.2,4.9,42.0,0
28.638919,77.173628,46.0,61.4,27.0,0
28.578778,77.260782,47.7,20.7,33.0,0
28.617881,77.17625,31.4,39.1,30.0,0
28.629505,77.200671,52.1,4.1,75.0,0
28.593533,77.253009,3.4,81.9,12.0,0
28.646484,77.225492,12.1,174.2,171.0,0
28.588527,77.226817,35.6,31.5,38.0,0
28.657632,77.273415,75.4,130.7,25.0,0
28.617035,77.273068,51.6,10.8,1.0,0
28.619142,77.221055,28.4,102.7,26.0,0
28.565562,77.186777,36.6,6.6,59.0,0
28.598769,77.218546,67.7,23.9,96.0,0
28.620243,77.168062,43.4,35.7,79.0,0
28.661721,77.257802,3.8,13.6,51.0,0
28.594416,77.209088,33.3,16.3,34.0,0
28.661535,77.163222,31.0,96.0,45.0,0
28.572719,77.285548,72.0,8.1,196.0,0
28.627208,77.217802,24.4,217.3,203.0,0
28.585161,77.181099,5.2,117.0,98.0,0
28.687708,77.275649,28.4,35.3,11.0,0
28.678684,77.281375,3.5,79.3,163.0,0
28.624785,77.124151,66.6,101.7,63.0,0
28.583746,77.273869,47.2,72.2,39.0,0
28.534651,77.226388,37.6,77.0,49.0,0
28.629415,77.26707,28.8,198.1,39.0,0
28.620877,77.215102,33.4,170.4,39.0,0
28.653408,77.237462,63.0,196.1,34.0,0
28.537182,77.203288,14.4,173.2,136.0,0
28.617576,77.268114,5.7,92.5,37.0,0
28.631949,77.184932,44.9,54.1,15.0,0
28.565401,77.26981,68.7,53.5,16.0,0
28.616326,77.227433,45.0,118.1,8.0,0
28.574153,77.256336,63.7,206.1,48.0,0
28.569232,77.168037,71.4,7.4,24.0,0
28.58397,77.239639,6.2,167.5,52.0,0
28.597195,77.24516,47.1,151.6,160.0,0
28.672437,77.311216,66.6,7.3,187.0,0
28.594411,77.253387,51.5,85.5,22.0,0
28.568207,77.189093,47.3,285.7,15.0,1
28.651145,77.187024,63.0,152.7,3.0,0
28.661884,77.256556,56.6,5.2,19.0,0
28.651472,77.191501,40.1,207.4,42.0,0
28.678963,77.192526,3.5,15.2,55.0,0
28.620113,77.175543,49.1,6.0,6.0,0
28.61828,77.225155,17.1,20.7,17.0,0
28.575306,77.229463,20.3,52.8,3.0,0
28.680451,77.202192,54.4,135.1,90.0,0
28.605892,77.30325,36.2,24.9,19.0,0
28.595321,77.247054,57.3,39.6,51.0,0
28.59085,77.306413,31.4,12.2,37.0,0
28.642329,77.225043,69.6,27.6,39.0,0
28.614677,77.181859,34.2,185.9,66.0,0
28.619975,77.168771,39.5,91.4,32.0,0
28.594273,77.212349,10.1,89.6,17.0,0
28.600585,77.256163,40.3,23.0,32.0,0
28.603097,77.203643,19.2,12.6,104.0,0
28.681579,77.261345,61.0,174.7,50.0,0
28.520438,77.288666,57.1,230.1,225.0,0
28.63291,77.178166,1.3,4.4,92.0,0
28.664908,77.163525,39.5,60.4,105.0,0
28.518574,77.265908,3.6,46.4,92.0,0
28.606926,77.231949,45.5,107.3,35.0,0
28.659606,77.234773,72.1,28.7,98.0,0
28.572852,77.253368,69.4,77.5,60.0,0
28.623927,77.142203,19.5,6.9,15.0,0
28.563901,77.240562,11.2,138.5,6.0,0
28.612154,77.227524,63.3,21.8,41.0,0
28.674379,77.241595,43.7,30.1,52.0,0
28.695281,77.170761,33.9,38.0,26.0,0
28.623262,77.222533,64.8,18.5,60.0,0
28.546552,77.194318,20.2,132.4,10.0,0
28.594976,77.270686,18.0,5.7,98.0,0
28.519842,77.214162,49.0,216.9,31.0,0
28.595801,77.188498,21.8,213.4,78.0,0
28.658735,77.168958,34.1,140.5,115.0,0
28.542356,77.262142,36.4,243.2,16.0,0
28.600146,77.26756,16.4,114.6,47.0,0
28.569691,77.31467,4.9,66.1,8.0,0
28.700184,77.202397,61.3,102.3,3.0,0
28.630434,77.167853,62.7,0.3,2.0,0
28.653019,77.212203,47.9,92.5,180.0,0
28.62513,77.183612,11.9,3.4,3.0,0
28.648549,77.187044,38.1,174.9,55.0,0
28.664532,77.242221,14.2,181.5,4.0,0
28.612415,77.273102,70.5,9.7,75.0,0
28.583941,77.23916,55.8,91.1,40.0,0
28.563738,77.224161,2.5,88.2,14.0,0
28.698437,77.259526,0.1,55.1,55.0,0
28.651534,77.207126,78.7,2.0,24.0,0
28.49934,77.290996,3.2,9.7,10.0,0
28.598269,77.368455,69.3,86.1,81.0,0
28.631304,77.187019,76.5,60.3,29.0,0
28.694113,77.278962,24.6,3.8,38.0,0
28.555366,77.27904,43.2,58.3,2.0,0
28.631818,77.244858,51.8,151.4,50.0,0
28.590513,77.28282,41.6,176.9,43.0,0
28.550653,77.23624,17.1,95.5,83.0,0
28.677771,77.250942,46.5,86.9,39.0,0
28.562291,77.222598,20.7,117.3,111.0,0
28.659039,77.225519,13.2,11.5,26.0,0
28.530771,77.250305,40.4,16.9,82.0,0
28.585999,77.239566,29.8,53.2,17.0,0
28.639102,77.166151,2.2,48.0,119.0,0
28.646339,77.243955,76.0,16.3,26.0,0
28.632344,77.206223,3.2,90.7,80.0,0
28.659771,77.1907,72.2,108.1,98.0,0
28.59607,77.266997,15.2,25.3,11.0,0
28.680119,77.171806,11.3,30.0,97.0,0
28.628331,77.204944,5.5,23.8,21.0,0
28.64724,77.165197,34.1,26.1,54.0,0
28.62868,77.198393,46.9,36.3,44.0,0
28.635072,77.338142,72.3,46.5,53.0,0
28.560443,77.180258,62.7,53.0,93.0,0
28.563417,77.210934,12.8,53.1,107.0,0
28.583441,77.288101,13.4,76.8,17.0,0
28.636216,77.240426,0.7,33.7,13.0,0
28.581069,77.211572,55.0,56.0,5.0,0
28.595696,77.183855,1.4,56.4,73.0,0
28.606868,77.252178,11.1,8.1,39.0,0
28.681394,77.202305,50.8,79.4,10.0,0
28.640639,77.327234,12.0,26.1,40.0,0
28.537435,77.20437,12.3,3.8,250.0,0
28.618484,77.303,18.7,83.3,49.0,0
28.595329,77.26238,30.8,4.0,123.0,0
28.599084,77.26195,0.6,46.7,6.0,0
28.610532,77.210589,59.7,77.6,139.0,0
28.666792,77.195529,61.9,524.9,49.0,1
28.569825,77.205504,29.3,57.9,47.0,0
28.620694,77.270773,63.8,30.6,9.0,0
28.625032,77.244708,22.8,54.2,37.0,0
28.599431,77.125202,78.9,17.4,40.0,0
28.578584,77.154074,31.8,46.1,9.0,0
28.572733,77.211741,53.5,165.1,25.0,0
28.589468,77.245313,25.8,11.7,127.0,0
28.647381,77.20704,36.1,60.4,2.0,0
28.592583,77.193363,51.6,77.6,44.0,0
28.605543,77.169291,27.8,30.0,91.0,0
28.552651,77.264151,52.5,106.5,206.0,0
28.586783,77.223476,11.7,87.2,64.0,0
28.621968,77.302523,38.7,49.9,2.0,0
28.527139,77.153515,21.8,81.7,76.0,0
28.662745,77.253061,73.6,146.7,78.0,0
28.580857,77.245884,66.0,73.4,46.0,0
28.698649,77.260857,39.0,67.3,28.0,0
28.631499,77.259833,36.3,77.7,35.0,0
28.518758,77.193148,66.7,90.1,174.0,0
28.624376,77.209468,55.2,41.3,131.0,0
28.594599,77.226821,54.7,145.0,20.0,0
28.624999,77.168359,43.9,206.1,5.0,0
28.691337,77.270082,69.0,77.8,82.0,0
28.645749,77.094775,15.2,174.2,46.0,0
28.599214,77.160387,69.0,109.2,61.0,0
28.540656,77.134595,41.7,44.0,173.0,0
28.654139,77.273488,49.7,54.8,172.0,0
28.635987,77.22928,77.0,67.5,106.0,0
28.668395,77.191854,34.0,223.8,18.0,0
28.603357,77.223316,53.4,83.5,97.0,0
28.625255,77.231712,41.8,56.8,113.0,0
28.598187,77.156519,74.5,10.5,0.0,0
28.614842,77.225798,39.0,87.9,32.0,0
28.534774,77.287939,20.5,64.7,23.0,0
28.626413,77.296748,38.6,225.1,111.0,0
28.62962,77.261165,73.3,33.5,7.0,0
28.585307,77.231415,40.1,127.0,58.0,0
28.640833,77.264727,11.7,26.6,43.0,0
28.654128,77.253786,43.3,15.1,155.0,0
28.680508,77.162302,31.0,1.0,39.0,0
28.559497,77.172817,52.0,180.6,5.0,0
28.643969,77.250233,19.3,47.0,132.0,0
28.677395,77.185075,25.8,26.4,55.0,0
28.59296,77.167238,41.3,41.3,66.0,0
28.680246,77.282968,9.5,99.5,76.0,0
28.574205,77.221636,16.8,40.0,106.0,0
28.613985,77.215253,64.1,20.5,81.0,0
28.524148,77.158353,75.1,7.4,18.0,0
28.517137,77.196065,77.6,77.8,190.0,0
28.532831,77.201329,75.0,288.0,9.0,1
28.681437,77.173244,75.4,80.6,32.0,0
28.571721,77.157727,65.7,234.8,46.0,0
28.571847,77.305895,58.8,168.3,3.0,0
28.630912,77.28897,18.5,13.6,8.0,0
28.573322,77.213251,35.3,169.0,13.0,0
28.67075,77.15212,31.8,0.1,123.0,0
28.703682,77.132231,58.4,57.0,55.0,0
28.499417,77.195922,38.0,59.2,6.0,0
28.636513,77.105824,28.8,103.8,79.0,0
28.507476,77.19586,65.1,112.9,37.0,0
28.542494,77.117429,60.0,21.1,10.0,0
28.634382,77.213787,29.5,171.0,49.0,0
28.563315,77.228321,33.5,15.8,29.0,0
28.623546,77.209158,71.5,260.5,63.0,1
28.612053,77.327088,58.6,336.7,236.0,1
28.528097,77.208185,55.2,95.5,78.0,0
28.643371,77.305014,56.9,83.7,43.0,0
28.62545,77.233313,8.2,309.8,57.0,1
28.612441,77.319137,45.1,22.2,89.0,0
28.578098,77.13072,23.3,82.3,16.0,0
28.629983,77.164376,6.8,41.7,9.0,0
28.545805,77.204151,58.5,14.7,51.0,0
28.560099,77.298657,24.3,10.9,82.0,0
28.626546,77.206547,24.8,96.4,33.0,0
28.662008,77.184491,51.2,20.8,13.0,0
28.586643,77.248835,53.3,73.2,61.0,0
28.633351,77.263796,37.9,21.7,68.0,0
28.620748,77.180144,44.5,48.4,93.0,0
28.631215,77.184068,67.9,108.5,53.0,0
28.575911,77.303247,8.6,60.1,27.0,0
28.603038,77.280941,5.2,164.1,15.0,0
28.608588,77.294321,52.5,59.8,3.0,0
28.685419,77.265533,48.3,17.3,31.0,0
28.555275,77.17582,14.9,181.9,88.0,0
28.54031,77.216852,41.8,43.3,84.0,0
28.760469,77.165427,59.7,161.7,171.0,0
28.625948,77.267291,58.5,21.2,1.0,0
28.637925,77.191326,47.7,80.9,12.0,0
28.642608,77.132915,10.4,14.5,65.0,0
28.649094,77.224184,24.3,6.7,47.0,0
28.65545,77.274761,32.5,544.7,76.0,1
28.649323,77.149646,63.1,0.8,30.0,0
28.666851,77.212248,43.5,71.6,26.0,0
28.61887,77.190774,58.7,1.1,72.0,0
28.664111,77.268055,73.9,64.2,32.0,0
28.705099,77.116146,49.9,8.4,18.0,0
28.620296,77.275249,19.0,123.9,22.0,0
28.634539,77.183245,11.2,27.7,15.0,0
28.581509,77.2105,0.0,33.8,1.0,0
28.602259,77.26143,14.1,23.3,71.0,0
28.628143,77.292445,21.5,9.7,80.0,0
28.591038,77.221066,21.6,55.5,94.0,0
28.615124,77.18225,53.4,47.5,12.0,0
28.627566,77.191925,12.0,62.0,147.0,0
28.686531,77.276805,34.8,78.7,24.0,0
28.56731,77.17429,0.4,7.4,135.0,0
28.631508,77.234944,20.9,42.7,19.0,0
28.580292,77.218872,3.3,71.8,3.0,0
28.648802,77.256463,56.8,31.2,44.0,0
28.652775,77.220207,28.3,17.0,45.0,0
28.694373,77.196806,38.4,74.6,139.0,0
28.589216,77.193295,60.9,101.4,67.0,0
28.617778,77.19236,69.0,111.1,105.0,0
28.650703,77.149527,41.3,31.5,115.0,0
28.643432,77.243802,52.0,8.3,40.0,0
28.48611,77.228998,58.9,197.8,143.0,0
28.576128,77.145194,22.8,93.1,77.0,0
28.639006,77.198219,56.6,237.2,7.0,0
28.60001,77.204725,52.3,12.6,17.0,0
28.651073,77.189229,35.4,85.7,7.0,0
28.662604,77.212506,27.3,17.5,53.0,0
28.599825,77.213153,77.9,161.1,15.0,0
28.640541,77.263218,78.9,58.6,171.0,0
28.683307,77.218266,55.6,60.9,134.0,0
28.661425,77.248182,30.7,213.6,95.0,0
28.571968,77.148956,60.1,29.0,126.0,0
28.601243,77.165423,54.3,77.2,111.0,0
28.611874,77.149811,43.6,12.5,12.0,0
28.563739,77.198713,10.5,36.1,6.0,0
28.664,77.22128,75.7,17.3,72.0,0
28.578252,77.301886,18.6,18.0,25.0,0
28.605429,77.177017,31.5,86.6,59.0,0
28.664092,77.260966,27.4,27.0,60.0,0
28.58795,77.176885,12.3,23.1,117.0,0
28.59367,77.219695,2.0,132.0,11.0,0
28.627403,77.210885,74.4,51.4,130.0,0
28.590054,77.172309,59.2,38.2,24.0,0
28.687131,77.17622,1.7,135.1,133.0,0
28.564728,77.298375,55.0,53.7,14.0,0
28.495759,77.19184,10.4,135.0,10.0,0
28.65265,77.268432,57.9,30.7,57.0,0
28.592622,77.252434,40.4,261.4,141.0,1
28.570118,77.187947,78.2,205.8,40.0,0
28.629696,77.21833,34.6,138.8,5.0,0
28.63147,77.224535,59.9,19.1,123.0,0
28.572406,77.242848,3.3,104.0,41.0,0
28.669844,77.198248,74.8,136.1,42.0,0
28.653594,77.14316,45.0,36.1,15.0,0
28.709229,77.183478,25.1,12.1,13.0,0
28.587568,77.276778,10.2,25.1,56.0,0
28.618313,77.21693,51.3,70.5,34.0,0
28.622167,77.19746,59.7,23.2,10.0,0
28.594153,77.144745,6.8,86.7,227.0,0
28.630661,77.280354,13.2,39.8,3.0,0
28.634421,77.208136,30.8,20.5,3.0,0
28.634444,77.272875,68.1,76.0,231.0,0
28.594175,77.25262,78.6,6.1,15.0,0
28.600034,77.258263,59.6,78.4,1.0,0
28.582145,77.301473,0.4,293.2,30.0,1
28.572959,77.224545,72.3,99.4,15.0,0
28.607303,77.211826,2.1,31.8,98.0,0
28.686327,77.296694,71.8,185.2,18.0,0
28.712452,77.260199,32.8,60.0,102.0,0
28.676193,77.183259,59.3,60.1,45.0,0
28.587306,77.270668,7.0,38.0,98.0,0
28.630884,77.29425,13.2,4.3,57.0,0
28.508154,77.103501,36.1,25.2,85.0,0
28.60275,77.156275,3.1,136.4,37.0,0
28.591072,77.177995,31.2,24.1,33.0,0
28.704217,77.254653,60.2,42.5,36.0,0
28.62352,77.257945,52.4,80.4,82.0,0
28.613036,77.244477,28.1,26.5,35.0,0
28.607078,77.26232,0.7,133.6,21.0,0
28.595957,77.16309,21.6,183.2,100.0,0
28.637078,77.158198,62.1,5.1,32.0,0
28.57738,77.281157,27.2,68.4,36.0,0
28.637993,77.223689,30.2,34.4,5.0,0
28.682088,77.278934,5.9,64.7,27.0,0
28.616132,77.183571,48.1,63.3,104.0,0
28.594783,77.165694,49.8,0.8,66.0,0
28.606734,77.154957,34.5,83.6,8.0,0
28.670534,77.25855,60.8,19.5,38.0,0
28.617461,77.2751,70.1,65.5,156.0,0
28.580033,77.245589,60.0,180.6,16.0,0
28.650933,77.194331,43.5,17.1,105.0,0
28.574965,77.250357,74.9,25.2,50.0,0
28.598829,77.248985,30.6,5.3,26.0,0
28.621958,77.117238,52.4,54.1,214.0,0
28.570148,77.20098,46.0,163.3,77.0,0
28.521179,77.232472,67.3,63.0,23.0,0
28.632972,77.273903,40.0,34.8,13.0,0
28.500908,77.214243,44.3,189.0,126.0,0
28.564172,77.225952,36.3,60.8,54.0,0
28.649409,77.215132,11.2,291.1,2.0,1
28.63146,77.231764,70.9,111.0,33.0,0
28.602603,77.15006,68.9,193.8,35.0,0
28.565725,77.188227,56.2,83.6,90.0,0
28.588949,77.106928,27.8,363.4,16.0,1
28.639324,77.196402,28.4,59.6,37.0,0
28.603882,77.243284,2.9,81.9,5.0,0
28.548742,77.178899,6.2,11.5,8.0,0
28.566504,77.205924,41.1,220.8,95.0,0
28.588769,77.238035,4.0,32.6,45.0,0
28.628849,77.354627,7.9,87.5,29.0,0
28.615728,77.214419,20.1,35.8,19.0,0
28.548177,77.25446,29.9,173.2,199.0,0
28.677853,77.209158,39.1,9.4,38.0,0
28.573355,77.236298,26.0,185.4,50.0,0
28.632552,77.217081,75.3,78.6,250.0,0
28.563132,77.1974,76.1,250.8,84.0,1
28.734597,77.208374,4.5,56.0,28.0,0
28.676751,77.280856,78.8,54.4,49.0,0
28.571779,77.232957,13.8,35.5,30.0,0
28.614923,77.158651,26.5,31.9,48.0,0
28.559039,77.197288,67.0,10.5,62.0,0
28.592701,77.173905,55.0,31.7,222.0,0
28.631647,77.264871,4.7,75.1,79.0,0
28.652752,77.18053,62.0,7.1,72.0,0
28.548581,77.261591,53.1,16.5,6.0,0
28.573072,77.267329,76.0,157.3,23.0,0
28.657588,77.225716,72.8,7.7,20.0,0
28.676696,77.245721,78.0,22.1,6.0,0
28.571844,77.193427,36.4,0.3,123.0,0
28.658343,77.260958,56.5,101.5,101.0,0
28.54872,77.156512,77.0,152.2,94.0,0
28.595625,77.195366,0.2,169.3,12.0,0
28.55328,77.203117,63.1,184.4,55.0,0
28.590213,77.267825,4.3,41.4,45.0,0
28.705964,77.303762,79.9,65.6,57.0,0
28.607755,77.195752,1.1,90.6,93.0,0
28.596403,77.213663,44.4,196.9,6.0,0
28.582261,77.159442,41.7,127.3,13.0,0
28.595509,77.214344,24.4,53.7,20.0,0
28.570075,77.273575,58.6,57.0,38.0,0
28.61734,77.128712,20.6,32.8,53.0,0
28.60887,77.219424,23.3,0.9,22.0,0
28.58763,77.254401,14.4,12.5,7.0,0
28.583237,77.221352,57.1,32.2,42.0,0
28.619642,77.209032,13.6,74.5,4.0,0
28.574034,77.262325,71.8,100.2,27.0,0
28.598493,77.178063,23.0,177.3,3.0,0
28.587939,77.179528,41.5,64.7,15.0,0
28.500195,77.126188,38.0,40.1,7.0,0
28.653505,77.234767,56.2,94.1,35.0,0
28.518867,77.229558,18.7,39.8,16.0,0
28.522086,77.189827,67.1,9.2,3.0,0
28.655267,77.173817,59.0,0.3,21.0,0
28.555077,77.216129,27.4,98.6,134.0,0
28.506676,77.223307,9.6,183.5,111.0,0
28.677369,77.158623,40.4,90.7,129.0,0
28.578599,77.121201,78.4,2.2,30.0,0
28.671237,77.132231,1.9,19.8,127.0,0
28.564736,77.145822,67.6,234.0,182.0,0
28.528326,77.158221,56.0,98.9,190.0,0
28.594418,77.2143,14.7,107.0,8.0,0
28.5501,77.222744,38.1,131.3,104.0,0
28.630713,77.210101,50.2,195.0,25.0,0
28.644308,77.236437,55.7,46.3,36.0,0
28.656985,77.23854,73.7,45.0,64.0,0
28.594919,77.234997,69.8,1.9,85.0,0
28.679517,77.222956,26.3,221.4,138.0,0
28.564116,77.165681,9.6,11.2,190.0,0
28.617205,77.151747,8.3,47.9,88.0,0
28.603582,77.190397,77.5,73.3,16.0,0
28.709131,77.275271,76.5,405.6,43.0,1
28.67089,77.335711,65.6,40.8,25.0,0
28.612108,77.246361,78.4,88.4,120.0,0
28.620422,77.236396,21.9,244.1,41.0,0
28.687279,77.271849,66.0,67.8,117.0,0
28.572921,77.294155,40.2,61.1,220.0,0
28.508847,77.172389,63.9,68.1,20.0,0
28.562117,77.363652,48.9,136.2,2.0,0
28.589775,77.297896,67.7,3.5,14.0,0
28.678538,77.150176,31.8,114.2,61.0,0
28.662289,77.168576,79.1,15.1,99.0,0
28.608307,77.359345,17.5,116.6,83.0,0
28.633829,77.270341,53.8,128.8,97.0,0
28.575055,77.188641,64.2,78.7,155.0,0
28.714926,77.22246,46.9,46.3,15.0,0
28.671154,77.256205,23.2,105.5,3.0,0
28.613178,77.262936,44.9,1.5,24.0,0
28.60682,77.286913,40.4,83.7,115.0,0
28.645575,77.230612,15.2,21.2,78.0,0
28.607641,77.232522,61.1,86.4,2.0,0
28.519431,77.200309,21.4,11.9,10.0,0
28.687163,77.172052,66.6,15.8,159.0,0
28.668932,77.169746,17.1,48.1,41.0,0
28.6291,77.211311,40.2,60.4,61.0,0
28.58952,77.23571,55.6,43.1,6.0,0
28.610991,77.145736,79.7,75.6,52.0,0
28.478306,77.320816,21.7,4.4,112.0,0
28.55513,77.183718,50.8,17.2,140.0,0
28.698855,77.175637,12.3,0.3,36.0,0
28.636363,77.217087,65.6,66.8,53.0,0
28.513065,77.100003,68.9,93.9,79.0,0
28.569114,77.236586,71.0,52.9,31.0,0
28.514236,77.168988,75.6,49.5,21.0,0
28.571477,77.122399,28.5,44.4,6.0,0
28.602242,77.225673,53.3,32.8,13.0,0
28.69058,77.225609,25.3,71.0,243.0,0
28.649756,77.315763,64.3,0.5,123.0,0
28.595393,77.227481,33.2,72.4,26.0,0
28.597849,77.227109,44.4,53.8,106.0,0
28.570473,77.220565,10.6,78.6,87.0,0
28.665016,77.089579,68.0,154.2,206.0,0
28.670977,77.222341,38.6,141.2,2.0,0
28.543587,77.216077,51.2,131.6,52.0,0
28.524467,77.211263,53.5,42.4,72.0,0
28.594574,77.176809,21.9,39.5,106.0,0
28.600704,77.246752,63.6,18.5,97.0,0
28.623433,77.169668,66.6,2.6,19.0,0
28.526765,77.25377,41.3,56.3,73.0,0
28.574719,77.237909,72.2,294.2,100.0,1
28.60638,77.288618,12.9,111.6,44.0,0
28.57156,77.195299,33.2,63.4,42.0,0
28.653393,77.28536,3.5,28.3,35.0,0
28.703927,77.229116,31.9,10.4,14.0,0
28.583568,77.214739,79.8,24.5,108.0,0
28.65496,77.175843,37.1,61.1,42.0,0
28.592641,77.23828,33.5,78.3,9.0,0
28.563991,77.194696,55.0,36.4,147.0,0
28.574888,77.217106,3.9,8.9,112.0,0
28.648931,77.257371,28.3,24.4,33.0,0
28.578419,77.216963,42.6,23.8,91.0,0
28.588197,77.234362,38.7,61.3,11.0,0
28.553308,77.294182,51.4,8.7,214.0,0
28.642196,77.246641,11.1,27.2,5.0,0
28.633408,77.184543,32.2,33.7,128.0,0
28.683251,77.198226,50.7,59.9,370.0,0
28.640315,77.225536,24.1,28.4,21.0,0
28.631145,77.324578,49.0,13.0,100.0,0
28.639664,77.151765,76.7,2.1,147.0,0
28.597703,77.228008,74.4,15.2,183.0,0
28.616006,77.286722,58.0,139.3,77.0,0
28.65706,77.249231,14.2,34.5,58.0,0
28.569489,77.211893,62.7,61.9,7.0,0
28.695584,77.132519,35.7,53.9,38.0,0
28.642399,77.294072,76.1,25.9,30.0,0
28.711558,77.19484,48.9,148.4,1.0,0
28.551727,77.170851,17.4,223.3,20.0,0
28.551721,77.231046,25.0,19.1,82.0,0
28.629101,77.289857,25.5,131.8,22.0,0
28.616678,77.238744,22.1,112.8,2.0,0
28.587647,77.200269,61.7,145.7,88.0,0
28.547032,77.2309,26.9,42.1,99.0,0
28.597112,77.224423,15.6,92.7,2.0,0
28.621356,77.195094,47.7,16.9,108.0,0
28.545075,77.221863,37.2,275.7,96.0,1
28.589981,77.177286,1.8,102.6,58.0,0
28.629622,77.169051,22.3,6.4,3.0,0
28.649885,77.246127,3.1,168.3,173.0,0
28.596188,77.198777,61.4,255.7,6.0,1
28.570447,77.217216,76.1,32.5,76.0,0
28.616261,77.179906,40.0,61.9,87.0,0
28.600162,77.190152,44.7,385.5,176.0,1
28.537247,77.194327,67.6,48.0,177.0,0
28.587975,77.189136,1.5,87.7,20.0,0
28.581011,77.198007,13.0,48.2,16.0,0
28.611639,77.228372,52.3,6.3,32.0,0
28.573814,77.287997,59.3,57.0,164.0,0
28.583078,77.256545,50.1,140.2,77.0,0
28.601391,77.201771,75.1,3.4,146.0,0
28.642419,77.186871,31.4,46.5,15.0,0
28.615141,77.12955,44.4,138.2,4.0,0
28.743745,77.184843,76.5,34.9,2.0,0
28.547255,77.16358,72.0,303.2,4.0,1
28.656084,77.221226,2.5,38.7,110.0,0
28.606596,77.301929,28.2,122.3,123.0,0
28.540789,77.198741,59.1,22.5,149.0,0
28.59158,77.145864,0.1,32.3,32.0,0
28.534826,77.2087,69.0,102.1,38.0,0
28.614632,77.196459,40.2,4.7,13.0,0
28.595251,77.281555,6.9,7.9,35.0,0
28.576242,77.12426,35.4,24.8,10.0,0
28.557494,77.168918,39.4,23.1,58.0,0
28.661335,77.25655,29.4,5.5,1.0,0
28.602515,77.140022,36.3,285.7,34.0,1
28.620975,77.247189,71.3,27.8,251.0,0
28.619343,77.185232,25.9,102.6,311.0,0
28.615903,77.269813,76.9,39.9,89.0,0
28.594173,77.216052,55.0,376.5,21.0,1
28.686381,77.210517,71.7,12.1,13.0,0
28.722316,77.24844,16.7,37.5,2.0,0
28.682895,77.219453,39.3,45.2,33.0,0
28.611572,77.156694,45.2,101.1,37.0,0
28.608125,77.192458,6.8,54.8,5.0,0
28.665138,77.137143,39.5,111.0,121.0,0
28.572618,77.175283,68.9,147.2,63.0,0
28.696016,77.11156,4.2,27.3,29.0,0
28.650071,77.335411,51.4,130.3,116.0,0
28.596513,77.217184,79.1,54.1,32.0,0
28.624595,77.245153,42.2,6.4,113.0,0
28.641844,77.176738,24.3,28.2,41.0,0
28.589124,77.244783,46.8,129.9,61.0,0
28.662218,77.257189,43.3,39.4,7.0,0
28.674141,77.265312,8.4,7.8,18.0,0
28.597368,77.214369,17.1,81.4,63.0,0
28.586717,77.269272,53.6,151.9,32.0,0
28.605229,77.188117,47.4,11.4,9.0,0
28.552659,77.237208,27.5,62.6,10.0,0
28.527121,77.220914,78.3,18.6,74.0,0
28.588837,77.159742,51.6,33.0,69.0,0
28.562502,77.127009,18.5,42.7,77.0,0
28.699036,77.203551,37.7,0.4,77.0,0
28.58769,77.203734,56.9,35.2,195.0,0
28.633285,77.205018,53.8,29.6,212.0,0
28.57909,77.270999,19.7,88.3,34.0,0
28.699612,77.28731,51.8,169.7,90.0,0
28.600805,77.251361,26.6,8.9,80.0,0
28.548317,77.247862,36.6,52.7,11.0,0
28.644013,77.214504,53.5,25.9,91.0,0
28.623472,77.227329,46.5,350.7,111.0,1
28.670653,77.239979,57.0,121.3,2.0,0
28.602794,77.225503,30.5,10.0,45.0,0
28.615894,77.248127,60.2,36.8,17.0,0
28.53513,77.22079,1.3,9.4,163.0,0
28.652274,77.193739,15.0,123.7,5.0,0
28.613636,77.231574,77.9,53.4,65.0,0
28.60429,77.2067,6.9,83.4,63.0,0
28.599035,77.291116,53.0,68.4,8.0,0
28.596386,77.197131,73.3,16.1,87.0,0
28.652951,77.361485,68.8,1.0,19.0,0
28.564221,77.300484,73.0,163.4,71.0,0
28.647675,77.16187,78.7,7.8,17.0,0
28.530233,77.281083,28.6,125.4,30.0,0
28.514672,77.212226,26.4,17.0,24.0,0
28.681036,77.246777,9.7,153.3,56.0,0
28.559356,77.297334,16.1,72.1,58.0,0
28.61579,77.179749,52.2,40.8,44.0,0
28.5971,77.19533,26.5,85.9,10.0,0
28.627709,77.256171,27.3,25.6,62.0,0
28.61307,77.200162,51.7,43.4,16.0,0
28.66265,77.107258,8.4,138.9,33.0,0
28.53904,77.266685,4.5,0.7,252.0,0
28.644047,77.23697,64.2,21.3,112.0,0
28.607935,77.217333,63.2,108.2,19.0,0
28.533887,77.224757,30.8,101.7,15.0,0
28.584005,77.330416,47.4,14.3,50.0,0
28.530306,77.269133,19.0,325.9,5.0,1
28.526839,77.175452,29.4,90.3,39.0,0
28.588668,77.224653,2.9,37.1,36.0,0
28.669817,77.277798,21.9,34.6,308.0,0
28.626131,77.276744,1.3,59.2,2.0,0
28.675469,77.143377,33.9,2.9,125.0,0
28.614298,77.193436,41.6,100.3,163.0,0
28.687988,77.161803,39.6,5.7,63.0,0
28.68283,77.250483,27.3,84.7,47.0,0
28.563,77.173145,16.6,129.5,9.0,0
28.61405,77.296234,36.3,188.5,69.0,0
28.574379,77.283265,69.6,12.8,82.0,0
28.603259,77.20616,78.7,109.5,70.0,0
28.693411,77.155259,25.0,327.4,5.0,1
28.578419,77.179051,78.0,5.6,93.0,0
28.551192,77.241054,34.8,2.3,16.0,0
28.5545,77.261109,49.1,19.1,18.0,0
28.590727,77.216577,64.3,18.4,30.0,0
28.797769,77.090099,28.8,30.8,65.0,0
28.684141,77.252502,16.7,205.7,50.0,0
28.466852,77.117479,21.8,91.9,73.0,0
28.60871,77.112544,67.1,0.9,64.0,0
28.579052,77.268414,74.8,54.7,72.0,0
28.659816,77.159201,10.3,166.8,21.0,0
28.55155,77.23103,55.6,61.1,69.0,0
28.558678,77.223097,2.8,17.3,95.0,0
28.581926,77.178234,70.0,246.3,3.0,0
28.575915,77.228806,68.5,29.4,170.0,0
28.643077,77.190983,62.0,34.5,3.0,0
28.593772,77.220878,66.0,35.2,84.0,0
28.660662,77.19919,48.3,40.2,62.0,0
28.569983,77.193427,11.8,98.7,23.0,0
28.653788,77.185518,73.2,30.2,39.0,0
28.552648,77.173577,11.3,50.0,150.0,0
28.641238,77.261126,18.0,24.5,115.0,0
28.585506,77.195854,34.6,56.7,27.0,0
28.655082,77.161921,39.8,235.5,29.0,0
28.488454,77.198051,7.7,27.4,15.0,0
28.571337,77.192109,60.9,135.6,33.0,0
28.668916,77.198796,11.0,19.8,64.0,0
28.600408,77.254171,52.4,12.5,36.0,0
28.525437,77.187111,36.2,7.6,77.0,0
28.575151,77.199522,64.9,312.4,99.0,1
28.629679,77.250657,23.6,67.6,23.0,0
28.569954,77.240697,66.9,57.8,64.0,0
28.668553,77.184146,20.2,0.6,47.0,0
28.664755,77.266801,45.9,53.0,7.0,0
28.643886,77.263971,38.9,86.9,21.0,0
28.662042,77.260458,28.2,42.2,8.0,0
28.584741,77.233628,0.9,11.0,98.0,0
28.684856,77.209817,31.8,24.9,72.0,0
28.664282,77.164791,9.5,100.2,97.0,0
28.604056,77.14932,18.0,51.6,62.0,0
28.529177,77.21426,55.1,52.2,44.0,0
28.492163,77.21921,45.7,3.1,39.0,0
28.659984,77.20544,42.2,60.3,25.0,0
28.529947,77.21295,45.1,44.2,125.0,0
28.564435,77.286681,9.6,169.4,38.0,0
28.634354,77.299868,13.2,38.4,14.0,0
28.545512,77.163203,43.4,75.2,82.0,0
28.732217,77.232926,32.5,219.8,25.0,0
28.622372,77.221098,37.1,66.8,15.0,0
28.684405,77.252248,70.3,2.4,94.0,0
28.662629,77.305177,14.8,8.6,36.0,0
28.483602,77.3279,72.9,272.5,14.0,1
28.647723,77.254481,68.6,64.3,67.0,0
28.609693,77.220504,72.1,16.8,102.0,0
28.607377,77.200372,51.3,67.1,31.0,0
28.60923,77.342839,69.1,252.5,16.0,1
28.663236,77.180129,79.3,3.7,1.0,0
28.692768,77.259635,37.7,59.9,122.0,0
28.550894,77.20529,68.9,11.7,36.0,0
28.614365,77.151568,72.3,47.4,131.0,0
28.680596,77.304276,24.8,85.0,73.0,0
28.600129,77.131387,35.4,49.2,41.0,0
28.620649,77.111062,45.9,263.3,72.0,1
28.621364,77.253506,27.9,70.3,22.0,0
28.716239,77.203284,25.8,265.1,13.0,1
28.647918,77.24008,30.5,30.2,10.0,0
28.714031,77.218143,33.9,1.7,149.0,0
28.69768,77.248531,20.2,13.4,82.0,0
28.599148,77.203715,37.9,5.9,165.0,0
28.625539,77.263612,62.3,107.5,87.0,0
28.713108,77.265052,50.0,16.8,29.0,0
28.553414,77.295946,30.4,113.2,167.0,0
28.648556,77.281701,12.5,61.7,53.0,0
28.649059,77.213178,65.9,19.5,164.0,0
28.59668,77.253308,40.9,76.0,14.0,0
28.591479,77.239368,77.7,0.9,28.0,0
28.59834,77.239555,20.2,32.6,28.0,0
28.645622,77.152312,14.0,122.8,0.0,0
28.684148,77.256161,0.6,110.7,71.0,0
28.647451,77.248937,6.6,125.1,137.0,0
28.547612,77.309514,30.8,70.9,150.0,0
28.685793,77.276779,15.9,68.1,96.0,0
28.670146,77.225979,3.0,41.9,18.0,0
28.59822,77.213412,18.0,237.4,29.0,0
28.577776,77.168296,58.3,238.8,24.0,0
28.565091,77.309386,58.9,0.7,36.0,0
28.664217,77.165229,12.0,262.1,37.0,1
28.516531,77.12505,74.9,163.6,133.0,0
28.665444,77.263494,12.7,74.5,7.0,0
28.587934,77.222848,7.1,31.4,85.0,0
28.624745,77.231721,13.0,43.7,51.0,0
28.439431,77.227828,11.2,150.8,70.0,0
28.521833,77.165598,50.5,12.8,134.0,0
28.576531,77.236943,12.5,77.6,170.0,0
28.56488,77.202361,50.7,21.0,1.0,0
28.648421,77.195361,22.1,38.0,115.0,0
28.62566,77.289652,19.9,0.4,12.0,0
28.707203,77.258055,71.8,278.9,10.0,1
28.636167,77.103454,17.1,9.2,144.0,0
28.577996,77.229315,69.2,115.3,170.0,0
28.671667,77.271803,24.3,66.0,30.0,0
28.587347,77.156202,79.3,140.8,4.0,0
28.584476,77.175317,78.5,58.0,101.0,0
28.610606,77.268513,66.2,332.8,112.0,1
28.69146,77.195801,69.4,74.7,14.0,0
28.663053,77.119589,65.9,76.7,244.0,0
28.661494,77.278487,50.4,202.8,92.0,0
28.708526,77.209785,64.7,23.9,36.0,0
28.660309,77.237185,50.3,36.1,36.0,0
28.549077,77.216036,67.4,87.5,25.0,0
28.637416,77.274549,74.8,12.2,82.0,0
28.691658,77.163551,60.3,132.7,58.0,0
28.534589,77.251706,77.2,71.7,91.0,0
28.609731,77.284435,35.9,112.5,46.0,0
28.557107,77.151032,74.0,370.6,3.0,1
28.616923,77.181523,18.1,301.3,125.0,1
28.667262,77.300732,2.5,47.5,36.0,0
28.677637,77.272558,10.2,26.4,78.0,0
28.601291,77.177534,12.8,80.5,17.0,0
28.643569,77.157775,66.0,99.4,18.0,0
28.535297,77.232634,32.1,27.9,27.0,0
28.523077,77.234981,18.7,26.4,25.0,0
28.66648,77.215543,65.0,19.4,20.0,0
28.459177,77.335167,16.2,192.1,23.0,0
28.576134,77.250838,6.2,8.6,9.0,0
28.644345,77.176478,37.3,22.6,1.0,0
28.621531,77.271383,5.6,78.3,225.0,0
28.468689,77.221409,22.3,50.4,5.0,0
28.636783,77.184664,56.0,10.3,26.0,0
28.567436,77.263552,30.0,27.3,108.0,0
28.616541,77.29228,7.0,42.0,0.0,0
28.5793,77.229292,32.2,254.9,91.0,1
28.575891,77.169637,41.1,40.3,33.0,0
28.520518,77.224156,20.0,9.8,14.0,0
28.592549,77.170691,13.7,287.1,10.0,1
28.672309,77.229825,60.9,45.5,108.0,0
28.589368,77.256224,5.4,12.0,20.0,0
28.59164,77.119669,76.5,75.5,39.0,0
28.575275,77.254276,0.6,132.3,27.0,0
28.546194,77.199812,52.1,99.2,121.0,0
28.560611,77.190386,10.7,29.9,9.0,0
28.621579,77.152133,43.8,21.8,247.0,0
28.733462,77.164825,15.0,171.6,1.0,0
28.659277,77.306732,2.7,17.2,13.0,0
28.641502,77.260967,68.8,113.1,38.0,0
28.710075,77.283235,33.9,1.9,12.0,0
28.633896,77.175633,22.0,43.5,17.0,0
28.664231,77.308433,75.8,335.6,262.0,1
28.621196,77.21517,6.6,80.4,57.0,0
28.633101,77.179059,27.9,29.8,3.0,0
28.540075,77.164598,14.2,96.3,39.0,0
28.595001,77.166082,79.3,34.9,52.0,0
28.582404,77.181168,43.7,223.5,24.0,0
28.579752,77.173806,65.0,21.4,131.0,0
28.576817,77.263714,13.1,30.9,100.0,0
28.682051,77.348558,24.4,93.4,31.0,0
28.592073,77.206149,49.6,126.9,85.0,0
28.603277,77.207115,14.2,68.7,45.0,0
28.723737,77.125608,40.0,27.3,101.0,0
28.649273,77.172237,74.5,68.1,40.0,0
28.610898,77.137457,74.4,19.8,7.0,0
28.663419,77.259172,28.4,4.7,22.0,0
28.577044,77.315171,41.3,201.7,59.0,0
28.589267,77.164448,15.9,52.5,191.0,0
28.592417,77.208347,78.3,52.4,128.0,0
28.622978,77.206077,41.6,109.3,110.0,0
28.633836,77.25267,16.5,65.7,47.0,0
28.563039,77.223766,67.6,48.5,12.0,0
28.630849,77.324223,33.6,126.6,1.0,0
28.640723,77.181042,50.9,51.6,26.0,0
28.587115,77.263478,67.5,195.1,88.0,0
28.602224,77.188739,24.7,29.2,17.0,0
28.553652,77.138406,46.2,2.7,21.0,0
28.535054,77.289831,4.5,12.9,8.0,0
28.553144,77.312172,18.8,136.8,74.0,0
28.646532,77.238999,11.1,208.5,20.0,0
28.636651,77.186995,51.5,6.2,59.0,0
28.706877,77.161574,20.4,191.5,45.0,0
28.612414,77.24653,60.8,230.1,295.0,0
28.613085,77.112161,60.9,112.3,175.0,0
28.627357,77.262087,62.7,114.5,30.0,0
28.557152,77.197606,10.6,0.1,97.0,0
28.65567,77.196531,42.1,20.2,31.0,0
28.629604,77.164845,54.3,19.3,19.0,0
28.563132,77.146639,25.8,69.7,1.0,0
28.629084,77.215593,20.8,85.6,76.0,0
28.648423,77.228276,57.4,185.6,20.0,0
28.543927,77.213914,28.1,53.6,39.0,0
28.663365,77.273237,19.9,55.6,11.0,0
28.587988,77.221495,45.0,4.5,4.0,0
28.456984,77.254279,49.6,477.3,83.0,1
28.659098,77.145065,62.1,232.9,21.0,0
28.677637,77.196405,3.3,6.0,18.0,0
28.554323,77.292676,14.0,65.3,18.0,0
28.526949,77.267085,62.2,34.2,7.0,0
28.676893,77.235182,42.5,44.7,2.0,0
28.579632,77.199571,64.5,84.4,12.0,0
28.677744,77.171689,35.9,43.5,97.0,0
28.520902,77.192019,36.8,54.7,237.0,0
28.680758,77.250374,30.2,25.5,43.0,0
28.664168,77.119359,55.3,6.9,98.0,0
28.637528,77.308252,47.2,112.6,18.0,0
28.510287,77.280442,31.4,38.0,69.0,0
28.59238,77.279296,15.0,174.1,133.0,0
28.660876,77.24923,0.2,232.0,58.0,0
28.52615,77.223898,7.3,7.4,72.0,0
28.584383,77.23739,8.6,92.3,6.0,0
28.630322,77.200197,45.6,137.2,27.0,0
28.552551,77.324389,60.7,83.3,2.0,0
28.675525,77.211575,36.6,31.9,11.0,0
28.66563,77.194717,33.1,26.8,21.0,0
28.62261,77.205226,10.6,49.6,184.0,0
28.632201,77.182339,72.1,24.0,2.0,0
28.583476,77.258952,58.8,180.9,36.0,0
28.639985,77.192547,33.4,4.0,89.0,0
28.580614,77.212208,7.8,9.6,42.0,0
28.600661,77.285317,67.7,74.6,53.0,0
28.58588,77.272041,13.6,85.9,163.0,0
28.682276,77.167309,53.9,106.6,63.0,0
28.670853,77.277538,27.2,25.8,85.0,0
28.560328,77.147678,68.8,27.9,2.0,0
28.677381,77.143442,47.0,42.7,95.0,0
28.570599,77.20217,18.2,21.4,33.0,0
28.703143,77.233147,1.0,37.9,1.0,0
28.689048,77.207269,17.0,95.5,114.0,0
28.720139,77.240446,29.2,55.2,188.0,0
28.625147,77.199667,56.7,272.0,55.0,1
28.596476,77.115534,17.3,69.3,132.0,0
28.595362,77.208968,20.9,31.9,13.0,0
28.629259,77.14247,34.8,16.1,56.0,0
28.559799,77.218657,3.4,19.9,36.0,0
28.490018,77.155856,61.5,1.3,2.0,0
28.590517,77.244366,6.3,46.7,59.0,0
28.612546,77.286234,59.0,257.5,52.0,1
28.638276,77.132048,21.4,120.2,3.0,0
28.630361,77.116406,36.8,28.6,14.0,0
28.617541,77.203481,32.8,128.3,21.0,0
28.668974,77.274968,20.3,214.8,13.0,0
28.566869,77.2263,20.5,89.3,63.0,0
28.576899,77.197166,75.9,57.4,46.0,0
28.715959,77.164711,24.4,11.7,27.0,0
28.451312,77.254674,14.6,6.6,34.0,0
28.666452,77.295369,20.0,19.8,203.0,0
28.63867,77.125031,55.6,87.1,7.0,0
28.610431,77.23319,24.7,13.4,12.0,0
28.655309,77.345745,13.7,60.9,46.0,0
28.646425,77.188219,33.2,45.9,228.0,0
28.537535,77.208963,9.4,79.2,81.0,0
28.561804,77.21677,31.9,4.3,103.0,0
28.586466,77.198075,69.0,313.8,79.0,1
28.504437,77.273353,29.8,93.7,5.0,0
28.610068,77.308577,41.1,102.3,21.0,0
28.642376,77.133272,63.1,1.3,47.0,0
28.668787,77.171781,41.3,6.6,4.0,0
28.614398,77.280809,3.8,93.1,31.0,0
28.573021,77.248516,17.2,9.3,14.0,0
28.6217,77.240336,71.5,180.6,63.0,0
28.606564,77.253327,64.2,77.7,6.0,0
28.649754,77.223306,60.9,5.9,93.0,0
28.608231,77.242559,43.8,76.1,51.0,0
28.654973,77.202228,28.3,129.9,28.0,0
28.597429,77.207099,55.6,129.1,9.0,0
28.675011,77.213738,53.1,41.0,67.0,0
28.619377,77.198132,51.4,49.3,110.0,0
28.580606,77.241941,40.3,106.6,113.0,0
28.593843,77.233381,20.8,165.8,8.0,0
28.646852,77.125192,34.8,126.2,236.0,0
28.546964,77.208336,41.0,72.5,23.0,0
28.604023,77.219536,17.3,103.3,17.0,0
28.66396,77.295007,18.4,84.5,28.0,0
28.636344,77.204164,63.3,68.9,33.0,0
28.552959,77.223322,25.6,201.8,53.0,0
28.626062,77.214662,77.9,83.5,48.0,0
28.5434,77.284609,34.9,38.5,11.0,0
28.619827,77.158758,48.7,293.1,20.0,1
28.679492,77.179253,40.3,239.2,81.0,0
28.61417,77.175905,39.4,121.3,14.0,0
28.553904,77.219201,71.2,2.7,71.0,0
28.600951,77.143809,7.4,104.3,85.0,0
28.620223,77.291758,27.7,2.4,84.0,0
28.665105,77.239276,22.9,6.1,81.0,0
28.664656,77.24777,26.1,34.8,18.0,0
28.556038,77.323615,73.0,30.4,33.0,0
28.594296,77.2013,5.6,66.4,38.0,0
28.630183,77.261299,22.7,22.4,177.0,0
28.580262,77.247614,59.0,17.8,24.0,0
28.635419,77.29547,19.1,87.9,167.0,0
28.543098,77.253062,66.6,46.9,124.0,0
28.62357,77.193041,26.4,4.4,87.0,0
28.661866,77.2397,9.1,46.7,70.0,0
28.613198,77.18616,41.5,113.7,41.0,0
28.619287,77.195144,40.9,5.5,8.0,0
28.652715,77.217819,3.1,198.0,40.0,0
28.588295,77.209211,57.4,51.8,1.0,0
28.641602,77.173805,11.3,57.4,40.0,0
28.608972,77.105028,17.1,28.5,60.0,0
28.565095,77.233322,45.0,83.3,31.0,0
28.655616,77.236882,71.3,1.7,8.0,0
28.680546,77.236685,1.7,107.3,71.0,0
28.668426,77.313798,65.8,8.4,111.0,0
28.655613,77.141692,60.3,47.0,62.0,0
28.636032,77.296158,12.9,12.7,52.0,0
28.628647,77.343101,29.8,14.9,33.0,0
28.605809,77.306689,72.5,50.0,67.0,0
28.577369,77.201033,11.7,5.4,23.0,0
28.507205,77.241151,8.9,13.0,52.0,0
28.532132,77.179939,58.8,62.8,24.0,0
28.611229,77.184699,37.7,95.3,58.0,0
28.54668,77.304666,22.7,35.6,38.0,0
28.631205,77.253454,13.7,160.7,16.0,0
28.697869,77.256498,57.8,14.0,19.0,0
28.449235,77.16235,35.2,65.8,78.0,0
28.561875,77.144835,19.2,7.5,11.0,0
28.719794,77.271237,75.5,14.7,21.0,0
28.652211,77.239584,44.9,191.6,77.0,0
28.604917,77.20358,28.3,394.6,2.0,1
28.583906,77.30532,57.6,478.2,0.0,1
28.639791,77.248165,39.7,128.9,30.0,0
28.65946,77.175996,0.8,17.8,179.0,0
28.547031,77.121596,67.3,27.0,3.0,0
28.68509,77.248412,5.3,7.5,136.0,0
28.630423,77.19503,79.1,4.4,50.0,0
28.657407,77.211559,28.0,105.5,6.0,0
28.6617,77.207414,42.0,62.2,106.0,0
28.626114,77.290043,80.0,86.4,3.0,0
28.632772,77.26064,21.5,69.4,43.0,0
28.636387,77.213687,37.0,1.0,58.0,0
28.592645,77.212341,60.4,30.8,68.0,0
28.642923,77.232904,37.4,94.0,16.0,0
28.597522,77.284403,26.7,158.0,19.0,0
28.610533,77.222648,9.7,13.4,113.0,0
28.688696,77.18977,41.0,10.0,26.0,0
28.608698,77.158256,44.1,255.3,45.0,1
28.631175,77.214218,18.6,273.5,35.0,1
28.601761,77.158585,26.7,110.9,12.0,0
28.592209,77.235572,23.9,4.9,31.0,0
28.706936,77.241151,34.2,79.6,3.0,0
28.537279,77.278038,63.9,11.0,10.0,0
28.613105,77.208028,26.6,149.4,107.0,0
28.550409,77.270117,21.8,28.9,155.0,0
28.67322,77.299078,67.2,51.6,1.0,0
28.607421,77.222186,64.9,16.5,23.0,0
28.587059,77.330259,63.5,103.3,164.0,0
28.518749,77.290346,59.4,55.8,76.0,0
28.689314,77.19453,71.1,97.9,1.0,0
28.54411,77.365721,57.1,30.8,7.0,0
28.634838,77.215115,13.6,37.8,80.0,0
28.657089,77.288478,2.6,181.5,68.0,0
28.719195,77.249926,14.5,23.5,125.0,0
28.582937,77.23367,29.2,186.7,85.0,0
28.567726,77.283942,4.2,6.3,174.0,0
28.589136,77.226042,60.6,13.8,47.0,0
28.581083,77.214679,51.3,87.0,18.0,0
28.516319,77.21619,57.4,411.7,8.0,1
28.692273,77.161308,7.7,217.2,0.0,0
28.589597,77.271832,26.3,56.8,8.0,0
28.602516,77.185513,36.8,60.0,55.0,0
28.641873,77.229007,48.2,68.2,31.0,0
28.679805,77.219507,64.2,125.7,94.0,0
28.552472,77.24887,78.2,64.0,24.0,0
28.628381,77.217846,6.6,10.0,26.0,0
28.549711,77.205082,51.3,145.7,58.0,0
28.627182,77.239233,10.8,173.3,166.0,0
28.625111,77.234947,24.0,200.1,54.0,0
28.586849,77.165413,61.8,43.7,16.0,0
28.622173,77.213002,79.5,20.0,30.0,0
28.623089,77.281998,42.1,10.2,154.0,0
28.606416,77.341364,28.2,59.5,97.0,0
28.60027,77.133123,17.1,26.0,2.0,0
28.542281,77.259887,62.6,44.6,18.0,0
28.555964,77.223789,72.3,8.3,56.0,0
28.579789,77.188901,67.9,17.8,80.0,0
28.560066,77.197101,40.8,46.2,8.0,0
28.581836,77.171513,47.1,15.7,43.0,0
28.606692,77.150387,66.9,20.4,50.0,0
28.614912,77.237764,74.3,1.6,8.0,0
28.638584,77.307663,75.1,6.1,35.0,0
28.618344,77.236133,55.2,9.9,0.0,0
28.61645,77.227079,15.3,85.5,72.0,0
28.63732,77.187321,25.0,13.0,5.0,0
28.564656,77.171983,21.3,170.0,9.0,0
28.568838,77.21959,13.9,123.1,94.0,0
28.591839,77.167036,20.1,136.0,32.0,0
28.57564,77.274655,69.6,34.7,71.0,0
28.522847,77.189623,61.6,4.8,64.0,0
28.639299,77.176327,3.5,6.4,10.0,0
28.560584,77.331034,11.8,93.6,11.0,0
28.70108,77.283443,78.8,205.3,65.0,0
28.618768,77.158748,18.1,15.4,16.0,0
28.535414,77.174389,50.8,159.8,35.0,0
28.643847,77.208755,16.4,84.7,103.0,0
28.612164,77.210455,18.7,90.3,19.0,0
28.625049,77.195561,39.9,95.7,25.0,0
28.585622,77.285337,39.0,5.1,23.0,0
28.563938,77.229026,51.7,74.1,82.0,0
28.537436,77.216654,13.5,52.8,23.0,0
28.5464,77.188097,21.0,144.9,29.0,0
28.542095,77.165919,49.9,44.7,49.0,0
28.59263,77.187274,7.8,57.0,43.0,0
28.60792,77.174709,72.7,69.5,19.0,0
28.533146,77.155533,14.3,70.7,56.0,0
28.655634,77.272402,35.1,40.9,26.0,0
28.617582,77.265007,8.7,14.5,37.0,0
28.731856,77.199769,54.8,23.2,28.0,0
28.590245,77.284386,26.2,42.5,92.0,0
28.722149,77.248014,5.9,77.4,47.0,0
28.647799,77.164477,47.4,48.5,263.0,0
28.512533,77.145604,78.5,125.5,41.0,0
28.550966,77.233801,69.7,68.5,133.0,0
28.626398,77.242301,56.2,33.6,51.0,0
28.52312,77.153863,1.0,55.0,134.0,0
28.565687,77.192218,68.8,35.6,65.0,0
28.530883,77.261157,71.7,2.5,8.0,0
28.717436,77.297044,3.0,26.4,6.0,0
28.665431,77.22272,9.8,48.0,87.0,0
28.593551,77.221313,36.1,23.6,69.0,0
28.68612,77.195946,32.2,101.7,36.0,0
28.673395,77.292861,23.6,158.5,34.0,0
28.676017,77.246294,15.8,28.2,65.0,0
28.582533,77.176446,43.9,2.0,49.0,0
28.595056,77.257606,61.7,166.7,14.0,0
28.55567,77.183453,75.0,68.9,125.0,0
28.604814,77.170911,24.1,0.5,73.0,0
28.569872,77.19614,56.3,55.4,63.0,0
28.556794,77.175474,63.1,8.1,39.0,0
28.66708,77.173263,38.2,89.6,175.0,0
28.644081,77.148543,73.7,61.1,1.0,0
28.566379,77.183567,1.8,195.5,72.0,0
28.657773,77.191849,72.0,40.2,243.0,0
28.625941,77.150933,71.4,205.8,54.0,0
28.594732,77.245507,11.0,144.9,54.0,0
28.690038,77.130181,35.2,111.7,95.0,0
28.625769,77.199442,41.3,46.1,1.0,0
28.699376,77.25156,32.2,42.8,7.0,0
28.638795,77.275108,71.6,40.2,112.0,0
28.643094,77.189762,57.0,4.2,64.0,0
28.556707,77.269167,9.9,74.5,243.0,0
28.582645,77.200127,74.1,127.9,31.0,0
28.683373,77.331254,3.7,109.0,36.0,0
28.668597,77.14551,47.7,69.9,65.0,0
28.592583,77.168151,41.8,35.4,12.0,0
28.542853,77.226552,5.8,94.9,20.0,0
28.693489,77.155432,55.7,60.2,118.0,0
28.663832,77.183098,77.0,146.5,97.0,0
28.553279,77.241145,36.7,25.5,51.0,0
28.553273,77.228057,41.1,8.6,27.0,0
28.702178,77.216747,30.7,0.3,61.0,0
28.585119,77.217266,70.0,108.7,11.0,0
28.586008,77.095438,74.2,73.2,34.0,0
28.576474,77.22593,31.8,4.9,42.0,0
28.628273,77.1867,71.3,146.6,37.0,0
28.540486,77.200015,16.3,51.9,33.0,0
28.62238,77.138991,36.6,49.5,28.0,0
28.540163,77.252159,20.2,92.3,52.0,0
28.540515,77.246091,17.9,80.6,27.0,0
28.542218,77.160258,68.6,21.8,53.0,0
28.544141,77.22747,57.1,82.8,44.0,0
28.646618,77.300822,5.4,156.3,26.0,0
28.646635,77.225505,60.6,39.8,92.0,0
28.602365,77.117788,45.8,27.4,3.0,0
28.578922,77.189976,63.0,5.0,19.0,0
28.67959,77.224849,47.5,74.3,41.0,0
28.645242,77.324306,30.2,112.6,146.0,0
28.551566,77.158042,39.6,274.5,4.0,1
28.628028,77.21113,11.3,75.7,53.0,0
28.625449,77.16513,24.8,47.5,11.0,0
28.646423,77.262462,1.8,218.9,1.0,0
28.74795,77.200184,32.5,15.8,121.0,0
28.569578,77.081922,7.3,98.6,126.0,0
28.638221,77.198837,52.8,31.7,19.0,0
28.685301,77.212895,73.0,158.1,118.0,0
28.696412,77.237898,59.3,109.4,28.0,0
28.619527,77.227584,16.6,32.5,3.0,0
28.545118,77.251361,40.6,119.3,15.0,0
28.520755,77.212324,57.0,176.9,63.0,0
28.651823,77.222732,64.5,23.3,14.0,0
28.627626,77.21911,22.6,67.8,52.0,0
28.616906,77.197743,38.2,43.5,12.0,0
28.624632,77.246908,8.3,208.2,14.0,0
28.659426,77.260835,58.1,286.9,68.0,1
28.637817,77.216314,34.8,8.8,122.0,0
28.629833,77.193916,3.3,63.7,83.0,0
28.580821,77.164374,42.4,60.6,4.0,0
28.662474,77.236247,63.3,162.4,154.0,0
28.581635,77.168324,3.6,120.8,10.0,0
28.658887,77.226472,32.3,27.1,78.0,0
28.590867,77.225056,38.5,59.0,78.0,0
28.639971,77.271853,80.0,38.0,36.0,0
28.698681,77.28786,17.5,34.9,50.0,0
28.643529,77.066594,65.5,105.0,6.0,0
28.681317,77.208425,11.7,73.2,216.0,0
28.591928,77.113454,77.1,17.7,4.0,0
28.615308,77.276578,24.5,77.6,145.0,0
28.592769,77.217341,11.6,49.8,17.0,0
28.527515,77.276083,30.5,33.4,30.0,0
28.663936,77.231408,1.2,5.5,85.0,0
28.638944,77.150985,8.7,211.3,127.0,0
28.635396,77.170117,39.7,158.3,71.0,0
28.672088,77.211786,75.3,28.9,8.0,0
28.553729,77.246977,35.6,65.0,26.0,0
28.541732,77.221339,52.8,160.0,57.0,0
28.672568,77.227375,56.6,58.6,258.0,0
28.606983,77.200628,2.9,12.2,31.0,0
28.621243,77.274999,25.8,51.5,22.0,0
28.537145,77.225803,79.8,30.1,20.0,0
28.684106,77.220921,0.6,49.0,115.0,0
28.644063,77.233272,37.6,150.7,11.0,0
28.58172,77.19775,67.0,42.0,62.0,0
28.714785,77.20099,23.1,128.5,113.0,0
28.542327,77.242566,79.7,21.2,115.0,0
28.594029,77.257316,38.9,72.1,8.0,0
28.659848,77.26254,73.1,44.4,95.0,0
28.668164,77.208738,42.3,289.2,151.0,1
28.535843,77.224664,31.8,0.1,92.0,0
28.596332,77.188175,56.8,36.2,73.0,0
28.64779,77.25783,76.7,134.3,44.0,0
28.684153,77.171259,30.1,39.7,88.0,0
28.679946,77.229607,69.2,19.6,52.0,0
28.645522,77.262449,52.8,153.5,31.0,0
28.614984,77.224785,30.3,71.7,41.0,0
28.601531,77.2335,4.4,65.1,64.0,0
28.635406,77.204861,24.9,41.0,49.0,0
28.682201,77.125804,66.5,13.7,66.0,0
28.599799,77.18482,7.6,68.6,240.0,0
28.596841,77.220718,45.8,56.3,18.0,0
28.667763,77.184047,40.9,41.1,328.0,0
28.66358,77.242761,52.9,6.4,3.0,0
28.585505,77.145299,75.1,84.2,56.0,0
28.544562,77.121625,60.1,79.9,163.0,0
28.524828,77.253252,40.8,65.5,6.0,0
28.617008,77.202918,66.4,11.3,278.0,0
28.55527,77.235819,56.1,28.9,150.0,0
28.655313,77.192448,71.6,50.8,115.0,0
28.524663,77.246737,57.9,106.1,45.0,0
28.691182,77.286371,60.2,20.2,14.0,0
28.59366,77.289918,6.7,129.1,6.0,0
28.570563,77.186102,0.3,30.8,4.0,0
28.583442,77.197404,76.4,87.7,53.0,0
28.567262,77.227007,20.2,221.1,73.0,0
28.686235,77.312046,13.2,100.2,15.0,0
28.644081,77.160859,12.7,5.7,40.0,0
28.615343,77.161212,59.0,37.8,45.0,0
28.550356,77.261947,3.7,69.1,136.0,0
28.607748,77.185212,52.9,89.5,8.0,0
28.571969,77.251458,45.7,33.8,96.0,0
28.478952,77.189249,11.8,44.8,88.0,0
28.57582,77.236114,10.8,37.7,69.0,0
28.640762,77.193001,10.6,95.8,17.0,0
28.589193,77.168266,20.8,195.9,3.0,0
28.603251,77.225815,51.3,120.5,92.0,0
28.66255,77.157873,16.6,24.4,49.0,0
28.653598,77.241315,52.8,62.1,59.0,0
28.708546,77.206786,77.7,52.0,115.0,0
28.500823,77.150449,69.0,1.3,8.0,0
28.568386,77.233497,63.8,222.9,14.0,0
28.655907,77.232444,75.9,50.2,33.0,0
28.63207,77.100891,49.0,229.4,26.0,0
28.615473,77.215955,61.5,87.3,180.0,0
28.58026,77.218995,61.9,98.5,23.0,0
28.621823,77.223134,78.0,44.5,138.0,0
28.618944,77.127562,51.8,156.1,46.0,0
28.5179,77.236185,21.8,16.4,6.0,0
28.621182,77.244151,15.7,255.8,67.0,1
28.584648,77.1716,24.5,76.6,83.0,0
28.652553,77.148543,60.9,32.3,11.0,0
28.627733,77.16953,52.5,107.6,33.0,0
28.708295,77.224939,17.5,109.4,10.0,0
28.610496,77.156609,68.8,119.2,12.0,0
28.555934,77.150819,78.5,27.8,70.0,0
28.486067,77.323474,60.6,2.1,41.0,0
28.563586,77.218234,5.0,176.0,2.0,0
28.629368,77.20294,50.2,127.8,164.0,0
28.642144,77.184977,75.0,41.1,70.0,0
28.58024,77.197345,25.0,14.5,3.0,0
28.588994,77.308593,46.8,50.6,76.0,0
28.613997,77.259313,18.2,29.2,109.0,0
28.629503,77.337837,70.5,17.3,31.0,0
28.661504,77.238097,69.6,53.3,84.0,0
28.581121,77.170688,29.2,141.6,21.0,0
28.573368,77.232058,28.0,69.7,8.0,0
28.71174,77.245931,0.0,53.5,212.0,0
28.699661,77.249196,25.4,410.2,0.0,1
28.584029,77.196392,62.5,114.3,44.0,0
28.667627,77.308694,2.3,11.3,6.0,0
28.720735,77.155021,16.2,43.1,54.0,0
28.676348,77.235473,58.4,50.0,0.0,0
28.572355,77.20388,51.8,75.4,4.0,0
28.615741,77.179652,78.9,91.6,73.0,0
28.522909,77.230855,31.2,31.5,100.0,0
28.562253,77.281329,10.7,36.6,95.0,0
28.609735,77.238699,53.2,8.7,11.0,0
28.621488,77.232155,6.3,7.5,0.0,0
28.57585,77.117519,9.3,113.5,83.0,0
28.472916,77.26456,45.4,208.4,12.0,0
28.620178,77.198197,37.8,17.5,23.0,0
28.646909,77.245209,21.1,205.2,19.0,0
28.648806,77.264509,38.2,33.7,161.0,0
28.600207,77.228144,69.5,170.1,126.0,0
28.603742,77.118442,58.0,2.1,36.0,0
28.622825,77.289326,36.4,7.6,94.0,0
28.630945,77.308761,24.9,45.6,82.0,0
28.605828,77.259155,46.6,150.7,38.0,0
28.494351,77.182177,0.2,47.7,6.0,0
28.680352,77.279991,58.6,146.4,89.0,0
28.587283,77.204397,64.2,33.3,68.0,0
28.549305,77.215151,9.7,11.4,10.0,0
28.590871,77.278376,32.2,207.7,40.0,0
28.616084,77.250875,11.6,6.4,95.0,0
28.580046,77.100853,75.9,98.2,88.0,0
28.583498,77.228893,66.1,171.6,213.0,0
28.594268,77.277767,1.6,10.2,37.0,0
28.628591,77.150321,77.6,58.6,105.0,0
28.570551,77.267374,11.3,4.3,0.0,0
28.627372,77.135012,6.7,49.1,62.0,0
28.541486,77.20776,2.6,123.9,20.0,0
28.710794,77.245572,63.3,29.0,10.0,0
28.664116,77.205844,74.0,21.2,80.0,0
28.596767,77.277382,7.6,23.2,28.0,0
28.627238,77.147766,78.7,125.3,57.0,0
28.552092,77.259262,25.3,291.1,106.0,1
28.638591,77.221145,54.3,20.7,46.0,0
28.65277,77.175872,78.9,5.7,35.0,0
28.623816,77.240438,0.7,10.8,58.0,0
28.655614,77.214983,43.7,79.2,332.0,0
28.610148,77.292478,52.5,90.2,8.0,0
28.605431,77.24767,29.7,47.7,19.0,0
28.577507,77.239133,8.8,6.6,163.0,0
28.638295,77.184852,49.7,210.6,316.0,0
28.568672,77.225828,3.8,212.7,49.0,0
28.631218,77.189742,73.9,40.0,1.0,0
28.625661,77.215385,37.0,137.6,106.0,0
28.677699,77.280768,72.8,183.1,60.0,0
28.639675,77.204212,66.9,56.8,45.0,0
28.52266,77.146192,0.3,73.6,202.0,0
28.577324,77.243226,36.7,105.7,9.0,0
28.576026,77.257842,71.0,177.5,25.0,0
28.573906,77.297948,29.8,7.5,59.0,0
28.65883,77.261719,25.9,4.4,0.0,0
28.500332,77.204916,54.8,89.9,120.0,0
28.681723,77.23154,56.4,3.9,86.0,0
28.660427,77.237966,51.5,8.8,16.0,0
28.619788,77.240209,29.1,43.9,22.0,0
28.62796,77.094796,5.1,16.1,22.0,0
28.614251,77.189826,73.8,183.3,118.0,0
28.618429,77.242352,25.4,32.2,23.0,0
28.666817,77.273469,63.7,68.9,20.0,0
28.599315,77.186787,28.1,0.8,81.0,0
28.640517,77.197752,39.6,57.6,52.0,0
28.566937,77.206576,29.9,132.9,27.0,0
28.637127,77.211755,6.5,276.3,51.0,1
28.596863,77.261222,26.4,90.8,151.0,0
28.631899,77.181577,76.5,18.1,36.0,0
28.567271,77.26174,8.8,36.1,0.0,0
28.632962,77.289439,44.5,13.7,79.0,0
28.608161,77.198816,77.5,33.0,381.0,0
28.688743,77.197006,1.6,65.9,3.0,0
28.623448,77.226377,5.5,53.5,57.0,0
28.635162,77.189176,72.7,165.5,31.0,0
28.588424,77.214105,58.8,18.2,50.0,0
28.626105,77.145017,43.6,45.5,22.0,0
28.6342,77.261285,42.9,80.0,84.0,0
28.592788,77.301651,78.0,317.5,6.0,1
28.588888,77.184839,1.7,19.2,6.0,0
28.570169,77.136189,21.6,143.2,47.0,0
28.606697,77.264544,25.3,76.9,23.0,0
28.577842,77.197575,9.6,11.5,154.0,0
28.625113,77.185108,28.6,122.6,13.0,0
28.57098,77.2124,29.6,15.4,90.0,0
28.604375,77.157458,76.7,96.3,220.0,0
28.563212,77.2426,35.4,22.0,24.0,0
28.66772,77.15527,74.8,50.5,150.0,0
28.611743,77.159281,64.8,122.3,23.0,0
28.611296,77.15861,58.9,80.5,48.0,0
28.640274,77.2267,26.4,107.9,0.0,0
28.699262,77.127816,34.2,130.1,18.0,0
28.614555,77.322914,3.6,2.8,3.0,0
28.535955,77.199724,30.2,52.4,2.0,0
28.669597,77.11269,69.6,339.4,326.0,1
28.542634,77.165463,62.5,126.9,87.0,0
28.585678,77.248439,64.7,36.4,25.0,0
28.670126,77.285917,17.7,26.8,69.0,0
28.593739,77.226659,16.8,97.6,45.0,0
28.581886,77.222782,53.1,11.8,150.0,0
28.624565,77.141991,52.1,171.4,17.0,0
28.610984,77.292943,15.6,6.8,43.0,0
28.575831,77.246296,57.6,65.5,0.0,0
28.65438,77.234554,30.1,150.1,78.0,0
28.671899,77.219346,70.9,101.8,52.0,0
28.679896,77.245051,29.2,53.2,59.0,0
28.638088,77.178497,18.4,20.9,78.0,0
28.575447,77.265467,15.7,73.4,29.0,0
28.547736,77.258669,71.9,271.2,10.0,1
28.494656,77.213593,68.8,8.0,12.0,0
28.662156,77.204895,34.1,2.6,79.0,0
28.620228,77.110578,19.3,43.5,309.0,0
28.589554,77.13189,22.8,71.6,36.0,0
28.513835,77.245788,30.8,35.5,11.0,0
28.551345,77.263737,3.5,101.2,4.0,0
28.522225,77.272003,5.4,59.2,39.0,0
28.682595,77.151141,74.2,34.1,76.0,0
28.642285,77.333173,61.3,126.4,55.0,0
28.545203,77.268515,65.1,8.4,21.0,0
28.692253,77.189827,38.3,3.3,54.0,0
28.574393,77.226666,29.2,4.7,47.0,0
28.627964,77.133631,7.4,134.7,15.0,0
28.628081,77.187655,44.6,128.0,32.0,0
28.605805,77.245413,59.5,142.1,125.0,0
28.595345,77.221634,15.7,26.7,84.0,0
28.6122,77.305657,31.1,54.1,159.0,0
28.596501,77.144528,74.2,30.8,134.0,0
28.622955,77.212643,67.5,70.8,17.0,0
28.624939,77.161669,63.9,149.3,119.0,0
28.584289,77.295253,3.2,1.6,57.0,0
28.665562,77.231768,13.2,67.5,196.0,0
28.568648,77.218922,24.5,18.0,13.0,0
28.63001,77.211843,24.3,163.2,25.0,0
28.593531,77.174646,10.3,251.7,31.0,1
28.56705,77.278422,23.2,140.9,1.0,0
28.596629,77.22703,34.3,2.7,39.0,0
28.577459,77.230738,3.9,28.8,173.0,0
28.643437,77.247616,32.3,20.9,101.0,0
28.605772,77.175411,39.7,140.0,13.0,0
28.678961,77.318264,3.3,1.5,20.0,0
28.562929,77.296976,53.9,204.9,224.0,0
28.500657,77.216702,6.4,70.8,4.0,0
28.630238,77.203446,51.8,109.0,36.0,0
28.696632,77.250482,79.5,48.7,131.0,0
28.63494,77.274509,4.8,98.2,72.0,0
28.56338,77.306014,21.8,32.6,242.0,0
28.559354,77.250741,10.3,86.3,222.0,0
28.711792,77.225328,29.5,45.1,84.0,0
28.591531,77.225357,66.8,215.0,40.0,0
28.559755,77.124466,74.4,213.3,59.0,0
28.670021,77.196985,67.2,67.6,95.0,0
28.603138,77.236561,55.3,118.7,21.0,0
28.509132,77.105613,57.4,108.5,37.0,0
28.714645,77.227497,9.6,98.0,66.0,0
28.63972,77.177899,19.9,292.2,19.0,1
28.534916,77.297351,29.1,168.2,64.0,0
28.68029,77.204266,4.0,109.4,9.0,0
28.558108,77.205319,65.7,6.6,33.0,0
28.555099,77.211629,20.5,35.1,6.0,0
28.565913,77.218267,4.2,33.6,111.0,0
28.707475,77.258142,5.8,57.4,22.0,0
28.712771,77.201285,77.6,155.5,156.0,0
28.583103,77.219672,73.0,89.2,93.0,0
28.695781,77.25844,76.7,118.1,23.0,0
28.49615,77.218927,76.5,3.4,56.0,0
28.656203,77.251272,64.0,4.4,35.0,0
28.678709,77.196222,22.1,211.0,98.0,0
28.685822,77.23605,26.0,18.8,70.0,0
28.614345,77.28395,32.2,126.6,64.0,0
28.638804,77.248623,62.8,63.6,78.0,0
28.574644,77.124949,74.1,34.4,33.0,0
28.611757,77.246268,35.2,115.4,32.0,0
28.602289,77.160801,24.1,267.9,26.0,1
28.599414,77.172251,19.4,24.0,10.0,0
28.667233,77.243094,20.5,34.7,27.0,0
28.621247,77.170022,0.6,27.8,60.0,0
28.695159,77.16301,18.7,82.8,23.0,0
28.622899,77.218325,23.6,103.1,13.0,0
28.720066,77.187829,62.0,52.1,189.0,0
28.671861,77.137012,43.9,19.3,52.0,0
28.60616,77.246269,26.5,31.0,2.0,0
28.61923,77.267771,47.8,110.1,91.0,0
28.568501,77.263735,63.1,172.1,67.0,0
28.61851,77.173584,48.8,56.7,30.0,0
28.561374,77.239045,5.6,22.9,72.0,0
28.677018,77.193796,19.3,87.6,147.0,0
28.59332,77.155125,22.9,81.6,15.0,0
28.628282,77.181134,29.0,192.0,45.0,0
28.496435,77.077533,2.0,26.8,89.0,0
28.597144,77.165635,59.5,136.0,5.0,0
28.591917,77.145165,37.6,88.8,84.0,0
28.656546,77.228645,71.7,146.6,87.0,0
28.636624,77.233075,41.4,8.7,48.0,0
28.661415,77.134014,79.1,140.5,92.0,0
28.632632,77.259899,56.1,51.9,67.0,0
28.672028,77.188112,70.9,119.2,24.0,0
28.631456,77.16503,77.9,22.3,9.0,0
28.541689,77.128984,37.7,34.2,197.0,0
28.605984,77.178457,50.6,42.9,51.0,0
28.60856,77.211539,73.1,63.9,75.0,0
28.447241,77.26829,46.0,57.1,47.0,0
28.559673,77.213235,4.2,21.6,82.0,0
28.712587,77.202756,55.8,187.2,10.0,0
28.596773,77.247525,74.9,231.2,15.0,0
28.605233,77.225505,62.5,21.7,115.0,0
28.501583,77.143247,63.3,39.7,3.0,0
28.543138,77.196664,6.3,130.6,37.0,0
28.634717,77.18975,59.0,122.1,13.0,0
28.587263,77.211003,2.6,291.0,51.0,1
28.555055,77.194735,74.5,235.5,38.0,0
28.675369,77.178176,73.1,166.4,80.0,0
28.575443,77.291744,78.4,70.7,22.0,0
28.545453,77.216239,24.3,33.0,33.0,0
28.612523,77.242343,43.2,59.1,16.0,0
28.569752,77.212632,46.3,118.0,7.0,0
28.569688,77.259261,44.5,8.8,15.0,0
28.607445,77.213958,33.0,97.2,137.0,0
28.578322,77.267118,79.0,181.1,40.0,0
28.527154,77.074987,70.9,18.9,46.0,0
28.638428,77.223484,48.8,133.4,81.0,0
28.653796,77.231555,51.8,177.2,120.0,0
28.59797,77.233732,57.1,5.6,1.0,0
28.641508,77.164309,48.3,253.6,8.0,1
28.592055,77.182366,56.6,55.8,33.0,0
28.515002,77.166334,65.3,49.0,13.0,0
28.655321,77.242854,78.2,73.8,39.0,0
28.605541,77.263714,67.9,19.2,57.0,0
28.61805,77.136306,10.3,87.2,40.0,0
28.605184,77.228759,43.7,132.4,68.0,0
28.601421,77.175269,50.6,31.1,1.0,0
28.617602,77.305879,21.3,23.6,47.0,0
28.618561,77.246631,38.0,197.2,76.0,0
28.673677,77.200903,74.6,50.4,342.0,0
28.632407,77.211755,20.7,79.3,7.0,0
28.669327,77.283353,25.4,154.7,1.0,0
28.685852,77.22136,72.7,101.0,21.0,0
28.529931,77.129069,7.5,31.1,24.0,0
28.674334,77.294366,70.4,1.7,99.0,0
28.643155,77.259142,24.3,50.6,17.0,0
28.63492,77.191632,39.9,22.9,17.0,0
28.659978,77.248536,51.4,43.5,123.0,0
28.59726,77.187826,51.7,49.1,34.0,0
28.640629,77.1865,78.4,160.6,64.0,0
28.557611,77.212443,2.8,116.5,14.0,0
28.539897,77.2485,56.3,17.4,55.0,0
28.637084,77.242023,67.6,30.4,135.0,0
28.607027,77.265417,47.1,70.1,79.0,0
28.610354,77.242241,78.1,66.7,9.0,0
28.570618,77.291167,33.4,63.1,8.0,0
28.630059,77.304719,60.0,243.4,6.0,0
28.589183,77.233608,54.9,94.4,151.0,0
28.608172,77.20168,2.5,8.2,56.0,0
28.586166,77.209527,44.2,225.7,1.0,0
28.570397,77.122227,20.9,49.8,109.0,0
28.600149,77.219532,42.3,69.5,24.0,0
28.669779,77.187653,70.7,137.0,68.0,0
28.586852,77.183253,50.4,19.2,115.0,0
28.604169,77.216606,47.5,57.4,84.0,0
28.597245,77.113553,53.8,156.9,103.0,0
28.578645,77.209556,42.3,106.7,98.0,0
28.671962,77.228702,35.8,34.5,10.0,0
28.542417,77.141723,30.0,71.2,29.0,0
28.606231,77.286219,56.0,0.6,147.0,0
28.568324,77.240644,62.1,3.9,6.0,0
28.638861,77.283035,33.9,9.6,225.0,0
28.617196,77.24021,3.5,94.9,15.0,0
28.669614,77.236542,43.5,77.4,58.0,0
28.647228,77.294605,45.9,198.3,24.0,0
28.61458,77.284273,38.3,98.6,244.0,0
28.647717,77.315581,28.8,43.7,45.0,0
28.652288,77.212298,71.7,161.4,10.0,0
28.564875,77.178767,38.5,3.5,113.0,0
28.649157,77.160615,63.9,0.8,31.0,0
28.625363,77.169631,51.0,23.0,115.0,0
28.634973,77.252419,63.0,10.9,35.0,0
28.590122,77.354818,70.2,25.2,162.0,0
28.567782,77.29393,19.5,29.2,3.0,0
28.558789,77.209519,66.3,48.6,246.0,0
28.440086,77.256818,57.7,75.5,37.0,0
28.575033,77.19083,44.9,34.8,28.0,0
28.732463,77.19394,43.6,273.5,3.0,1
28.651621,77.166779,24.9,62.4,16.0,0
28.626423,77.170109,43.3,167.1,22.0,0
28.658552,77.24627,30.7,129.7,78.0,0
28.597498,77.292634,71.1,3.9,72.0,0
28.590904,77.270555,46.6,51.0,130.0,0
28.595988,77.291383,23.9,131.4,169.0,0
28.5737,77.25769,11.5,189.7,78.0,0
28.577815,77.216784,55.5,80.2,70.0,0
28.60971,77.192224,53.2,215.1,138.0,0
28.613723,77.247343,28.8,87.1,8.0,0
28.67681,77.134519,13.0,18.7,5.0,0
28.661732,77.188274,57.3,65.4,74.0,0
28.536223,77.179119,21.6,112.8,22.0,0
28.595777,77.280704,69.0,87.8,33.0,0
28.555219,77.149621,58.1,7.0,56.0,0
28.480084,77.26498,71.4,21.6,181.0,0
28.614862,77.237871,78.8,93.1,124.0,0
28.639361,77.238482,27.3,60.1,79.0,0
28.614067,77.195123,40.3,2.5,34.0,0
28.632345,77.145338,32.3,107.3,94.0,0
28.593763,77.243514,6.2,6.6,12.0,0
28.559113,77.262794,32.4,16.3,99.0,0
28.592149,77.243358,35.5,187.9,39.0,0
28.678939,77.211298,13.9,30.3,18.0,0
28.629231,77.161604,70.7,2.8,37.0,0
28.534463,77.187346,23.4,1.4,93.0,0
28.617003,77.241012,60.7,219.3,64.0,0
28.674189,77.178995,6.1,37.3,9.0,0
28.648567,77.1704,2.4,77.7,71.0,0
28.674841,77.14617,79.6,42.7,107.0,0
28.536073,77.245262,9.8,19.2,10.0,0
28.616789,77.24421,61.3,168.1,4.0,0
28.593087,77.276208,48.4,239.1,4.0,0
28.640249,77.111295,36.2,352.8,1.0,1
28.568044,77.277093,3.0,3.4,1.0,0
28.567172,77.274174,26.3,4.1,98.0,0
28.610347,77.278933,72.0,156.1,81.0,0
28.564412,77.224481,72.4,15.5,170.0,0
28.623471,77.22959,48.0,66.0,26.0,0
28.508543,77.229356,46.0,69.4,74.0,0
28.669287,77.17285,34.0,86.8,32.0,0
28.47124,77.174974,62.0,3.1,49.0,0
28.655736,77.229787,70.6,29.5,35.0,0
28.581454,77.206045,58.2,57.7,32.0,0
28.538023,77.254305,42.0,15.3,17.0,0
28.619,77.200674,50.8,230.6,52.0,0
28.654781,77.145065,17.6,141.2,18.0,0
28.668425,77.1474,79.3,12.0,9.0,0
28.666789,77.180437,74.9,88.9,83.0,0
28.567578,77.254806,76.5,42.2,62.0,0
28.620742,77.192537,13.3,29.9,21.0,0
28.521598,77.233424,52.2,27.5,60.0,0
28.614465,77.134886,52.5,86.9,2.0,0
28.627405,77.226602,28.4,187.1,267.0,0
28.591743,77.220389,69.2,144.8,11.0,0
28.518716,77.27801,62.6,34.3,170.0,0
28.580807,77.226212,57.6,98.4,4.0,0
28.705866,77.256643,2.3,60.0,74.0,0
28.630051,77.315787,79.2,46.4,15.0,0
28.586266,77.220495,57.5,28.2,202.0,0
28.602541,77.29519,77.6,6.8,23.0,0
28.629731,77.224698,6.9,17.1,2.0,0
28.533039,77.191787,55.5,66.9,2.0,0
28.535638,77.213068,59.6,104.3,116.0,0
28.573691,77.193166,5.2,3.0,4.0,0
28.584935,77.194971,5.2,38.1,106.0,0
28.700198,77.189826,61.0,14.5,10.0,0
28.614033,77.203332,63.8,73.7,19.0,0
28.584655,77.254037,72.8,160.0,239.0,0
28.613326,77.133437,61.8,212.4,77.0,0
28.509258,77.232857,19.2,173.2,9.0,0
28.565296,77.224511,77.5,164.7,19.0,0
28.573076,77.287721,21.4,73.5,39.0,0
28.559473,77.200216,58.2,22.3,130.0,0
28.672224,77.275085,42.4,109.9,74.0,0
28.643504,77.175505,9.8,103.1,71.0,0
28.549973,77.19575,74.2,14.6,27.0,0
28.547158,77.239333,47.0,17.3,64.0,0
28.547529,77.248888,7.3,9.3,11.0,0
28.601163,77.205242,30.7,55.2,51.0,0
28.620507,77.229642,61.2,31.0,49.0,0
28.631307,77.210283,49.5,184.3,70.0,0
28.559779,77.258069,17.9,3.0,17.0,0
28.601582,77.21117,45.6,31.3,7.0,0
28.607706,77.207353,24.7,167.0,205.0,0
28.670347,77.268064,42.2,552.2,10.0,1
28.64921,77.229013,25.4,102.7,25.0,0
28.538737,77.251916,39.7,184.7,123.0,0
28.516312,77.343428,67.4,1.3,54.0,0
28.604949,77.11924,17.0,118.2,15.0,0
28.578639,77.167127,0.1,49.5,39.0,0
28.562452,77.172111,12.4,93.8,110.0,0
28.57268,77.175822,67.3,45.0,272.0,0
28.639477,77.289657,33.2,67.4,62.0,0
28.535317,77.085143,59.2,24.1,18.0,0
28.702917,77.242583,2.5,68.3,100.0,0
28.574624,77.141864,11.7,27.5,99.0,0
28.642127,77.219779,45.5,26.3,132.0,0
28.577048,77.23147,57.6,31.7,9.0,0
28.534587,77.263814,63.0,17.9,27.0,0
28.603203,77.205224,51.4,20.2,16.0,0
28.547799,77.209845,60.5,214.5,15.0,0
28.617855,77.116025,13.3,48.5,27.0,0
28.60924,77.332507,52.7,76.2,3.0,0
28.575769,77.233821,34.0,67.8,113.0,0
28.618072,77.240439,73.2,24.7,115.0,0
28.662442,77.272152,49.2,0.0,172.0,0
28.605003,77.215127,43.3,8.8,4.0,0
28.574072,77.239693,46.3,142.1,51.0,0
28.630497,77.254267,66.5,9.3,0.0,0
28.632579,77.144762,0.9,18.5,53.0,0
28.596255,77.245032,68.8,195.2,6.0,0
28.679174,77.322258,2.3,131.9,29.0,0
28.595523,77.305842,46.6,4.4,23.0,0
28.684897,77.295103,40.2,82.5,24.0,0
28.577764,77.314026,29.6,58.0,13.0,0
28.653019,77.15552,10.3,36.3,7.0,0
28.59951,77.192256,9.9,55.1,1.0,0
28.623927,77.172928,59.4,13.1,83.0,0
28.50919,77.393256,9.1,247.7,149.0,0
28.718936,77.230696,55.0,15.1,135.0,0
28.626347,77.147787,79.2,16.5,60.0,0
28.661338,77.163417,54.6,36.8,8.0,0
28.541616,77.223855,6.0,19.1,50.0,0
28.619079,77.150353,43.4,30.0,6.0,0
28.601529,77.311934,66.8,3.3,43.0,0
28.55762,77.258026,76.4,76.2,117.0,0
28.674764,77.234154,58.2,22.1,13.0,0
28.617814,77.16582,24.8,283.2,162.0,1
28.607792,77.152447,20.1,9.7,29.0,0
28.641738,77.235958,62.7,6.4,15.0,0
28.567766,77.225373,60.8,15.3,42.0,0
28.618564,77.154332,38.9,62.5,122.0,0
28.615009,77.215807,6.9,110.1,19.0,0
28.617207,77.215936,53.8,65.5,11.0,0
28.661865,77.255403,47.2,157.5,61.0,0
28.589276,77.32382,0.9,72.0,71.0,0
28.584001,77.114524,51.4,11.9,4.0,0
28.579782,77.258559,10.6,16.4,17.0,0
28.577712,77.183675,66.1,35.4,8.0,0
28.665617,77.239577,53.9,202.1,74.0,0
28.606965,77.225035,4.1,49.3,45.0,0
28.66164,77.243507,42.5,165.8,135.0,0
28.624051,77.156345,64.4,6.2,68.0,0
28.566794,77.266981,66.4,92.9,19.0,0
28.535152,77.220543,6.8,50.4,25.0,0
28.537899,77.288087,6.3,15.2,33.0,0
28.565957,77.298122,62.0,6.8,6.0,0
28.661486,77.230342,18.6,30.3,153.0,0
28.67554,77.267994,47.5,137.5,72.0,0
28.615148,77.263669,48.7,81.9,78.0,0
28.656846,77.285435,50.4,49.6,65.0,0
28.582751,77.281816,27.0,149.4,35.0,0
28.579109,77.160301,3.2,16.0,29.0,0
28.649039,77.232412,43.0,26.2,48.0,0
28.618813,77.149083,41.2,64.6,80.0,0
28.647174,77.192405,34.7,71.3,26.0,0
28.613061,77.194433,22.4,31.0,41.0,0
28.591732,77.247755,67.4,56.1,63.0,0
28.599713,77.206992,29.6,10.2,19.0,0
28.625857,77.210519,10.1,0.9,107.0,0
28.622493,77.268458,60.6,188.4,14.0,0
28.563904,77.262471,50.9,46.6,119.0,0
28.604415,77.232298,24.7,21.0,0.0,0
28.534472,77.255958,12.1,32.0,62.0,0
28.593044,77.250797,35.2,58.3,39.0,0
28.564462,77.316743,5.3,234.2,17.0,0
28.458206,77.208061,17.8,102.1,178.0,0
28.721001,77.180902,77.1,236.8,14.0,0
28.571885,77.228695,12.0,9.5,41.0,0
28.563435,77.170981,22.0,15.7,49.0,0
28.691646,77.200103,11.1,36.1,186.0,0
28.551899,77.241006,73.0,22.4,61.0,0
28.537931,77.193132,74.0,251.8,5.0,1
28.60023,77.207095,4.8,15.0,32.0,0
28.585751,77.204852,71.9,14.9,120.0,0
28.578532,77.196836,11.4,53.5,86.0,0
28.564635,77.163676,31.8,95.5,3.0,0
28.601071,77.269112,46.9,38.2,53.0,0
28.692325,77.287004,37.0,3.6,7.0,0
28.529968,77.266081,10.9,116.1,6.0,0
28.65253,77.265637,63.3,232.7,196.0,0
28.687185,77.197715,55.0,133.1,72.0,0
28.57919,77.227261,75.3,146.7,7.0,0
28.62932,77.179531,28.2,150.7,25.0,0
28.604402,77.21176,34.4,114.0,68.0,0
28.524536,77.216204,28.0,131.0,142.0,0
28.671449,77.149244,5.0,6.4,4.0,0
28.612261,77.225107,4.4,4.5,5.0,0
28.584451,77.191958,60.9,6.3,7.0,0
28.534417,77.231761,22.8,71.6,47.0,0
28.636545,77.206745,39.0,22.1,37.0,0
28.618106,77.235821,78.3,2.3,11.0,0
28.64079,77.25339,1.4,6.4,46.0,0
28.638263,77.155831,41.4,5.7,25.0,0
28.56984,77.202519,41.5,79.0,11.0,0
28.439505,77.186101,79.9,12.3,2.0,0
28.605003,77.277416,66.7,149.5,6.0,0
28.601641,77.303389,5.3,393.2,29.0,1
28.618691,77.220621,12.6,46.6,43.0,0
28.686394,77.238725,2.7,61.7,15.0,0
28.608064,77.144801,15.7,24.1,91.0,0
28.645129,77.233655,17.0,85.3,51.0,0
28.629355,77.205562,7.2,197.2,88.0,0
28.54126,77.286428,42.2,16.0,30.0,0
28.545991,77.207126,78.0,244.9,133.0,0
28.668179,77.17747,64.3,20.0,97.0,0
28.566527,77.15136,16.3,24.7,48.0,0
28.628958,77.227553,62.6,194.0,69.0,0
28.559303,77.191328,78.6,72.0,10.0,0
28.647822,77.279365,66.8,2.6,89.0,0
28.622871,77.250162,37.5,129.9,56.0,0
28.595608,77.213451,21.5,82.2,13.0,0
28.643829,77.249864,59.8,108.7,19.0,0
28.623485,77.30566,62.9,14.1,149.0,0
28.574387,77.160505,23.7,165.0,13.0,0
28.611098,77.186746,17.9,122.2,34.0,0
28.643955,77.315583,53.8,252.5,110.0,1
28.665885,77.180778,71.1,42.0,23.0,0
28.604064,77.251616,1.7,58.4,11.0,0
28.699823,77.277852,79.0,96.8,41.0,0
28.573274,77.217711,15.3,8.8,13.0,0
28.532658,77.252973,28.0,18.9,247.0,0
28.539947,77.203804,4.2,27.2,63.0,0
28.610002,77.309333,4.4,232.2,42.0,0
28.611101,77.196406,21.8,0.1,35.0,0
28.61678,77.17077,45.2,408.8,58.0,1
28.577097,77.262936,72.1,40.3,27.0,0
28.721786,77.253998,5.6,83.6,15.0,0
28.686047,77.225953,43.7,42.3,18.0,0
28.553286,77.220152,33.3,122.6,7.0,0
28.605404,77.1937,79.1,240.6,136.0,0
28.612964,77.181766,15.0,47.5,178.0,0
28.644782,77.188214,29.6,15.9,17.0,0
28.53429,77.234135,2.7,20.1,229.0,0
28.524794,77.208163,73.1,24.7,48.0,0
28.549554,77.143949,49.8,20.0,17.0,0
28.685705,77.197475,47.0,1.1,42.0,0
28.577765,77.207865,3.9,158.4,5.0,0
28.650926,77.24399,7.9,91.4,9.0,0
28.639942,77.2331,63.2,58.0,15.0,0
28.601516,77.306271,44.0,12.7,147.0,0
28.651872,77.169524,15.9,3.3,179.0,0
28.549124,77.246152,44.0,38.8,32.0,0
28.586928,77.25024,77.4,0.4,17.0,0
28.499664,77.232463,8.3,4.7,23.0,0
28.615384,77.203644,77.6,6.1,24.0,0
28.570884,77.184322,62.0,135.3,48.0,0
28.719996,77.21646,11.5,103.6,11.0,0
28.613434,77.129104,65.2,29.6,52.0,0
28.651468,77.172305,59.5,29.0,28.0,0
28.643141,77.169758,45.9,33.8,59.0,0
28.606618,77.243685,61.9,66.7,50.0,0
28.660104,77.249769,11.3,157.4,37.0,0
28.612154,77.164886,57.7,51.9,8.0,0
28.634279,77.15312,51.3,12.9,10.0,0
28.7284,77.145342,22.8,13.8,26.0,0
28.620113,77.267388,55.2,4.7,81.0,0
28.584111,77.264253,54.3,107.9,24.0,0
28.575109,77.250975,19.1,40.8,20.0,0
28.606347,77.293664,11.8,200.1,95.0,0
28.616359,77.307394,29.0,29.7,124.0,0
28.613458,77.16883,31.9,128.1,77.0,0
28.5314,77.19878,65.9,54.7,36.0,0
28.497322,77.257514,34.9,151.1,14.0,0
28.562064,77.080465,58.9,65.9,316.0,0
28.613435,77.205964,37.0,17.1,25.0,0
28.613659,77.266634,5.4,129.2,34.0,0
28.633227,77.201069,52.2,0.5,44.0,0
28.62865,77.255087,71.6,56.1,50.0,0
28.585524,77.118481,41.5,17.4,1.0,0
28.559466,77.232702,56.2,33.0,137.0,0
28.636553,77.195456,62.3,42.1,127.0,0
28.621806,77.207236,37.4,65.7,8.0,0
28.55584,77.171107,20.0,35.0,113.0,0
28.641739,77.298461,68.8,82.8,10.0,0
28.658352,77.221947,66.3,16.6,17.0,0
28.649973,77.225786,68.8,124.8,44.0,0
28.658724,77.32158,66.1,73.7,226.0,0
28.57297,77.172256,10.6,34.7,39.0,0
28.65309,77.225496,33.2,60.7,29.0,0
28.602608,77.184439,15.3,41.4,44.0,0
28.712741,77.182019,12.4,166.3,16.0,0
28.655206,77.233891,62.5,63.2,161.0,0
28.63197,77.204407,38.5,124.3,164.0,0
28.696313,77.317411,7.3,126.8,68.0,0
28.585185,77.307613,32.5,105.9,10.0,0
28.638034,77.210376,79.5,111.2,40.0,0
28.722279,77.141449,17.0,20.3,29.0,0
28.651159,77.203942,31.8,163.9,329.0,0
28.618072,77.270876,47.6,98.4,3.0,0
28.597009,77.174174,16.0,4.4,18.0,0
28.562086,77.298732,77.4,83.5,41.0,0
28.596022,77.247558,50.8,52.6,105.0,0
28.569559,77.159957,18.4,12.3,78.0,0
28.59899,77.185495,35.7,51.3,188.0,0
28.60499,77.192559,28.9,204.4,14.0,0
28.659937,77.178199,9.8,167.0,7.0,0
28.590069,77.161227,22.8,7.2,53.0,0
28.580668,77.189747,44.3,46.5,34.0,0
28.654862,77.199465,7.0,57.0,24.0,0
28.645335,77.283455,3.9,94.0,90.0,0
28.598328,77.240434,43.3,116.4,48.0,0
28.640545,77.243409,34.7,141.0,23.0,0
28.597398,77.23598,15.1,72.6,46.0,0
28.599841,77.178694,57.0,171.1,162.0,0
28.688193,77.275855,7.0,65.0,18.0,0
28.603609,77.196782,21.6,1.9,36.0,0
28.590208,77.201708,8.1,49.1,20.0,0
28.611394,77.237456,58.2,14.1,51.0,0
28.512232,77.343487,50.6,68.3,139.0,0
28.602102,77.190231,15.1,91.4,63.0,0
28.623237,77.137026,44.6,91.4,13.0,0
28.709569,77.232967,55.7,53.9,8.0,0
28.615119,77.252693,2.7,101.0,2.0,0
28.632396,77.196782,53.1,9.7,110.0,0
28.627822,77.188813,24.9,236.1,38.0,0
28.72393,77.154933,10.8,148.2,33.0,0
28.660635,77.235352,65.7,154.5,18.0,0
28.53795,77.315717,48.5,2.7,34.0,0
28.671958,77.304123,43.7,20.8,26.0,0
28.563254,77.233541,66.9,8.4,82.0,0
28.577818,77.19769,21.2,160.4,74.0,0
28.545513,77.237599,1.1,110.9,35.0,0
28.701617,77.202256,75.9,8.1,64.0,0
28.669817,77.186469,21.0,41.1,53.0,0
28.672033,77.226643,50.7,57.4,61.0,0
28.662294,77.282396,78.2,100.5,85.0,0
28.645037,77.209035,18.7,27.8,6.0,0
28.594515,77.208446,79.4,27.4,107.0,0
28.620802,77.205262,43.1,60.7,20.0,0
28.584683,77.258132,76.7,59.7,29.0,0
28.567933,77.261108,6.9,9.5,19.0,0
28.578476,77.16468,42.5,99.8,105.0,0
28.728209,77.209671,75.5,15.7,122.0,0
28.591385,77.273813,12.4,151.7,9.0,0
28.660539,77.201768,22.0,118.7,44.0,0
28.714358,77.288125,17.0,316.7,29.0,1
28.649535,77.252824,77.2,15.0,12.0,0
28.571099,77.306319,21.1,231.3,49.0,0
28.573669,77.202938,9.7,105.5,27.0,0
28.616443,77.253588,63.7,170.4,75.0,0
28.723339,77.255144,41.1,2.8,109.0,0
28.681677,77.272373,47.2,31.0,1.0,0
28.637333,77.236169,48.5,2.4,48.0,0
28.600291,77.27417,49.0,16.1,52.0,0
28.629472,77.186961,36.3,172.5,23.0,0
28.619962,77.21571,78.0,42.3,97.0,0
28.619645,77.144097,13.9,89.1,144.0,0
28.56673,77.205013,76.6,52.9,87.0,0
28.56579,77.175948,23.4,51.3,45.0,0
28.62694,77.235053,15.2,83.9,1.0,0
28.552517,77.267803,50.1,45.6,33.0,0
28.579244,77.246731,71.3,1.7,71.0,0
28.611982,77.257511,29.0,129.0,10.0,0
28.62704,77.223277,6.0,25.6,90.0,0
28.666287,77.211462,42.9,89.0,57.0,0
28.547848,77.159851,78.8,85.9,24.0,0
28.548,77.122272,31.2,12.5,113.0,0
28.675816,77.143103,1.6,14.4,62.0,0
28.694325,77.185345,40.1,47.5,22.0,0
28.558296,77.264119,30.7,33.5,13.0,0
28.568239,77.157062,5.3,25.5,10.0,0
28.637778,77.177415,70.0,29.6,259.0,0
28.612936,77.194979,49.5,23.5,122.0,0
28.613326,77.282911,12.3,9.4,70.0,0
28.571468,77.216587,74.1,7.4,38.0,0
28.646485,77.225249,46.1,169.6,113.0,0
28.598642,77.239035,55.1,134.9,73.0,0
28.596997,77.288246,46.7,54.5,49.0,0
28.553938,77.222686,78.3,30.8,91.0,0
28.650067,77.130236,71.3,92.8,8.0,0
28.592432,77.224846,1.3,9.2,124.0,0
28.608242,77.290524,1.2,8.6,8.0,0
28.66999,77.250551,39.1,12.2,141.0,0
28.558158,77.229251,25.1,94.2,15.0,0
28.606166,77.236187,43.1,137.9,29.0,0
28.532592,77.126642,27.1,61.5,86.0,0
28.584318,77.119671,70.3,14.8,7.0,0
28.674911,77.263206,13.6,32.9,221.0,0
28.53343,77.282784,4.6,138.5,83.0,0
28.622284,77.187025,27.4,57.5,18.0,0
28.690677,77.228165,11.1,48.0,131.0,0
28.637938,77.24954,47.3,86.1,3.0,0
28.58131,77.301503,37.8,35.0,1.0,0
28.554913,77.214503,56.6,0.3,23.0,0
28.514019,77.255389,5.8,226.1,6.0,0
28.688616,77.318159,60.4,99.2,103.0,0
28.589456,77.204478,22.1,253.7,29.0,1
28.520401,77.22174,53.7,151.8,58.0,0
28.559442,77.163221,23.3,37.5,104.0,0
28.556595,77.165736,66.7,38.1,10.0,0
28.585744,77.262272,66.7,12.5,218.0,0
28.729918,77.278194,24.5,131.7,63.0,0
28.656647,77.276681,72.8,77.3,4.0,0
28.634715,77.166843,25.7,23.6,47.0,0
28.670374,77.208215,71.7,257.6,123.0,1
28.702193,77.242424,15.5,116.8,137.0,0
28.636907,77.104685,23.0,171.4,83.0,0
28.68256,77.241349,70.7,15.3,215.0,0
28.578462,77.312523,6.5,71.8,41.0,0
28.567363,77.275335,56.1,375.6,31.0,1
28.55892,77.097984,54.6,34.4,15.0,0
28.625197,77.238367,77.8,41.3,37.0,0
28.479006,77.229298,77.8,61.6,117.0,0
28.676735,77.232083,38.4,3.6,3.0,0
28.585817,77.223857,52.7,20.5,15.0,0
28.651814,77.202177,12.5,31.2,214.0,0
28.54091,77.102233,18.1,0.7,94.0,0
28.666062,77.234046,44.7,30.4,20.0,0
28.679643,77.249869,19.0,63.0,109.0,0
28.615646,77.190732,17.3,1.6,9.0,0
28.636889,77.281429,1.8,60.7,66.0,0
28.559188,77.136491,5.9,128.7,13.0,0
28.612777,77.132234,56.9,12.6,45.0,0
28.659114,77.222749,1.1,260.4,60.0,1
28.59535,77.184415,71.7,42.9,79.0,0
28.686819,77.267102,6.3,46.1,142.0,0
28.52134,77.197122,12.5,57.9,95.0,0
28.594067,77.286402,27.2,40.0,21.0,0
28.514441,77.182399,58.1,84.5,111.0,0
28.626308,77.225685,56.1,15.7,4.0,0
28.599849,77.119275,19.7,202.5,80.0,0
28.601706,77.215837,26.2,162.2,40.0,0
28.6475,77.222135,65.7,82.8,35.0,0
28.596312,77.278979,39.7,124.6,72.0,0
28.750835,77.142946,36.7,98.6,4.0,0
28.650926,77.204351,50.7,51.5,124.0,0
28.612002,77.291142,36.5,13.5,18.0,0
28.576765,77.297769,34.7,31.4,101.0,0
28.564964,77.176782,63.9,172.7,23.0,0
28.632351,77.184216,74.5,87.7,79.0,0
28.584173,77.133517,43.9,160.4,151.0,0
28.660044,77.11235,23.1,168.2,71.0,0
28.606386,77.199056,76.0,59.9,16.0,0
28.606554,77.186236,56.2,45.9,72.0,0
28.616233,77.321576,52.3,44.9,72.0,0
28.602899,77.235885,48.5,47.0,155.0,0
28.624357,77.208068,59.2,233.8,18.0,0
28.713976,77.2513,62.0,13.0,209.0,0
28.637541,77.269923,63.3,13.2,69.0,0
28.631667,77.279184,78.1,39.2,23.0,0
28.64985,77.231479,32.9,129.5,43.0,0
28.605075,77.217319,19.4,153.0,86.0,0
28.562317,77.226409,31.5,139.7,3.0,0
28.459546,77.215576,61.3,69.8,25.0,0
28.507959,77.192039,43.3,156.0,131.0,0
28.647897,77.27066,69.2,17.1,7.0,0
28.62894,77.208857,18.9,73.0,45.0,0
28.603101,77.167783,59.0,31.9,51.0,0
28.728614,77.219529,19.9,25.5,20.0,0
28.608787,77.254333,63.9,8.4,31.0,0
28.492412,77.145703,35.1,36.3,145.0,0
28.648025,77.205056,79.2,2.8,4.0,0
28.668547,77.178394,53.5,34.8,11.0,0
28.646504,77.327635,59.3,51.5,139.0,0
28.669286,77.223088,3.4,35.4,12.0,0
28.522456,77.29611,56.2,118.0,11.0,0
28.615234,77.230706,33.5,26.4,53.0,0
28.568999,77.235172,25.9,6.2,249.0,0
28.636655,77.215429,63.6,17.8,36.0,0
28.686516,77.207349,18.3,137.2,44.0,0
28.592094,77.214806,14.5,80.8,105.0,0
28.64308,77.185631,28.4,68.9,72.0,0
28.566677,77.217947,50.3,61.9,332.0,0
28.609624,77.137315,20.6,110.6,57.0,0
28.58479,77.227172,44.7,17.5,33.0,0
28.70055,77.158258,30.8,18.8,24.0,0
28.556509,77.223222,31.7,11.2,263.0,0
28.614912,77.234548,16.2,33.2,99.0,0
28.678966,77.289353,25.8,25.6,103.0,0
28.513252,77.234339,21.9,197.4,13.0,0
28.632063,77.205182,19.5,1.0,37.0,0
28.616056,77.187057,6.5,51.4,1.0,0
28.576441,77.254316,34.6,104.9,46.0,0
28.671305,77.213544,19.6,189.7,5.0,0
28.696298,77.18088,76.9,270.6,13.0,1
28.643399,77.226169,48.1,5.7,20.0,0
28.595662,77.125653,37.0,17.4,102.0,0
28.538154,77.2225,27.0,554.7,6.0,1
28.619499,77.179478,36.9,30.1,143.0,0
28.602817,77.202183,27.3,4.6,50.0,0
28.605853,77.31821,68.5,217.1,7.0,0
28.585656,77.194236,20.5,41.3,260.0,0
28.581259,77.257992,22.4,27.5,0.0,0
28.611953,77.270961,56.8,13.1,11.0,0
28.548935,77.261188,72.1,44.3,12.0,0
28.662321,77.237058,54.4,36.7,122.0,0
28.572335,77.163119,6.8,206.3,26.0,0
28.616102,77.185973,71.9,19.0,108.0,0
28.594286,77.160212,61.5,7.2,3.0,0
28.64301,77.200902,19.2,25.9,191.0,0
28.640272,77.201484,5.0,63.2,115.0,0
28.635852,77.172812,57.4,31.8,39.0,0
28.552055,77.245868,18.8,29.9,10.0,0
28.600877,77.193829,41.9,40.6,15.0,0
28.690613,77.200362,7.2,164.8,16.0,0
28.593406,77.140057,45.5,86.9,73.0,0
28.662964,77.221964,1.7,59.9,28.0,0
28.609993,77.213789,42.7,41.3,0.0,0
28.595012,77.188526,66.7,5.8,29.0,0
28.619828,77.237556,46.5,172.7,51.0,0
28.56889,77.224443,70.8,11.0,3.0,0
28.655494,77.247879,43.9,16.5,48.0,0
28.567804,77.250133,55.0,47.8,90.0,0
28.638183,77.254253,29.3,12.1,50.0,0
28.66443,77.301935,23.7,81.8,24.0,0
28.631787,77.22493,26.9,54.5,27.0,0
28.582049,77.171197,8.2,55.1,34.0,0
28.619785,77.197002,20.4,273.1,113.0,1
28.573789,77.198338,31.0,89.6,2.0,0
28.599933,77.172509,27.3,105.4,26.0,0
28.584336,77.092833,39.6,75.2,192.0,0
28.572438,77.230061,39.1,24.0,107.0,0
28.642029,77.220183,58.8,5.2,9.0,0
28.659697,77.314195,31.7,65.9,26.0,0
28.663164,77.311021,54.2,47.3,1.0,0
28.622606,77.252491,71.3,10.5,78.0,0
28.683957,77.246634,36.5,157.0,7.0,0
28.576655,77.177018,44.3,54.9,29.0,0
28.674757,77.227932,54.2,48.4,140.0,0
28.655978,77.212673,39.5,43.2,9.0,0
28.612492,77.225789,13.1,107.1,24.0,0
28.621653,77.180053,23.5,4.3,101.0,0
28.662315,77.239456,2.3,19.4,60.0,0
28.643593,77.150033,54.7,186.1,85.0,0
28.623574,77.370275,22.4,3.3,192.0,0
28.587988,77.290853,65.9,75.5,147.0,0
28.564285,77.284861,52.5,22.1,20.0,0
28.615916,77.154731,58.9,62.2,21.0,0
28.553283,77.137465,70.6,60.6,5.0,0
28.647111,77.232239,34.1,85.4,28.0,0
28.521784,77.203277,15.1,15.1,89.0,0
28.625849,77.310886,74.8,81.9,18.0,0
28.596659,77.249888,79.7,121.7,106.0,0
28.588529,77.216438,17.4,15.5,51.0,0
28.596673,77.292494,59.3,124.6,27.0,0
28.466387,77.227606,5.8,10.4,33.0,0
28.588405,77.22995,2.2,24.4,88.0,0
28.567115,77.270606,54.0,35.9,23.0,0
28.567749,77.184625,20.4,29.8,76.0,0
28.766549,77.269435,69.4,105.9,32.0,0
28.541054,77.246801,41.0,25.1,102.0,0
28.630307,77.172463,62.6,111.1,14.0,0
28.570721,77.316403,8.3,4.7,22.0,0
28.564889,77.195627,70.0,30.7,41.0,0
28.54316,77.136776,15.2,195.1,83.0,0
28.666915,77.179621,45.5,39.0,10.0,0
28.670721,77.166714,48.8,50.8,140.0,0
28.579487,77.228285,5.3,111.8,1.0,0
28.656107,77.299626,78.2,4.4,2.0,0
28.558709,77.230935,24.2,96.5,36.0,0
28.590445,77.297793,57.1,5.3,106.0,0
28.644448,77.271831,50.5,64.3,8.0,0
28.560439,77.085176,2.6,75.6,40.0,0
28.573534,77.263473,69.0,12.5,34.0,0
28.611725,77.189451,24.4,152.3,82.0,0
28.612365,77.244135,19.9,67.3,14.0,0
28.556584,77.215606,4.7,13.5,54.0,0
28.722149,77.357807,20.0,157.8,151.0,0
28.568309,77.240303,49.6,139.3,3.0,0
28.658139,77.24769,16.1,88.9,129.0,0
28.640293,77.272413,37.3,41.6,14.0,0
28.570232,77.144044,64.0,54.5,5.0,0
28.633663,77.272673,76.4,97.2,23.0,0
28.568471,77.20772,56.0,28.6,43.0,0
28.614043,77.183927,15.7,72.4,27.0,0
28.651703,77.259502,30.7,77.8,9.0,0
28.582589,77.144084,44.3,20.1,39.0,0
28.631074,77.265447,69.7,11.0,0.0,0
28.581699,77.210626,43.8,14.4,1.0,0
28.619282,77.213493,39.3,1.7,107.0,0
28.615807,77.10629,20.8,111.3,50.0,0
28.592168,77.263521,40.0,132.6,27.0,0
28.518934,77.230881,25.5,128.6,31.0,0
28.649545,77.195141,45.2,212.7,37.0,0
28.710024,77.172128,64.7,7.1,16.0,0
28.617481,77.257579,75.7,213.5,78.0,0
28.579848,77.235909,64.8,55.7,22.0,0
28.620905,77.218759,66.3,40.0,52.0,0
28.667801,77.169087,28.6,12.2,9.0,0
28.674477,77.233639,55.6,52.8,2.0,0
28.656084,77.230662,31.0,91.6,10.0,0
28.632759,77.284295,1.9,7.5,26.0,0
28.644265,77.158628,70.8,304.6,9.0,1
28.616414,77.182708,4.2,198.9,65.0,0
28.562698,77.315681,9.2,174.6,11.0,0
28.591572,77.228077,1.5,42.2,101.0,0
28.594354,77.231136,5.4,155.0,95.0,0
28.625128,77.266798,4.7,10.7,20.0,0
28.522301,77.309119,54.2,193.3,38.0,0
28.636052,77.160407,68.3,154.3,69.0,0
28.509852,77.327592,63.7,70.8,33.0,0
28.631067,77.216318,50.1,86.9,5.0,0
28.668992,77.231692,62.9,34.6,19.0,0
28.655242,77.221503,36.5,237.8,43.0,0
28.565715,77.293391,72.5,5.5,102.0,0
28.64168,77.266423,36.8,177.3,4.0,0
28.645718,77.211252,2.3,24.2,12.0,0
28.695789,77.162154,56.2,130.8,160.0,0
28.628786,77.206355,66.5,4.1,23.0,0
28.661806,77.15163,18.0,22.4,28.0,0
28.588644,77.263056,25.4,17.6,66.0,0
28.567897,77.184578,55.6,306.3,28.0,1
28.653713,77.213377,45.9,18.8,16.0,0
28.654407,77.277158,71.2,37.1,207.0,0
28.578726,77.258853,38.2,28.3,44.0,0
28.549908,77.23766,53.8,341.0,28.0,1
28.616662,77.178718,21.7,76.5,86.0,0
28.612689,77.24276,74.4,35.7,6.0,0
28.622194,77.178734,29.6,190.8,139.0,0
28.654791,77.243218,43.2,98.3,100.0,0
28.661943,77.153147,49.3,97.3,28.0,0
28.610893,77.278858,20.3,53.3,12.0,0
28.560735,77.228477,25.3,55.1,118.0,0
28.574216,77.217861,40.2,105.0,188.0,0
28.580666,77.238059,21.7,0.8,3.0,0
28.604492,77.212727,10.4,46.0,263.0,0
28.584772,77.2219,66.9,318.1,29.0,1
28.598262,77.283065,26.0,84.8,98.0,0
28.61419,77.271357,33.3,38.1,37.0,0
28.578346,77.254149,43.8,14.9,44.0,0
28.6266,77.231099,67.4,35.5,46.0,0
28.701882,77.202677,11.2,52.3,198.0,0
28.602164,77.272145,50.1,79.7,60.0,0
28.576417,77.172973,28.1,326.6,21.0,1
28.625834,77.307699,69.6,54.8,59.0,0
28.570746,77.25408,52.9,36.2,6.0,0
28.603135,77.277592,11.6,23.4,24.0,0
28.576578,77.241891,23.8,116.2,11.0,0
28.557008,77.212383,2.9,49.9,56.0,0
28.566571,77.265918,61.6,103.3,46.0,0
28.577459,77.148132,33.0,26.7,77.0,0
28.558414,77.189069,3.9,37.1,25.0,0
28.674441,77.208946,1.1,249.4,254.0,1
28.632069,77.149454,76.4,21.3,23.0,0
28.657591,77.250352,68.2,30.7,3.0,0
28.542584,77.281794,26.8,56.9,19.0,0
28.595803,77.133058,41.3,59.7,59.0,0
28.631459,77.197725,46.1,5.5,86.0,0
28.693135,77.210021,41.2,284.6,17.0,1
28.572864,77.234647,24.6,28.8,91.0,0
28.546185,77.261248,31.2,4.4,25.0,0
28.620031,77.204557,14.5,23.5,11.0,0
28.576813,77.265543,2.7,40.8,9.0,0
28.695791,77.222919,12.4,21.1,102.0,0
28.637601,77.188358,1.0,13.5,16.0,0
28.596216,77.23003,34.6,56.6,15.0,0
28.596361,77.155337,52.9,127.3,129.0,0
28.604169,77.205772,14.5,97.6,27.0,0
28.519266,77.209725,42.7,44.3,278.0,0
28.612599,77.188259,26.0,10.6,19.0,0
28.586151,77.34513,9.6,247.9,65.0,0
28.642138,77.283578,10.2,32.8,13.0,0
28.565619,77.22849,49.4,8.7,13.0,0
28.644627,77.239883,9.4,32.8,99.0,0
28.637649,77.244347,44.3,95.5,156.0,0
28.618486,77.249728,15.2,23.1,135.0,0
28.673185,77.296604,69.3,16.2,108.0,0
28.516263,77.264873,4.0,24.5,53.0,0
28.632694,77.119215,31.0,64.2,7.0,0
28.608263,77.260179,60.9,166.1,25.0,0
28.606796,77.176665,59.9,11.3,20.0,0
28.56141,77.190789,11.6,12.4,17.0,0
28.539517,77.267566,15.7,44.8,217.0,0
28.655116,77.125341,43.7,10.7,10.0,0
28.649906,77.304129,54.7,309.6,38.0,1
28.700431,77.259366,60.2,168.7,156.0,0
28.708645,77.235186,49.6,5.4,4.0,0
28.533093,77.260193,62.6,189.9,82.0,0
28.60277,77.275925,35.2,26.8,56.0,0
28.623036,77.229644,44.8,31.2,27.0,0
28.658602,77.257202,34.7,33.1,167.0,0
28.681842,77.169506,60.9,5.8,24.0,0
28.559045,77.259097,14.0,120.6,13.0,0
28.58345,77.248885,20.2,16.1,77.0,0
28.679042,77.290461,66.9,18.7,24.0,0
28.526845,77.227207,57.2,117.1,20.0,0
28.556674,77.233821,58.8,5.0,161.0,0
28.632389,77.172334,7.9,32.8,22.0,0
28.713216,77.218473,38.8,65.9,51.0,0
28.526648,77.249069,45.1,9.8,64.0,0
28.613479,77.253804,62.4,44.3,40.0,0
28.63822,77.304157,33.8,34.9,22.0,0
28.683991,77.241574,43.3,31.1,47.0,0
28.632836,77.213862,19.1,25.2,31.0,0
28.518417,77.246333,66.6,33.1,2.0,0
28.546204,77.190629,73.1,39.8,22.0,0
28.679101,77.284753,37.1,11.0,53.0,0
28.632513,77.183824,35.0,18.6,1.0,0
28.554209,77.198242,26.3,193.1,63.0,0
28.635175,77.164725,21.3,231.3,2.0,0
28.625858,77.222643,44.3,392.8,50.0,1
28.485777,77.250759,13.5,52.1,4.0,0
28.505527,77.301164,47.1,11.7,113.0,0
28.626039,77.215631,44.9,92.1,145.0,0
28.712271,77.207279,55.5,221.0,57.0,0
28.623688,77.085072,18.1,2.5,8.0,0
28.488029,77.229657,56.2,1.8,140.0,0
28.529879,77.21988,1.4,75.9,78.0,0
28.641788,77.21929,42.8,3.2,127.0,0
28.647239,77.29379,67.5,39.8,37.0,0
28.600789,77.245807,58.2,37.9,33.0,0
28.586306,77.197695,68.1,8.3,54.0,0
28.650194,77.173212,11.9,109.6,36.0,0
28.665744,77.160634,57.5,9.2,11.0,0
28.645198,77.196221,37.5,25.6,105.0,0
28.562804,77.237201,25.9,103.9,13.0,0
28.655462,77.113015,28.5,77.0,82.0,0
28.592849,77.211748,8.2,51.2,133.0,0
28.580421,77.258591,55.8,4.0,45.0,0
28.578466,77.166734,50.6,115.2,18.0,0
28.611554,77.209592,12.2,139.6,1.0,0
28.639016,77.168921,43.5,8.6,64.0,0
28.509468,77.083091,10.4,342.7,48.0,1
28.573962,77.178482,25.1,34.1,70.0,0
28.587456,77.165323,3.5,44.2,181.0,0
28.662319,77.257255,49.7,42.8,36.0,0
28.567165,77.242527,1.0,80.2,67.0,0
28.593951,77.16641,20.9,68.1,9.0,0
28.650982,77.283132,21.3,65.8,9.0,0
28.61248,77.25476,59.9,121.6,41.0,0
28.687156,77.205678,36.1,210.5,53.0,0
28.602992,77.235003,45.9,138.0,250.0,0
28.704649,77.171231,19.9,102.1,50.0,0
28.713634,77.095402,43.8,4.2,150.0,0
28.633402,77.223044,11.9,22.9,93.0,0
28.631414,77.150295,79.4,8.9,138.0,0
28.638451,77.207158,41.4,154.3,117.0,0
28.65133,77.23905,70.4,84.5,47.0,0
28.616686,77.121317,8.5,2.7,0.0,0
28.668937,77.228833,47.2,102.8,36.0,0
28.635519,77.259822,53.7,32.9,15.0,0
28.679805,77.114552,63.1,62.7,75.0,0
28.537862,77.253772,38.9,69.4,13.0,0
28.621313,77.313449,2.9,14.2,38.0,0
28.661272,77.205746,20.9,40.7,1.0,0
28.553424,77.255521,22.4,44.5,6.0,0
28.632028,77.168266,25.5,76.3,30.0,0
28.640931,77.264512,7.4,176.3,79.0,0
28.696895,77.244007,0.1,76.4,67.0,0
28.593522,77.229388,41.6,92.1,33.0,0
28.621057,77.226543,58.9,87.4,13.0,0
28.582709,77.238222,18.4,7.1,22.0,0
28.603459,77.2153,55.5,28.5,41.0,0
28.691473,77.169853,58.5,41.1,178.0,0
28.60904,77.211107,32.9,47.0,61.0,0
28.575038,77.216116,42.0,147.6,8.0,0
28.601364,77.159805,25.1,59.6,98.0,0
28.584554,77.212976,30.0,135.2,77.0,0
28.588431,77.215412,47.1,189.6,132.0,0
28.583556,77.192469,29.0,95.2,57.0,0
28.585502,77.236115,40.1,9.6,22.0,0
28.551161,77.247976,59.5,17.9,113.0,0
28.613961,77.185316,77.2,140.9,52.0,0
28.56157,77.225957,71.3,66.4,73.0,0
28.66757,77.26396,73.2,58.0,38.0,0
28.5949,77.167982,72.9,277.5,98.0,1
28.630929,77.135339,19.3,36.7,59.0,0
28.631033,77.171443,75.7,3.3,133.0,0
28.51868,77.244845,17.8,23.6,26.0,0
28.597175,77.195664,69.1,26.8,113.0,0
28.696422,77.156573,46.5,57.5,93.0,0
28.571706,77.28197,67.1,0.6,28.0,0
28.724074,77.159483,78.6,355.6,125.0,1
28.637715,77.209971,70.1,5.1,54.0,0
28.636347,77.255329,65.3,21.1,28.0,0
28.622468,77.252007,16.5,89.3,19.0,0
28.662803,77.239366,68.8,303.8,6.0,1
28.665572,77.185102,13.3,57.4,6.0,0
28.609571,77.246395,41.0,33.5,92.0,0
28.588984,77.219238,40.2,14.2,29.0,0
28.539259,77.238828,41.5,186.9,44.0,0
28.651188,77.287032,57.9,4.1,108.0,0
28.613784,77.158813,31.7,5.8,64.0,0
28.56831,77.237762,36.5,5.3,171.0,0
28.581477,77.225607,52.7,50.3,44.0,0
28.607081,77.265718,54.6,214.1,7.0,0
28.561428,77.307416,35.0,64.9,26.0,0
28.612929,77.305858,4.2,35.0,9.0,0
28.529495,77.26025,20.7,21.8,83.0,0
28.583879,77.188566,75.5,57.8,38.0,0
28.552406,77.197385,74.2,46.6,4.0,0
28.620518,77.254569,52.0,7.8,1.0,0
28.561608,77.154172,14.8,0.5,3.0,0
28.58255,77.206825,7.7,72.3,67.0,0
28.723489,77.18159,76.0,156.4,13.0,0
28.65375,77.159663,69.9,75.1,90.0,0
28.640532,77.23089,31.8,31.6,43.0,0
28.675379,77.257979,50.4,13.3,52.0,0
28.636124,77.248515,73.1,107.5,11.0,0
28.540285,77.224409,11.1,96.9,126.0,0
28.544675,77.200887,50.9,150.1,38.0,0
28.475006,77.192269,73.6,325.3,32.0,1
28.620597,77.262072,66.9,9.5,95.0,0
28.557492,77.192925,23.0,24.6,2.0,0
28.581979,77.191495,76.2,33.7,44.0,0
28.594506,77.239058,16.3,61.7,76.0,0
28.580075,77.169446,16.7,4.4,95.0,0
28.608775,77.222758,7.7,25.8,10.0,0
28.596351,77.19204,9.4,126.4,30.0,0
28.59137,77.184928,60.9,4.0,23.0,0
28.5331,77.206002,22.1,136.2,291.0,0
28.622586,77.256222,69.5,16.3,80.0,0
28.719293,77.227338,68.6,29.1,33.0,0
28.624315,77.233156,9.3,101.3,15.0,0
28.723952,77.256447,42.6,115.7,11.0,0
28.582084,77.249685,59.2,18.9,316.0,0
28.597861,77.209571,54.6,41.6,53.0,0
28.609507,77.246326,8.3,22.2,77.0,0
28.60201,77.210078,25.7,57.6,10.0,0
28.668747,77.240411,49.0,84.5,83.0,0
28.500958,77.270581,46.7,25.2,16.0,0
28.587765,77.244532,65.1,49.6,86.0,0
28.693669,77.15618,4.5,61.4,147.0,0
28.585668,77.193661,38.4,43.4,29.0,0
28.656929,77.250878,67.9,57.7,140.0,0
28.640706,77.110746,79.5,12.4,37.0,0
28.60687,77.234679,10.3,3.3,99.0,0
28.62633,77.231868,51.7,5.2,36.0,0
28.606225,77.354867,0.1,288.4,9.0,1
28.504184,77.240114,28.0,6.1,66.0,0
28.633499,77.213075,35.6,39.0,24.0,0
28.579695,77.276684,27.7,125.5,5.0,0
28.54166,77.20128,50.0,152.1,63.0,0
28.62985,77.220613,1.2,25.0,52.0,0
28.626549,77.222942,72.7,81.7,160.0,0
28.65957,77.248511,25.5,103.0,5.0,0
28.59744,77.172336,12.0,198.1,34.0,0
28.653438,77.260175,34.7,175.9,16.0,0
28.61156,77.192213,41.1,45.7,40.0,0
28.627763,77.321472,4.2,62.4,111.0,0
28.631888,77.142844,63.9,129.1,171.0,0
28.543968,77.180632,59.0,73.1,29.0,0
28.629354,77.117036,40.9,35.2,58.0,0
28.615695,77.366743,14.9,240.3,16.0,0
28.596942,77.157155,74.1,487.0,86.0,1
28.616217,77.256503,63.5,216.3,142.0,0
28.737979,77.254852,18.7,33.9,39.0,0
28.514528,77.1732,58.9,22.2,123.0,0
28.603923,77.257152,8.1,54.4,247.0,0
28.651092,77.165051,9.5,122.9,56.0,0
28.548196,77.177822,35.6,25.2,49.0,0
28.629052,77.140405,56.1,41.8,29.0,0
28.625616,77.251983,73.4,13.1,93.0,0
28.531049,77.120557,77.7,96.7,101.0,0
28.581284,77.238173,55.4,107.0,1.0,0
28.699671,77.21232,62.7,54.7,17.0,0
28.530966,77.305651,40.8,107.0,2.0,0
28.588553,77.220131,4.5,82.7,90.0,0
28.602242,77.260898,10.0,212.1,12.0,0
28.610712,77.244067,77.7,70.7,7.0,0
28.589849,77.21334,31.4,35.3,96.0,0
28.614615,77.274246,61.7,104.6,51.0,0
28.608721,77.237495,17.6,4.7,10.0,0
28.646012,77.263435,42.6,51.8,112.0,0
28.652727,77.172111,12.2,270.4,31.0,1
28.632476,77.244914,64.7,97.7,28.0,0
28.622335,77.258588,13.4,526.6,63.0,1
28.532325,77.16405,56.5,39.9,2.0,0
28.616289,77.214806,12.1,39.9,25.0,0
28.6662,77.131583,65.5,4.9,5.0,0
28.52996,77.13915,40.2,35.8,80.0,0
28.544641,77.215506,33.0,12.2,19.0,0
28.685096,77.308512,26.9,40.3,109.0,0
28.535606,77.312377,55.0,0.2,33.0,0
28.605363,77.203254,7.0,46.1,130.0,0
28.582918,77.170926,68.5,223.9,15.0,0
28.682086,77.264857,60.9,115.0,63.0,0
28.625645,77.118322,29.8,22.1,174.0,0
28.650062,77.198341,78.2,25.2,30.0,0
28.613284,77.181091,66.6,29.6,10.0,0
28.710261,77.214184,21.7,7.8,48.0,0
28.573302,77.287266,71.0,385.7,34.0,1
28.627678,77.089085,7.9,88.2,42.0,0
28.673354,77.234018,55.2,107.3,39.0,0
28.684691,77.235662,10.5,94.9,19.0,0
28.597101,77.215451,78.1,50.0,43.0,0
28.509246,77.233069,4.0,135.6,10.0,0
28.591294,77.244213,18.6,21.7,52.0,0
28.69768,77.226417,42.4,39.3,34.0,0
28.572337,77.11675,46.7,31.5,216.0,0
28.62506,77.17404,41.0,244.0,6.0,0
28.595144,77.29838,59.2,3.2,84.0,0
28.606887,77.160148,0.1,6.3,26.0,0
28.676107,77.222531,45.1,250.1,72.0,1
28.623224,77.182434,49.2,93.1,190.0,0
28.712597,77.24824,16.7,80.8,137.0,0
28.659314,77.208368,52.7,136.9,7.0,0
28.617062,77.251237,52.3,199.0,125.0,0
28.605793,77.237652,42.4,181.2,30.0,0
28.627088,77.199011,20.7,176.4,4.0,0
28.548841,77.107045,33.3,146.0,14.0,0
28.557617,77.17518,21.8,10.3,2.0,0
28.648351,77.158185,61.6,80.7,9.0,0
28.656478,77.157808,49.5,54.0,38.0,0
28.544351,77.243676,12.1,121.3,174.0,0
28.653476,77.319731,45.4,248.4,100.0,0
28.601714,77.095241,72.3,36.3,45.0,0
28.568939,77.143187,66.6,112.4,23.0,0
28.59477,77.230105,71.3,19.1,2.0,0
28.654914,77.205829,73.4,43.8,4.0,0
28.640939,77.241166,15.1,102.7,79.0,0
28.625366,77.216161,57.6,7.3,47.0,0
28.629424,77.284377,51.5,158.4,8.0,0
28.553454,77.247017,2.7,199.2,119.0,0
28.637842,77.262348,62.3,164.5,44.0,0
28.587638,77.269397,16.6,0.1,109.0,0
28.711562,77.158869,73.4,130.1,90.0,0
28.591498,77.247859,66.8,181.8,24.0,0
28.721809,77.250643,61.5,330.0,73.0,1
28.60244,77.201416,55.7,2.7,292.0,0
28.605755,77.201097,37.6,66.4,83.0,0
28.595784,77.202497,63.8,170.9,18.0,0
28.547594,77.174528,65.5,105.1,54.0,0
28.676817,77.149479,7.9,154.1,34.0,0
28.615355,77.325781,26.5,95.9,21.0,0
28.641855,77.272507,25.3,2.0,20.0,0
28.691254,77.219798,10.0,168.4,37.0,0
28.603943,77.145129,78.1,76.9,22.0,0
28.605863,77.24579,46.7,22.7,10.0,0
28.617745,77.200293,47.2,91.1,85.0,0
28.546356,77.210669,30.6,57.8,21.0,0
28.519059,77.330893,61.5,101.1,28.0,0
28.535315,77.313397,38.1,51.2,140.0,0
28.672563,77.100247,59.4,8.6,65.0,0
28.594202,77.236766,70.2,194.6,159.0,0
28.649719,77.226779,52.6,91.9,55.0,0
28.597574,77.236258,49.9,100.1,26.0,0
28.531617,77.190609,63.0,116.7,15.0,0
28.653803,77.218645,40.2,57.4,105.0,0
28.566051,77.163805,64.9,100.1,36.0,0
28.639494,77.270375,7.4,19.0,63.0,0
28.656675,77.268847,19.4,50.6,81.0,0
28.608285,77.300549,74.0,94.1,17.0,0
28.634204,77.179814,13.7,130.8,224.0,0
28.539344,77.231984,36.2,275.5,16.0,1
28.756751,77.320672,38.5,157.7,85.0,0
28.632506,77.184734,33.4,3.4,10.0,0
28.649561,77.16803,69.4,15.6,220.0,0
28.657213,77.233515,60.0,91.0,17.0,0
28.603541,77.276756,64.8,6.9,43.0,0
28.614387,77.185145,79.3,429.3,28.0,1
28.664748,77.315143,78.0,51.0,141.0,0
28.592114,77.172712,71.4,92.8,44.0,0
28.630057,77.251409,45.3,3.9,67.0,0
28.633889,77.184667,24.1,45.0,15.0,0
28.573774,77.195204,57.9,21.9,175.0,0
28.63269,77.259631,75.9,8.9,26.0,0
28.525784,77.208039,79.2,89.3,6.0,0
28.656398,77.142543,49.1,301.1,15.0,1
28.688994,77.178567,56.1,29.1,13.0,0
28.655787,77.254585,22.3,211.1,7.0,0
28.685365,77.238374,16.1,0.2,41.0,0
28.57239,77.254778,51.1,87.0,22.0,0
28.599251,77.188366,18.0,60.5,41.0,0
28.616771,77.165502,31.6,36.8,5.0,0
28.616941,77.17756,39.4,43.2,53.0,0
28.588635,77.180982,74.6,73.5,60.0,0
28.564843,77.216158,78.2,65.3,18.0,0
28.696848,77.159301,19.8,56.8,51.0,0
28.568847,77.271771,10.6,325.9,22.0,1
28.693319,77.244287,18.0,117.1,10.0,0
28.635255,77.175268,41.5,15.7,68.0,0
28.620651,77.208571,62.6,199.5,108.0,0
28.637649,77.174164,41.8,54.2,10.0,0
28.686672,77.211034,74.7,1.1,131.0,0
28.479277,77.176759,51.0,123.3,55.0,0
28.628457,77.325617,38.7,34.8,89.0,0
28.61795,77.138961,61.6,543.9,71.0,1
28.619797,77.155022,76.3,62.8,129.0,0
28.657525,77.20661,26.7,25.2,4.0,0
28.57998,77.223187,22.0,111.5,260.0,0
28.552955,77.223507,17.1,26.1,127.0,0
28.541287,77.264389,42.9,2.0,3.0,0
28.565132,77.240625,37.5,8.1,17.0,0
28.644872,77.172415,19.8,85.7,46.0,0
28.635742,77.271606,57.7,19.3,116.0,0
28.654667,77.249913,23.8,21.7,22.0,0
28.58751,77.287842,60.5,12.9,3.0,0
28.589732,77.221068,67.1,23.7,91.0,0
28.693186,77.273005,69.3,114.1,34.0,0
28.661489,77.082367,11.7,57.7,86.0,0
28.648109,77.194217,24.5,19.5,24.0,0
28.519262,77.172868,41.9,22.8,102.0,0
28.708385,77.253594,67.6,38.0,27.0,0
28.605903,77.181521,32.1,448.8,39.0,1
28.619145,77.267281,52.8,15.3,166.0,0
28.632878,77.257869,36.4,129.9,10.0,0
28.618727,77.18813,2.4,160.6,52.0,0
28.601901,77.230438,25.3,248.6,101.0,0
28.617752,77.207777,60.5,74.3,71.0,0
28.642324,77.224318,58.4,8.4,33.0,0
28.65294,77.255982,70.7,1.9,97.0,0
28.671489,77.202203,47.4,46.8,39.0,0
28.555622,77.135696,61.3,34.6,62.0,0
28.583204,77.24828,33.2,158.6,25.0,0
28.653148,77.272123,28.0,72.7,4.0,0
28.53199,77.133513,27.2,148.2,14.0,0
28.61858,77.216673,12.7,67.6,38.0,0
28.571202,77.171914,35.0,20.6,135.0,0
28.638059,77.274847,64.9,17.8,8.0,0
28.568246,77.277623,1.0,40.2,23.0,0
28.592521,77.178016,46.0,2.4,24.0,0
28.595979,77.152719,13.8,55.0,90.0,0
28.622817,77.230735,59.5,25.5,47.0,0
28.658416,77.163043,11.2,3.7,32.0,0
28.662097,77.261388,13.1,51.5,4.0,0
28.620747,77.211941,3.4,82.0,211.0,0
28.555017,77.298775,35.4,8.5,99.0,0
28.739481,77.300997,51.8,75.0,3.0,0
28.606241,77.296102,23.1,229.1,3.0,0
28.624186,77.238647,3.3,37.8,17.0,0
28.622613,77.171212,74.6,320.2,3.0,1
28.628191,77.144344,68.8,121.8,81.0,0
28.568147,77.248231,37.0,0.8,14.0,0
28.632429,77.251968,65.9,232.3,128.0,0
28.701575,77.231601,64.1,57.1,57.0,0
28.51004,77.152057,44.9,73.4,40.0,0
28.612116,77.178618,42.1,75.2,7.0,0
28.554422,77.222666,52.1,39.7,8.0,0
28.659944,77.187843,57.8,47.0,8.0,0
28.667557,77.179706,65.7,58.5,14.0,0
28.604117,77.170173,46.0,269.6,7.0,1
28.613544,77.211734,59.7,19.7,23.0,0
28.566452,77.208127,14.9,196.8,100.0,0
28.492612,77.177168,59.7,297.9,10.0,1
28.59699,77.219013,4.7,44.3,21.0,0
28.599815,77.230972,52.7,22.7,36.0,0
28.612652,77.236148,57.0,49.6,57.0,0
28.446572,77.170629,77.4,8.6,16.0,0
28.524232,77.203144,33.7,137.8,57.0,0
28.536346,77.219302,9.1,30.2,12.0,0
28.614655,77.224759,26.8,29.0,59.0,0
28.639763,77.15175,33.5,89.5,93.0,0
28.552371,77.201439,61.6,65.9,1.0,0
28.596707,77.248136,14.9,70.5,165.0,0
28.581555,77.188807,13.6,53.0,75.0,0
28.7121,77.236283,17.6,47.9,180.0,0
28.59126,77.21923,18.5,30.4,18.0,0
28.589148,77.195505,73.9,26.6,167.0,0
28.5697,77.281585,12.8,407.8,36.0,1
28.515451,77.203366,33.0,41.3,10.0,0
28.642824,77.20798,32.3,56.6,80.0,0
28.597178,77.194261,10.2,40.5,71.0,0
28.591081,77.292524,8.7,103.7,153.0,0
28.619618,77.288037,72.8,15.3,22.0,0
28.531609,77.275839,66.9,4.3,60.0,0
28.699029,77.261974,74.7,292.1,193.0,1
28.51947,77.17429,25.4,61.4,124.0,0
28.699317,77.19601,42.1,64.0,104.0,0
28.609754,77.179966,20.5,50.3,127.0,0
28.591185,77.270016,31.4,4.1,112.0,0
28.644057,77.335279,63.5,90.3,29.0,0
28.593181,77.252463,38.1,66.8,1.0,0
28.65709,77.3023,8.8,12.3,263.0,0
28.625895,77.241368,0.3,59.3,89.0,0
28.646138,77.234339,18.9,21.3,15.0,0
28.662505,77.189495,14.7,81.7,83.0,0
28.601785,77.249151,63.5,88.2,27.0,0
28.658729,77.264149,53.3,28.2,17.0,0
28.636396,77.271186,67.1,7.9,50.0,0
28.677198,77.223671,33.5,127.9,1.0,0
28.592137,77.228395,46.7,80.9,225.0,0
28.678785,77.21545,33.4,74.1,172.0,0
28.571845,77.19027,17.7,72.9,94.0,0
28.510148,77.262562,50.5,101.6,3.0,0
28.542259,77.123737,31.1,20.7,5.0,0
28.593906,77.134881,19.9,41.8,63.0,0
28.623627,77.191152,75.1,20.0,97.0,0
28.611297,77.15482,8.6,5.9,3.0,0
28.649835,77.2728,62.1,189.7,50.0,0
28.55047,77.196364,44.0,3.8,72.0,0
28.696722,77.262353,61.0,3.8,11.0,0
28.677766,77.283738,7.2,31.1,12.0,0
28.657259,77.221568,31.2,30.7,161.0,0
28.673758,77.234854,63.7,3.2,31.0,0
28.532864,77.279836,65.2,116.7,19.0,0
28.645447,77.268462,63.1,10.0,3.0,0
28.64752,77.114954,59.5,7.4,2.0,0
28.65887,77.197888,30.1,7.3,18.0,0
28.652845,77.24413,57.3,82.7,58.0,0
28.632727,77.229284,8.8,14.8,56.0,0
28.630724,77.168871,13.0,69.1,15.0,0
28.670117,77.133123,43.2,17.9,81.0,0
28.579332,77.249061,44.0,144.9,37.0,0
28.628844,77.17633,37.7,16.6,96.0,0
28.58285,77.211783,58.8,44.9,155.0,0
28.602895,77.225737,45.1,64.3,16.0,0
28.476883,77.210362,5.3,169.8,36.0,0
28.566972,77.171912,71.0,19.4,3.0,0
28.588684,77.214364,50.2,77.5,86.0,0
28.589343,77.191277,71.6,2.5,23.0,0
28.593826,77.301289,34.4,119.4,63.0,0
28.55125,77.229168,0.1,59.9,29.0,0
28.593879,77.346822,61.0,232.1,9.0,0
28.664771,77.152579,45.3,119.5,0.0,0
28.595572,77.203456,1.6,41.0,61.0,0
28.67541,77.203284,45.8,43.0,163.0,0
28.672125,77.179657,74.5,0.5,140.0,0
28.581148,77.200938,16.7,145.7,169.0,0
28.638969,77.194502,22.5,130.9,70.0,0
28.544848,77.169565,52.0,67.2,34.0,0
28.557805,77.308232,65.7,37.7,45.0,0
28.616087,77.214328,51.3,130.8,78.0,0
28.635928,77.264849,53.7,75.4,21.0,0
28.691168,77.268012,26.1,16.8,13.0,0
28.602355,77.289906,0.8,22.2,4.0,0
28.619278,77.169384,67.2,74.4,39.0,0
28.615391,77.281819,79.6,90.7,6.0,0
28.700178,77.214799,69.3,9.6,37.0,0
28.677615,77.320284,31.8,146.5,101.0,0
28.629734,77.244742,28.1,56.0,10.0,0
28.650194,77.160861,76.8,17.8,8.0,0
28.627985,77.281393,79.1,66.7,17.0,0
28.664239,77.276463,49.0,167.2,5.0,0
28.653589,77.153912,41.2,4.5,27.0,0
28.595397,77.255745,41.3,20.0,56.0,0
28.615472,77.298676,16.1,66.3,38.0,0
28.618593,77.242443,58.3,0.1,76.0,0
28.618093,77.16981,13.7,15.9,8.0,0
28.58511,77.269015,16.8,21.6,25.0,0
28.627345,77.251775,53.9,172.4,32.0,0
28.585047,77.206963,69.5,59.4,37.0,0
28.581239,77.195488,53.3,80.0,4.0,0
28.604563,77.251541,38.0,0.2,4.0,0
28.623972,77.172965,55.6,39.1,5.0,0
28.671784,77.228592,36.4,47.4,9.0,0
28.646003,77.278433,52.3,146.1,0.0,0
28.666006,77.294493,62.4,17.3,22.0,0
28.699132,77.192234,1.2,5.4,32.0,0
28.581232,77.139163,17.5,139.4,48.0,0
28.646061,77.183138,56.2,19.1,2.0,0
28.648061,77.25932,32.1,93.9,35.0,0
28.623295,77.181461,41.8,7.7,167.0,0
28.65514,77.272636,54.8,89.3,83.0,0
28.614877,77.181354,42.1,44.0,23.0,0
28.64404,77.190633,67.0,210.5,45.0,0
28.539677,77.209856,30.3,17.9,72.0,0
28.610606,77.265729,55.3,5.6,10.0,0
28.645918,77.139319,34.0,61.0,4.0,0
28.661921,77.232499,42.3,199.7,58.0,0
28.567459,77.231604,9.1,18.2,80.0,0
28.60641,77.168929,66.5,144.1,43.0,0
28.557341,77.236303,25.6,33.2,71.0,0
28.591108,77.209504,24.1,8.3,76.0,0
28.626297,77.16194,7.1,71.3,62.0,0
28.662274,77.214803,40.5,59.0,166.0,0
28.655688,77.166387,33.4,145.8,46.0,0
28.621638,77.186475,7.9,8.7,4.0,0
28.577955,77.262498,60.1,82.9,50.0,0
28.603533,77.202896,5.3,77.5,61.0,0
28.73736,77.261474,11.6,422.8,25.0,1
28.540571,77.210653,36.9,31.8,38.0,0
28.550113,77.170368,28.6,3.6,88.0,0
28.619258,77.242495,22.0,42.4,76.0,0
28.64584,77.246508,45.1,50.0,12.0,0
28.653678,77.156978,41.9,36.8,16.0,0
28.624907,77.275286,34.6,79.6,51.0,0
28.534525,77.294543,62.1,24.7,30.0,0
28.59952,77.249834,39.9,16.2,83.0,0
28.522213,77.222369,78.3,48.2,6.0,0
28.630247,77.319085,64.1,103.9,24.0,0
28.63329,77.245453,8.5,177.7,27.0,0
28.604186,77.228361,21.9,87.2,34.0,0
28.551351,77.303495,42.9,37.9,87.0,0
28.569553,77.298633,37.5,109.8,1.0,0
28.52934,77.146541,3.8,16.7,9.0,0
28.607929,77.193291,42.3,111.5,48.0,0
28.768912,77.247783,48.4,52.5,40.0,0
28.605396,77.279867,37.1,25.3,182.0,0
28.589494,77.160224,69.3,94.3,3.0,0
28.621345,77.263893,44.5,43.1,21.0,0
28.552978,77.198271,62.9,77.4,90.0,0
28.554705,77.254373,46.9,87.2,195.0,0
28.579554,77.190151,72.7,40.0,309.0,0
28.654751,77.101855,17.1,341.4,21.0,1
28.627179,77.129942,66.5,48.9,54.0,0
28.602533,77.162196,35.8,331.3,190.0,1
28.647943,77.188922,55.8,21.5,227.0,0
28.695931,77.218141,45.3,14.6,8.0,0
28.647309,77.19262,8.7,79.7,26.0,0
28.559603,77.216131,34.9,63.4,79.0,0
28.516332,77.193681,53.9,62.2,49.0,0
28.523281,77.218265,71.9,424.3,51.0,1
28.653951,77.265033,17.5,0.1,34.0,0
28.57261,77.217751,28.4,48.3,112.0,0
28.651419,77.245543,28.8,29.3,4.0,0
28.587761,77.254218,41.9,44.7,16.0,0
28.629903,77.210608,69.0,222.7,73.0,0
28.645554,77.128957,31.6,132.2,103.0,0
28.571358,77.231135,11.7,18.0,212.0,0
28.651639,77.184795,40.5,97.5,21.0,0
28.577513,77.26162,3.0,69.3,15.0,0
28.5754,77.286783,27.6,42.0,18.0,0
28.651555,77.205623,41.1,33.5,17.0,0
28.642105,77.226696,41.4,73.0,39.0,0
28.6335,77.251893,65.6,50.6,20.0,0
28.555361,77.177856,64.1,63.8,9.0,0
28.591296,77.218961,22.6,118.6,3.0,0
28.644952,77.141125,24.1,272.9,18.0,1
28.724686,77.270716,78.5,42.3,102.0,0
28.701058,77.302805,31.3,44.5,112.0,0
28.587104,77.223497,11.4,146.9,54.0,0
28.577544,77.18091,52.6,11.1,30.0,0
28.696997,77.231575,19.5,129.1,19.0,0
28.640535,77.154755,48.3,39.7,2.0,0
28.587109,77.196703,65.7,42.9,279.0,0
28.616834,77.19759,13.9,28.1,29.0,0
28.548032,77.192414,36.1,10.5,28.0,0
28.660949,77.22946,30.6,109.4,30.0,0
28.680492,77.240197,80.0,183.3,90.0,0
28.687504,77.219213,56.9,55.8,64.0,0
28.666791,77.263545,6.6,17.0,172.0,0
28.59448,77.238017,18.3,29.7,5.0,0
28.655207,77.193797,12.6,7.1,194.0,0
28.683537,77.213099,1.2,142.0,53.0,0
28.657755,77.214455,25.3,58.8,159.0,0
28.653163,77.199338,26.0,307.9,87.0,1
28.620062,77.243982,18.8,118.4,258.0,0
28.565207,77.111928,44.2,103.6,14.0,0
28.703266,77.220105,17.5,46.1,44.0,0
28.608667,77.233965,75.3,34.3,167.0,0
28.67121,77.248453,58.6,25.8,9.0,0
28.7344,77.273917,9.7,357.4,91.0,1
28.655921,77.211466,21.5,21.0,147.0,0
28.669245,77.260088,78.6,12.7,28.0,0
28.563719,77.249028,16.0,50.9,35.0,0
28.57413,77.231712,9.4,58.4,107.0,0
28.673749,77.148931,18.6,15.6,50.0,0
28.583021,77.273024,57.1,34.4,39.0,0
28.543432,77.223317,41.4,27.7,19.0,0
28.527461,77.205898,5.4,108.2,46.0,0
28.599668,77.160651,28.9,53.6,28.0,0
28.599035,77.096292,6.9,120.1,38.0,0
28.660394,77.313614,23.3,7.7,114.0,0
28.561044,77.233843,13.7,30.4,112.0,0
28.679373,77.16315,17.6,28.3,1.0,0
28.549869,77.155466,62.3,49.1,47.0,0
28.551202,77.204567,62.7,41.3,181.0,0
28.617423,77.258902,58.6,24.2,35.0,0
28.613157,77.250059,55.1,136.3,7.0,0
28.639483,77.252598,19.6,189.8,1.0,0
28.551717,77.174131,35.3,119.4,31.0,0
28.628153,77.209558,36.8,96.5,126.0,0
28.526592,77.224854,42.8,71.1,134.0,0
28.500741,77.215664,68.5,32.7,65.0,0
28.701901,77.245793,71.1,200.5,183.0,0
28.662828,77.297185,17.3,83.7,5.0,0
28.610313,77.229019,34.6,176.2,28.0,0
28.509371,77.189255,11.8,48.2,94.0,0
28.587597,77.14586,51.9,42.5,110.0,0
28.632938,77.227292,45.8,6.4,6.0,0
28.587489,77.185516,68.1,32.9,53.0,0
28.688563,77.23993,41.5,39.0,66.0,0
28.641962,77.236732,62.5,54.5,15.0,0
28.564342,77.296676,25.4,51.6,2.0,0
28.530709,77.229191,55.5,200.0,1.0,0
28.654232,77.24128,3.2,56.6,27.0,0
28.652551,77.185737,12.1,149.3,8.0,0
28.648303,77.146891,35.8,11.0,51.0,0
28.694767,77.272223,71.0,67.9,17.0,0
28.633383,77.278826,70.8,61.8,25.0,0
28.615191,77.201962,47.9,13.6,25.0,0
28.648723,77.121803,10.4,22.5,161.0,0
28.672239,77.286543,54.5,55.5,119.0,0
28.644871,77.27791,14.2,58.9,63.0,0
28.612072,77.212662,28.0,184.3,10.0,0
28.658914,77.271941,25.1,14.4,5.0,0
28.615308,77.216449,70.8,29.1,26.0,0
28.586104,77.229352,55.5,22.0,51.0,0
28.616573,77.137198,5.7,122.1,77.0,0
28.594545,77.279601,67.5,19.5,1.0,0
28.606208,77.130848,34.4,183.2,13.0,0
28.568195,77.304573,60.4,213.4,35.0,0
28.660451,77.309644,62.1,9.5,27.0,0
28.621191,77.090773,79.9,19.6,37.0,0
28.646026,77.296348,27.8,38.8,24.0,0
28.634614,77.206562,69.2,161.5,53.0,0
28.565392,77.239612,22.9,10.4,121.0,0
28.676659,77.147974,79.6,33.8,5.0,0
28.599241,77.202371,32.8,96.7,21.0,0
28.592443,77.159445,52.8,102.7,19.0,0
28.621224,77.179036,79.6,35.3,47.0,0
28.622201,77.279612,16.0,264.1,134.0,1
28.740534,77.268458,49.9,34.8,103.0,0
28.640325,77.259524,79.9,76.1,140.0,0
28.586222,77.191545,75.5,76.4,14.0,0
28.705403,77.183983,17.7,128.9,25.0,0
28.528991,77.136032,7.9,35.3,19.0,0
28.5864,77.2524,34.1,42.3,47.0,0
28.582716,77.315332,61.1,43.3,67.0,0
28.610286,77.291289,63.2,4.8,32.0,0
28.62781,77.220034,48.6,105.5,22.0,0
28.632284,77.243167,49.2,117.1,60.0,0
28.631359,77.230871,9.7,137.5,41.0,0
28.641995,77.263973,35.3,100.2,106.0,0
28.607489,77.305605,46.1,71.8,3.0,0
28.674979,77.190021,54.7,66.5,80.0,0
28.529903,77.19188,7.3,82.6,71.0,0
28.482885,77.204143,55.3,0.6,121.0,0
28.647537,77.216858,75.3,47.5,112.0,0
28.59394,77.254916,62.9,3.2,10.0,0
28.696367,77.21514,49.9,53.6,62.0,0
28.662632,77.175829,7.8,12.9,56.0,0
28.639941,77.176489,63.5,0.8,71.0,0
28.586162,77.159738,53.0,104.9,239.0,0
28.644292,77.213148,43.9,97.5,7.0,0
28.59068,77.27019,64.2,39.1,60.0,0
28.613482,77.239517,54.0,5.4,55.0,0
28.594185,77.246669,37.6,294.9,0.0,1
28.623457,77.16429,18.8,13.1,64.0,0
28.597955,77.15986,40.3,53.6,41.0,0
28.660534,77.227419,12.3,25.4,89.0,0
28.633135,77.280816,4.8,11.4,84.0,0
28.585041,77.260742,18.7,57.5,3.0,0
28.588129,77.184822,29.4,17.4,91.0,0
28.546999,77.333061,51.7,35.8,137.0,0
28.512886,77.117014,39.9,74.6,60.0,0
28.657139,77.219951,58.8,39.1,122.0,0
28.592692,77.223636,59.0,58.6,14.0,0
28.549633,77.208043,56.5,21.1,139.0,0
28.632722,77.244783,43.8,95.3,165.0,0
28.574427,77.208386,53.0,80.5,20.0,0
28.607035,77.143731,78.2,94.5,25.0,0
28.54589,77.214072,56.5,33.2,74.0,0
28.642954,77.22673,59.4,225.7,25.0,0
28.614903,77.264078,23.3,78.3,273.0,0
28.635487,77.289378,38.2,10.9,20.0,0
28.589116,77.175726,34.8,295.3,2.0,1
28.622856,77.30211,28.3,67.3,102.0,0
28.537732,77.197094,36.8,95.9,3.0,0
28.724226,77.192975,47.8,37.2,220.0,0
28.631238,77.197951,49.9,46.7,55.0,0
28.695875,77.120936,67.2,105.5,35.0,0
28.597195,77.197374,52.5,160.4,79.0,0
28.558007,77.28405,69.5,258.5,75.0,1
28.585923,77.242368,52.5,368.3,30.0,1
28.608309,77.229878,28.0,72.4,14.0,0
28.604671,77.236035,50.5,7.3,112.0,0
28.703578,77.281572,58.3,69.1,153.0,0
28.567714,77.1746,54.9,18.3,316.0,0
28.580261,77.263694,68.0,83.6,27.0,0
28.64615,77.221826,72.4,32.7,52.0,0
28.531167,77.179307,26.8,59.1,238.0,0
28.608475,77.241682,6.3,86.5,32.0,0
28.617586,77.222691,52.5,191.2,94.0,0
28.632167,77.178163,8.8,125.9,169.0,0
28.627944,77.165023,70.7,1.7,12.0,0
28.709887,77.196755,65.8,13.3,77.0,0
28.566262,77.192949,57.1,162.5,73.0,0
28.578282,77.279548,74.1,108.8,30.0,0
28.640973,77.207788,71.0,12.8,238.0,0
28.621819,77.199845,73.8,71.1,121.0,0
28.628061,77.27494,58.8,70.9,310.0,0
28.540242,77.285983,29.5,119.3,48.0,0
28.719554,77.176926,3.8,134.3,15.0,0
28.633076,77.156311,4.9,89.7,20.0,0
28.531395,77.244261,63.5,99.9,94.0,0
28.641065,77.208131,15.3,87.9,27.0,0
28.555332,77.191239,25.0,13.1,15.0,0
28.656957,77.270415,46.9,92.3,153.0,0
28.54472,77.205471,10.5,51.0,25.0,0
28.660803,77.31441,78.8,304.6,5.0,1
28.549461,77.220884,65.4,98.7,50.0,0
28.561784,77.226706,46.8,37.5,48.0,0
28.617384,77.330488,72.7,192.7,33.0,0
28.579917,77.233982,39.5,20.9,35.0,0
28.582779,77.183188,71.8,50.4,15.0,0
28.534009,77.167477,66.1,5.3,21.0,0
28.594012,77.195404,1.1,79.3,40.0,0
28.654692,77.230301,63.7,65.4,215.0,0
28.704419,77.26405,62.7,56.2,235.0,0
28.651878,77.143294,25.4,18.5,5.0,0
28.64474,77.218658,39.4,54.6,142.0,0
28.526075,77.282437,11.1,49.2,35.0,0
28.609062,77.231609,53.3,1.8,37.0,0
28.577919,77.286294,54.0,14.2,27.0,0
28.534965,77.143102,78.5,185.7,127.0,0
28.546895,77.207171,57.8,124.5,37.0,0
28.643899,77.224523,35.8,10.2,0.0,0
28.582633,77.246158,14.4,288.1,164.0,1
28.536748,77.175931,63.0,50.1,219.0,0
28.578685,77.239298,28.3,110.9,34.0,0
28.624973,77.243197,75.5,62.4,34.0,0
28.576787,77.214825,22.2,115.6,1.0,0
28.549995,77.241997,15.7,86.9,14.0,0
28.56449,77.234316,49.6,5.4,8.0,0
28.654723,77.185581,73.3,195.9,95.0,0
28.506607,77.210594,11.3,117.0,43.0,0
28.597099,77.156051,3.3,20.0,20.0,0
28.604742,77.143705,77.4,20.5,155.0,0
28.572706,77.231217,10.9,92.8,62.0,0
28.562593,77.1238,48.6,96.6,166.0,0
28.659671,77.206408,15.9,7.3,18.0,0
28.659501,77.23917,13.4,188.3,121.0,0
28.615766,77.219322,12.5,109.9,116.0,0
28.583331,77.327772,56.8,331.0,136.0,1
28.616131,77.239838,60.8,45.4,102.0,0
28.630719,77.20507,9.6,7.2,98.0,0
28.604907,77.248902,10.9,188.9,113.0,0
28.632068,77.152892,74.7,134.1,136.0,0
28.592819,77.26851,47.1,0.0,33.0,0
28.452935,77.193251,62.5,60.4,15.0,0
28.600829,77.273828,6.4,0.6,4.0,0
28.644747,77.238517,4.2,34.6,19.0,0
28.612033,77.249782,31.7,162.9,119.0,0
28.627683,77.190807,44.4,89.6,351.0,0
28.596933,77.161263,29.8,152.1,33.0,0
28.600851,77.160375,57.1,65.2,38.0,0
28.619042,77.132714,53.6,119.0,30.0,0
28.707678,77.199328,35.7,53.3,48.0,0
28.652614,77.189129,6.4,55.9,39.0,0
28.645999,77.269091,47.6,72.9,69.0,0
28.62074,77.16682,19.4,12.1,19.0,0
28.543914,77.328197,30.9,82.5,31.0,0
28.671782,77.168422,1.2,154.9,31.0,0
28.655863,77.173126,41.7,13.9,23.0,0
28.628796,77.1445,55.9,37.8,96.0,0
28.608308,77.218985,46.2,202.4,47.0,0
28.637796,77.202404,60.1,29.8,49.0,0
28.598945,77.213106,80.0,166.5,17.0,0
28.646897,77.238844,50.6,82.0,33.0,0
28.568605,77.267633,17.7,148.3,25.0,0
28.514997,77.160009,45.8,12.3,143.0,0
28.550441,77.21948,19.6,123.7,2.0,0
28.617551,77.261267,26.4,2.4,12.0,0
28.595413,77.163794,28.2,40.1,65.0,0
28.603113,77.356717,41.6,26.3,56.0,0
28.545696,77.335562,41.9,82.0,75.0,0
28.625597,77.214743,53.4,115.7,3.0,0
28.55867,77.163167,35.0,33.9,129.0,0
28.635329,77.169603,15.0,145.2,160.0,0
28.539762,77.230187,39.3,64.2,91.0,0
28.568563,77.250486,63.7,111.9,12.0,0
28.561842,77.12639,56.2,103.3,93.0,0
28.63919,77.1712,9.2,11.9,23.0,0
28.587406,77.22559,75.9,105.2,10.0,0
28.631735,77.148279,24.5,140.0,5.0,0
28.667521,77.203646,46.9,2.9,3.0,0
28.699501,77.24006,2.6,14.2,111.0,0
28.622058,77.210399,72.8,58.8,111.0,0
28.555403,77.181787,54.7,4.9,2.0,0
28.673061,77.222851,22.1,36.5,75.0,0
28.686068,77.243844,54.7,146.3,18.0,0
28.607508,77.172458,23.4,8.5,15.0,0
28.676432,77.235718,20.8,12.1,50.0,0
28.627165,77.234727,35.8,10.2,37.0,0
28.527541,77.244459,48.0,63.0,13.0,0
28.57895,77.231644,16.7,29.0,0.0,0
28.585242,77.225004,59.4,135.6,23.0,0
28.592316,77.210702,46.2,69.8,31.0,0
28.563827,77.203545,0.6,88.7,39.0,0
28.562266,77.25465,44.0,29.4,31.0,0
28.677797,77.213727,33.7,54.1,29.0,0
28.523666,77.245254,53.5,37.0,198.0,0
28.574299,77.244471,71.8,55.0,151.0,0
28.641552,77.171512,21.0,93.2,30.0,0
28.582626,77.202568,53.9,47.9,170.0,0
28.630517,77.215858,12.1,5.5,5.0,0
28.590431,77.223006,6.8,37.1,1.0,0
28.632372,77.239963,74.5,175.5,24.0,0
28.558602,77.227435,69.0,138.6,12.0,0
28.517573,77.220598,40.1,143.1,73.0,0
28.590445,77.196738,11.1,16.0,59.0,0
28.521091,77.271346,21.1,6.6,220.0,0
28.607157,77.235875,45.4,134.2,84.0,0
28.553665,77.212895,52.1,87.7,30.0,0
28.554265,77.199019,55.2,56.8,19.0,0
28.684102,77.232492,59.8,93.0,3.0,0
28.624186,77.21998,16.8,213.8,18.0,0
28.533689,77.142307,23.7,11.1,12.0,0
28.608085,77.168972,1.0,14.9,110.0,0
28.603352,77.283729,5.9,71.3,24.0,0
28.507077,77.237022,24.8,98.2,69.0,0
28.627883,77.186514,14.9,82.5,63.0,0
28.658141,77.199856,39.4,23.4,4.0,0
28.589358,77.175402,67.9,77.9,1.0,0
28.595897,77.192268,57.8,65.7,35.0,0
28.58264,77.269725,60.4,2.0,156.0,0
28.629773,77.209447,48.0,77.9,61.0,0
28.598027,77.26016,56.0,48.0,117.0,0
28.600019,77.299883,14.4,153.6,3.0,0
28.570029,77.198743,44.2,85.2,29.0,0
28.712567,77.153745,45.6,63.3,4.0,0
28.597519,77.240146,50.3,180.7,25.0,0
28.645529,77.177485,62.3,87.2,20.0,0
28.623773,77.21853,75.5,23.1,153.0,0
28.482518,77.226926,56.9,50.4,102.0,0
28.591965,77.31136,73.8,89.3,99.0,0
28.552851,77.234645,44.0,137.5,2.0,0
28.659337,77.195645,23.1,26.7,43.0,0
28.547181,77.249792,52.7,103.7,6.0,0
28.635241,77.259258,78.5,91.9,120.0,0
28.660325,77.278742,56.8,12.7,36.0,0
28.62452,77.172355,77.5,13.3,6.0,0
28.610689,77.283046,1.8,55.7,247.0,1
28.590704,77.332808,20.7,42.4,20.0,0
28.604325,77.28193,21.9,11.5,13.0,0
28.543495,77.291026,34.1,7.3,50.0,0
28.619394,77.196763,2.5,182.3,40.0,0
28.663074,77.302971,73.1,17.0,19.0,0
28.566881,77.194696,56.6,36.7,80.0,0
28.611419,77.216562,6.7,50.2,21.0,0
28.605327,77.195274,14.0,6.9,25.0,0
28.626132,77.189441,48.2,11.9,72.0,0
28.583678,77.218238,72.7,59.6,51.0,0
28.535073,77.160812,7.0,96.2,20.0,0
28.554488,77.184142,34.7,148.9,154.0,0
28.494581,77.169869,16.0,158.7,76.0,0
28.649303,77.29521,14.4,63.0,22.0,0
28.630383,77.299502,58.4,27.0,119.0,0
28.609773,77.345768,66.1,69.3,23.0,0
28.575647,77.215154,73.7,78.0,223.0,0
28.602397,77.219972,54.7,27.1,143.0,0
28.609075,77.257073,5.3,88.0,31.0,0
28.584437,77.154681,28.6,15.3,65.0,0
28.58634,77.169579,35.3,28.1,46.0,0
28.675974,77.138642,22.1,212.8,102.0,0
28.547959,77.260339,43.2,57.1,119.0,0
28.660143,77.175444,18.6,13.1,60.0,0
28.529744,77.268582,72.0,88.3,49.0,0
28.690889,77.19541,11.5,20.9,25.0,0
28.49102,77.218687,34.1,2.8,138.0,0
28.633769,77.209943,10.0,164.4,56.0,0
28.577565,77.228017,28.7,45.6,4.0,0
28.602149,77.194049,38.8,120.2,66.0,0
28.603739,77.270484,44.3,154.2,14.0,0
28.640781,77.210119,26.5,68.2,9.0,0
28.512421,77.236699,64.8,8.2,256.0,0
28.60896,77.223978,41.2,30.9,136.0,0
28.619761,77.16782,79.4,23.3,78.0,0
28.577435,77.285962,9.9,74.1,53.0,0
28.604947,77.185918,14.7,42.3,29.0,0
28.577294,77.258937,64.1,42.5,23.0,0
28.638239,77.254949,44.3,85.0,25.0,0
28.628698,77.143554,28.8,2.6,36.0,0
28.621349,77.209514,32.8,11.4,25.0,0
28.643619,77.247491,45.1,175.5,15.0,0
28.672859,77.204024,6.9,144.7,146.0,0
28.560925,77.212102,61.2,226.5,85.0,0
28.721607,77.229352,35.9,18.8,61.0,0
28.630156,77.199702,33.0,33.4,35.0,0
28.585443,77.23636,61.9,9.5,98.0,0
28.72548,77.220629,45.5,81.8,11.0,0
28.589747,77.20865,60.3,121.7,9.0,0
28.549946,77.169974,74.3,77.0,185.0,0
28.585009,77.238779,75.7,72.6,171.0,0
28.582607,77.098048,34.3,129.7,66.0,0
28.664747,77.231615,5.6,7.4,38.0,0
28.604861,77.219243,1.0,108.4,132.0,0
28.615504,77.177848,56.4,178.5,81.0,0
28.613679,77.149026,6.5,83.1,88.0,0
28.668806,77.239413,31.2,92.2,63.0,0
28.594371,77.206145,53.0,82.4,153.0,0
28.600249,77.225432,79.9,138.9,22.0,0
28.576066,77.126628,17.8,40.4,19.0,0
28.589465,77.242329,0.8,156.2,53.0,0
28.636758,77.265483,3.3,25.2,26.0,0
28.646933,77.210867,17.9,9.8,3.0,0
28.695492,77.173655,79.4,5.1,196.0,0
28.605297,77.240207,6.2,8.3,140.0,0
28.597312,77.20429,59.9,48.7,1.0,0
28.630358,77.261667,12.0,72.4,122.0,0
28.587057,77.219537,16.3,80.8,44.0,0
28.578464,77.111386,6.9,66.5,42.0,0
28.62668,77.101045,18.2,18.5,11.0,0
28.590909,77.182978,9.2,160.6,13.0,0
28.596024,77.241145,1.4,19.0,20.0,0
28.640784,77.193884,63.9,139.8,49.0,0
28.626006,77.243107,15.2,100.2,40.0,0
28.710527,77.185396,9.5,35.1,19.0,0
28.656591,77.321631,21.8,43.9,98.0,0
28.572133,77.209101,60.3,134.4,26.0,0
28.590512,77.23196,18.0,337.2,13.0,1
28.541859,77.170572,43.4,22.3,32.0,0
28.56185,77.19759,17.4,93.4,73.0,0
28.673611,77.243194,31.0,6.2,23.0,0
28.596612,77.21619,41.7,6.7,23.0,0
28.541195,77.079419,60.6,48.0,7.0,0
28.51314,77.243455,22.5,1.5,6.0,0
28.536916,77.248957,35.7,193.0,21.0,0
28.570373,77.255042,51.4,39.1,76.0,0
28.610686,77.27347,22.0,38.4,46.0,0
28.590673,77.227538,17.6,31.5,105.0,0
28.645424,77.338279,45.5,28.4,76.0,0
28.563708,77.23018,76.2,7.8,61.0,0
28.671823,77.103375,72.8,74.8,9.0,0
28.603683,77.229684,48.0,23.4,148.0,0
28.633415,77.274542,33.8,34.1,2.0,0
28.58449,77.149612,45.3,32.8,190.0,0
28.661347,77.204975,64.2,33.2,98.0,0
28.544138,77.279142,7.4,169.2,17.0,0
28.548802,77.190268,62.5,50.9,254.0,0
28.562024,77.206621,52.6,57.1,36.0,0
28.669297,77.25754,21.5,122.6,98.0,0
28.598646,77.154397,70.1,29.4,161.0,0
28.56308,77.217912,6.4,114.3,41.0,0
28.60068,77.169913,73.5,15.9,58.0,0
28.6191,77.205092,31.0,98.6,64.0,0
28.556647,77.23034,64.8,12.4,53.0,0
28.618478,77.271516,12.4,93.4,12.0,0
28.603695,77.234123,45.4,50.6,21.0,0
28.585207,77.190242,2.7,5.4,7.0,0
28.547183,77.278361,22.3,73.5,34.0,0
28.654927,77.249268,66.4,94.1,12.0,0
28.58706,77.121417,36.3,18.1,12.0,0
28.463765,77.260398,52.8,219.0,7.0,0
28.628301,77.221746,64.6,20.6,33.0,0
28.629546,77.216856,42.4,29.8,6.0,0
28.657146,77.278021,46.9,106.5,78.0,0
28.631162,77.208284,61.3,17.9,138.0,0
28.617421,77.263207,9.6,203.4,23.0,0
28.586156,77.282369,5.7,81.9,110.0,0
28.586301,77.221611,49.8,110.5,53.0,0
28.644293,77.240868,78.0,10.1,31.0,0
28.602661,77.2532,51.6,137.9,100.0,0
28.538636,77.241624,56.4,67.3,93.0,0
28.59329,77.262967,52.7,117.4,169.0,0
28.607788,77.16628,48.5,5.9,169.0,0
28.510967,77.186429,15.8,75.0,72.0,0
28.647839,77.155521,67.2,93.6,146.0,0
28.610532,77.302801,46.1,54.6,3.0,0
28.54236,77.134713,78.3,144.3,13.0,0
28.595628,77.284536,5.5,224.6,22.0,0
28.605386,77.242113,23.9,20.2,94.0,0
28.657797,77.17469,7.9,5.0,3.0,0
28.656358,77.154932,68.7,118.6,85.0,0
28.664404,77.2166,65.4,52.4,67.0,0
28.629294,77.207278,61.8,4.8,126.0,0
28.577827,77.238275,54.3,7.5,3.0,0
28.565139,77.108527,8.5,20.7,58.0,0
28.575465,77.209072,32.5,0.4,6.0,0
28.607207,77.174672,56.4,50.8,3.0,0
28.609243,77.282326,28.9,37.0,177.0,0
28.661948,77.238965,57.4,3.7,15.0,0
28.597783,77.193125,22.8,22.1,13.0,0
28.509313,77.289565,43.5,107.8,125.0,0
28.550868,77.196715,28.4,131.8,22.0,0
28.561711,77.213297,73.7,0.3,113.0,0
28.561665,77.232029,35.4,9.0,67.0,0
28.470213,77.263962,22.9,508.4,13.0,1
28.688973,77.219094,4.6,83.7,44.0,0
28.501372,77.28952,11.6,92.4,65.0,0
28.581813,77.19841,45.2,38.2,77.0,0
28.64342,77.169454,56.1,56.2,39.0,0
28.639984,77.298128,76.3,56.7,26.0,0
28.537016,77.202829,47.7,34.2,178.0,0
28.670837,77.248163,54.5,93.6,32.0,0
28.663555,77.256915,49.6,68.0,71.0,0
28.601429,77.322636,72.2,230.2,109.0,0
28.611863,77.203645,24.2,0.5,11.0,0
28.564814,77.244884,48.3,173.1,40.0,0
28.623121,77.179351,76.8,238.2,48.0,0
28.621808,77.194439,0.6,12.7,51.0,0
28.586164,77.180611,21.7,20.1,10.0,0
28.642777,77.260847,60.7,4.1,2.0,0
28.627076,77.264491,37.6,21.4,66.0,0
28.771165,77.236943,13.5,81.6,58.0,0
28.565417,77.179713,45.7,19.6,72.0,0
28.677145,77.185953,41.2,152.9,15.0,0
28.567884,77.183407,36.3,196.8,25.0,0
28.636872,77.236346,27.3,2.2,51.0,0
28.480529,77.139449,4.2,56.6,4.0,0
28.584882,77.198666,48.3,1.3,14.0,0
28.634103,77.151545,41.4,77.2,128.0,0
28.622496,77.243819,46.8,34.2,10.0,0
28.510243,77.168945,0.2,149.6,11.0,0
28.589906,77.316406,6.6,199.6,77.0,0
28.684336,77.270768,13.4,55.2,129.0,0
28.661947,77.214046,35.9,244.0,212.0,0
28.658523,77.239173,64.6,161.2,109.0,0
28.72811,77.24192,19.7,8.1,75.0,0
28.523255,77.170488,64.7,35.2,130.0,0
28.590779,77.280408,18.8,33.3,42.0,0
28.612054,77.213715,59.9,29.0,21.0,0
28.573941,77.180104,69.9,127.7,76.0,0
28.616743,77.245579,65.3,28.6,31.0,0
28.675549,77.162359,59.1,38.1,28.0,0
28.616016,77.251292,3.1,7.2,33.0,0
28.500301,77.235651,26.4,58.7,59.0,0
28.644345,77.185999,15.7,10.0,140.0,0
28.60975,77.266324,38.0,162.7,182.0,0
28.501536,77.253765,28.3,128.1,64.0,0
28.579725,77.202407,49.4,28.8,2.0,0
28.523715,77.245453,45.3,0.4,31.0,0
28.596109,77.151891,34.5,5.9,8.0,0
28.585303,77.243075,61.4,19.7,49.0,0
28.534243,77.14555,1.2,55.2,30.0,0
28.623052,77.22492,69.3,105.1,80.0,0
28.556366,77.252963,0.2,8.3,55.0,0
28.676702,77.235421,36.2,98.6,12.0,0
28.61891,77.296169,70.5,63.3,10.0,0
28.597459,77.17883,33.4,77.3,6.0,0
28.673203,77.238937,60.5,210.2,81.0,0
28.623512,77.11188,32.2,244.5,24.0,0
28.62783,77.192891,68.1,107.0,35.0,0
28.607249,77.203367,79.9,94.4,34.0,0
28.594816,77.296868,71.9,115.1,65.0,0
28.630709,77.217319,4.5,89.4,3.0,0
28.686701,77.264155,11.9,0.8,26.0,0
28.43952,77.17328,43.3,456.7,6.0,1
28.703914,77.201854,76.9,81.1,3.0,0
28.560097,77.176664,32.5,53.7,5.0,0
28.620121,77.168809,22.2,48.2,33.0,0
28.524649,77.172238,77.2,21.3,71.0,0
28.685072,77.187803,56.7,51.9,37.0,0
28.541362,77.320637,61.6,105.8,17.0,0
28.666617,77.215575,8.9,23.5,63.0,0
28.598441,77.150861,21.0,149.3,14.0,0
28.602364,77.192286,40.3,18.9,29.0,0
28.54754,77.269327,58.9,156.4,182.0,0
28.671458,77.183414,27.8,70.2,106.0,0
28.603127,77.292881,16.3,145.4,147.0,0
28.646384,77.269982,35.0,43.2,10.0,0
28.507186,77.208783,33.9,31.0,58.0,0
28.565938,77.185701,69.8,95.7,22.0,0
28.623035,77.17096,74.7,36.1,102.0,0
28.531606,77.22812,13.5,244.2,36.0,0
28.628563,77.239249,22.4,107.9,80.0,0
28.577407,77.285501,62.9,44.9,22.0,0
28.571615,77.23634,19.6,15.2,4.0,0
28.636137,77.200881,21.2,65.1,84.0,0
28.619038,77.287218,54.1,72.4,55.0,0
28.5543,77.259463,40.9,277.1,121.0,1
28.666657,77.184117,56.3,108.9,7.0,0
28.635773,77.214345,5.8,23.4,210.0,0
28.509775,77.251523,40.3,24.3,147.0,0
28.595341,77.233745,53.8,69.4,63.0,0
28.629162,77.168107,38.0,10.2,45.0,0
28.604942,77.227293,10.2,95.1,31.0,0
28.444327,77.184718,10.7,6.6,6.0,0
28.613676,77.221675,47.0,68.1,159.0,0
28.648378,77.153517,11.5,323.1,13.0,1
28.606429,77.173955,24.3,165.1,27.0,0
28.613274,77.323432,35.3,148.8,12.0,0
28.661495,77.197188,47.5,110.9,18.0,0
28.531288,77.274173,21.2,211.4,30.0,0
28.647321,77.212207,32.4,212.7,72.0,0
28.62748,77.158354,29.4,14.2,100.0,0
28.529317,77.164501,7.8,20.8,4.0,0
28.645386,77.178852,64.3,206.5,101.0,0
28.70081,77.325787,59.4,25.7,95.0,0
28.627191,77.206944,62.7,38.2,9.0,0
28.638224,77.227553,11.8,3.4,19.0,0
28.557231,77.252589,41.4,183.6,5.0,0
28.57957,77.24373,26.4,6.0,40.0,0
28.559605,77.261749,27.9,60.3,208.0,0
28.630291,77.192229,5.3,19.8,125.0,0
28.584601,77.159308,75.7,2.2,124.0,0
28.581515,77.171272,75.2,27.4,8.0,0
28.645687,77.141907,32.7,87.3,139.0,0
28.693986,77.192491,68.4,7.5,1.0,0
28.606117,77.032193,26.4,152.5,86.0,0
28.531754,77.25473,44.8,94.2,21.0,0
28.612508,77.247105,59.6,4.8,42.0,0
28.620078,77.169727,41.8,41.4,79.0,0
28.65207,77.149657,13.1,132.3,63.0,0
28.594324,77.294896,30.3,215.0,24.0,0
28.65455,77.266824,60.8,79.3,102.0,0
28.646882,77.205631,62.5,91.4,63.0,0
28.595596,77.184744,27.0,167.5,111.0,0
28.651515,77.220402,43.2,48.5,27.0,0
28.657009,77.146455,16.6,98.3,7.0,0
28.555944,77.233148,20.1,69.0,28.0,0
28.658518,77.158394,11.6,95.0,41.0,0
28.604501,77.098956,35.0,171.2,9.0,0
28.598127,77.177808,57.6,124.8,49.0,0
28.605103,77.167746,70.3,10.9,65.0,0
28.67256,77.308846,43.6,215.1,0.0,0
28.672423,77.302235,52.2,4.1,49.0,0
28.634316,77.162684,21.3,113.1,8.0,0
28.623979,77.213495,16.2,26.9,9.0,0
28.605285,77.185685,31.7,121.1,28.0,0
28.745423,77.31039,44.7,1.2,6.0,0
28.576261,77.127491,2.7,19.9,51.0,0
28.588141,77.241756,7.4,6.7,80.0,0
28.625622,77.282399,50.5,111.7,24.0,0
28.565166,77.191216,15.9,17.3,164.0,0
28.662938,77.21968,36.3,210.1,74.0,0
28.536933,77.271155,74.9,42.3,271.0,0
28.574807,77.163153,69.0,101.6,56.0,0
28.590413,77.250327,5.1,139.4,37.0,0
28.560267,77.141079,4.7,244.9,87.0,0
28.662549,77.138732,11.6,49.5,30.0,0
28.544751,77.26103,9.3,89.0,0.0,0
28.562341,77.170152,20.3,36.2,14.0,0
28.576656,77.227467,29.8,26.7,14.0,0
28.65265,77.159594,6.6,92.9,40.0,0
28.683124,77.23253,36.8,41.4,75.0,0
28.63662,77.135544,42.4,68.0,49.0,0
28.544815,77.283282,52.9,17.7,7.0,0
28.579491,77.259171,32.5,100.4,18.0,0
28.689104,77.188436,23.7,278.9,9.0,1
28.611943,77.125349,51.5,61.7,5.0,0
28.53821,77.208265,72.9,58.7,10.0,0
28.720202,77.200583,31.7,154.1,44.0,0
28.582011,77.191281,23.5,13.1,85.0,0
28.606923,77.271032,57.4,40.0,30.0,0
28.576263,77.279176,70.2,15.3,13.0,0
28.562721,77.239878,76.8,63.2,34.0,0
28.675299,77.29303,17.6,76.6,24.0,0
28.620311,77.078342,24.2,196.2,3.0,0
28.626265,77.203296,72.5,142.2,153.0,0
28.546524,77.200912,21.6,83.2,1.0,0
28.595536,77.260605,27.6,119.2,3.0,0
28.579399,77.202578,51.2,79.3,21.0,0
28.569217,77.246272,45.5,67.7,90.0,0
28.633866,77.194419,70.2,3.9,40.0,0
28.593607,77.184798,48.9,2.0,43.0,0
28.645132,77.258554,39.1,152.9,58.0,0
28.646537,77.218408,5.9,26.5,2.0,0
28.588749,77.233856,78.0,34.6,191.0,0
28.633198,77.156485,33.8,47.7,48.0,0
28.58739,77.252392,45.8,3.5,104.0,0
28.571104,77.164646,40.2,260.8,34.0,1
28.557487,77.304158,59.0,8.7,34.0,0
28.614799,77.205675,51.7,275.8,11.0,1
28.5734,77.197799,27.4,98.4,27.0,0
28.679407,77.263109,41.6,229.3,12.0,0
28.691799,77.215915,66.1,4.3,146.0,0
28.634246,77.254375,50.7,47.5,24.0,0
28.622676,77.203555,76.4,244.2,31.0,0
28.611429,77.254176,60.3,83.2,9.0,0
28.729187,77.214678,38.8,63.3,291.0,0
28.708621,77.261843,64.6,89.1,51.0,0
28.600271,77.276037,35.4,16.5,51.0,0
28.600555,77.139272,17.1,109.6,9.0,0
28.626847,77.23639,50.4,25.8,68.0,0
28.55152,77.309982,28.3,26.5,69.0,0
28.520505,77.249389,2.0,72.8,141.0,0
28.543602,77.340424,17.1,1.7,20.0,0
28.595415,77.172091,13.4,4.4,122.0,0
28.563252,77.231394,63.6,1.3,35.0,0
28.683243,77.242883,58.1,116.5,15.0,0
28.537037,77.192157,49.2,2.2,65.0,0
28.543727,77.156718,74.7,8.0,2.0,0
28.518779,77.32699,14.2,74.6,117.0,0
28.578234,77.27461,13.1,51.5,4.0,0
28.590584,77.246394,72.7,36.5,31.0,0
28.606522,77.220894,51.8,35.2,9.0,0
28.60876,77.225519,44.6,157.0,38.0,0
28.579411,77.249902,59.2,6.5,189.0,0
28.557877,77.290617,22.5,208.4,9.0,0
28.631443,77.183155,47.6,21.5,7.0,0
28.565515,77.223782,34.2,53.5,13.0,0
28.649558,77.200001,24.6,251.7,167.0,1
28.53638,77.165655,70.1,81.5,20.0,0
28.573092,77.187815,12.9,23.2,56.0,0
28.712612,77.229314,1.4,323.0,20.0,1
28.71943,77.203535,28.7,134.8,76.0,0
28.542447,77.219864,15.9,30.2,60.0,0
28.670873,77.254732,64.9,73.1,193.0,0
28.691177,77.276254,10.1,65.0,24.0,0
28.663656,77.35119,75.0,76.7,22.0,0
28.607159,77.257062,13.4,10.4,91.0,0
28.514003,77.187655,71.1,83.0,10.0,0
28.614735,77.273636,13.5,19.3,78.0,0
28.631075,77.202606,3.8,30.8,89.0,0
28.622421,77.183541,39.0,63.1,117.0,0
28.634348,77.249641,28.5,19.2,70.0,0
28.569895,77.289187,47.8,178.2,11.0,0
28.586309,77.188224,51.3,43.2,25.0,0
28.490795,77.23427,74.8,14.5,3.0,0
28.655011,77.241318,76.2,5.0,84.0,0
28.565617,77.171072,39.6,121.7,70.0,0
28.598046,77.146928,16.7,141.0,43.0,0
28.623158,77.148357,19.8,6.7,231.0,0
28.582471,77.282442,8.0,62.6,23.0,0
28.556874,77.195307,22.4,84.7,133.0,0
28.623293,77.186986,72.9,191.1,12.0,0
28.521327,77.234423,29.2,4.0,186.0,0
28.648843,77.283541,50.4,34.2,20.0,0
28.643522,77.160265,78.5,10.2,98.0,0
28.583014,77.124091,8.5,44.8,7.0,0
28.585799,77.292279,62.0,37.2,32.0,0
28.561112,77.24419,56.0,72.4,203.0,0
28.59139,77.164865,65.5,89.9,22.0,0
28.600458,77.196585,11.0,267.1,91.0,1
28.594577,77.168382,40.1,14.2,40.0,0
28.682933,77.250497,50.6,128.4,56.0,0
28.523047,77.269641,60.8,149.7,55.0,0
28.565099,77.251964,57.0,66.6,51.0,0
28.647071,77.226821,45.7,124.0,40.0,0
28.713245,77.237405,37.5,34.4,13.0,0
28.567299,77.181416,75.3,2.8,1.0,0
28.661107,77.196292,14.5,13.1,68.0,0
28.552994,77.2188,16.3,14.7,73.0,0
28.591033,77.204666,8.9,166.6,89.0,0
28.611008,77.218528,9.0,253.4,160.0,1
28.575974,77.137622,69.9,41.2,11.0,0
28.589538,77.262562,48.5,85.4,133.0,0
28.54232,77.164894,74.8,28.9,16.0,0
28.644215,77.113093,70.9,47.2,47.0,0
28.565598,77.182735,24.0,77.5,18.0,0
28.577308,77.207718,51.3,155.1,9.0,0
28.571403,77.319383,30.4,44.5,3.0,0
28.574061,77.194058,70.1,96.1,25.0,0
28.617726,77.228986,58.7,22.9,213.0,0
28.613637,77.234534,9.9,31.9,38.0,0
28.73643,77.142756,20.3,19.8,2.0,0
28.598246,77.213237,52.6,160.2,67.0,0
28.605479,77.205278,19.7,10.1,14.0,0
28.67735,77.222683,42.7,117.6,4.0,0
28.621744,77.239653,19.5,79.9,94.0,0
28.605564,77.26104,54.6,84.0,35.0,0
28.603822,77.175677,6.0,167.6,227.0,0
28.620199,77.24266,57.7,60.5,75.0,0
28.659239,77.182077,27.0,6.3,20.0,0
28.677767,77.172989,36.3,214.0,239.0,0
28.662077,77.306129,38.7,32.9,123.0,0
28.633844,77.127838,15.6,2.4,23.0,0
28.621038,77.192668,75.4,60.9,21.0,0
28.712408,77.229615,0.0,35.5,42.0,0
28.586777,77.188527,29.8,194.2,47.0,0
28.645412,77.226017,10.3,57.2,52.0,0
28.669211,77.151356,28.8,4.4,15.0,0
28.662715,77.126238,8.3,21.8,3.0,0
28.57238,77.174782,30.3,20.2,47.0,0
28.751256,77.226106,15.5,115.5,56.0,0
28.694027,77.209922,44.3,5.5,190.0,0
28.663499,77.250308,1.0,31.5,47.0,0
28.560178,77.147266,40.5,88.9,10.0,0
28.659489,77.189719,22.6,76.0,22.0,0
28.494928,77.214903,25.7,83.4,3.0,0
28.598889,77.170051,28.4,65.6,1.0,0
28.615833,77.225399,52.2,15.5,39.0,0
28.58804,77.204438,60.6,89.8,65.0,0
28.689665,77.242842,26.4,241.2,181.0,0
28.615688,77.232939,74.0,3.4,60.0,0
28.562439,77.125828,59.7,35.9,12.0,0
28.648157,77.292128,32.3,27.6,143.0,0
28.630421,77.109885,7.8,12.8,127.0,0
28.522839,77.140905,44.8,24.6,31.0,0
28.677398,77.214753,49.1,2.1,44.0,0
28.615564,77.233298,10.9,82.3,42.0,0
28.659763,77.204386,68.2,75.8,35.0,0
28.631026,77.1914,30.5,56.0,24.0,0
28.593657,77.214389,12.2,30.2,260.0,0
28.631712,77.24486,41.7,299.0,143.0,1
28.605462,77.161174,33.8,77.2,24.0,0
28.62504,77.162785,51.4,174.7,57.0,0
28.640563,77.175223,13.8,29.2,5.0,0
28.617846,77.284504,1.7,112.6,82.0,0
28.633756,77.237147,38.1,0.5,111.0,0
28.591896,77.247119,12.6,90.4,38.0,0
28.581928,77.298052,12.5,110.3,5.0,0
28.649242,77.25787,54.2,25.2,52.0,0
28.683009,77.226322,20.7,502.1,3.0,1
28.584625,77.296416,67.2,55.2,102.0,0
28.626258,77.169917,41.2,36.9,53.0,0
28.540046,77.205234,48.6,16.4,123.0,0
28.700736,77.276313,25.7,13.5,29.0,0
28.667801,77.108802,17.9,18.5,17.0,0
28.58131,77.178662,12.7,61.5,168.0,0
28.592855,77.257979,56.6,61.5,139.0,0
28.670963,77.22383,55.1,60.5,4.0,0
28.619296,77.244191,39.4,157.0,119.0,0
28.64214,77.122679,62.5,0.1,158.0,0
28.56119,77.176451,64.2,24.8,36.0,0
28.639346,77.250959,35.4,173.5,134.0,0
28.603071,77.173402,52.1,8.4,36.0,0
28.625442,77.259742,73.0,17.3,4.0,0
28.590624,77.232873,6.5,31.6,47.0,0
28.599951,77.159899,1.0,134.0,165.0,0
28.615694,77.235775,37.9,70.1,46.0,0
28.581243,77.255948,26.5,64.9,9.0,0
28.723915,77.236575,7.0,207.3,35.0,0
28.557761,77.245352,12.0,53.4,7.0,0
28.635493,77.132064,20.6,235.0,53.0,0
28.625637,77.331252,8.0,11.5,59.0,0
28.648546,77.359541,25.5,40.8,65.0,0
28.485472,77.289936,10.6,138.2,3.0,0
28.526153,77.224278,50.0,13.0,113.0,0
28.583078,77.198254,55.7,15.4,149.0,0
28.656512,77.199309,62.0,38.5,20.0,0
28.597298,77.257696,69.6,211.2,92.0,0
28.59526,77.271951,0.2,16.1,40.0,0
28.611289,77.186019,14.1,249.2,45.0,0
28.56845,77.217424,65.2,89.2,17.0,0
28.634003,77.281347,2.4,51.0,135.0,0
28.6201,77.213373,53.2,1.4,191.0,0
28.63562,77.224097,14.5,59.5,64.0,0
28.686309,77.28733,40.5,43.0,10.0,0
28.598991,77.279277,77.0,125.2,46.0,0
28.616009,77.258745,51.9,65.5,22.0,0
28.561228,77.165045,29.5,291.2,36.0,1
28.547866,77.165662,55.1,9.5,67.0,0
28.610129,77.181713,0.4,197.2,4.0,0
28.615646,77.192404,76.0,38.2,14.0,0
28.64497,77.229299,27.6,56.6,83.0,0
28.639268,77.213844,78.4,153.5,2.0,0
28.623218,77.210421,54.1,92.4,55.0,0
28.694744,77.205604,23.0,233.7,19.0,0
28.594896,77.17463,49.2,334.2,140.0,1
28.601018,77.195438,30.4,82.1,107.0,0
28.624662,77.340178,51.4,65.6,151.0,0
28.551305,77.253461,63.3,23.3,6.0,0
28.644897,77.219502,37.7,25.8,315.0,0
28.614072,77.143478,17.8,23.4,9.0,0
28.615011,77.168978,78.5,122.9,122.0,0
28.63764,77.216386,33.0,76.5,28.0,0
28.629295,77.286479,14.1,106.5,186.0,0
28.631052,77.229953,59.1,135.5,0.0,0
28.591016,77.229278,52.4,179.1,70.0,0
28.688974,77.274,65.3,12.7,326.0,0
28.537392,77.169936,0.1,166.4,71.0,0
28.576221,77.288809,27.8,83.0,74.0,0
28.582875,77.199329,25.2,200.1,66.0,0
28.574466,77.276406,73.9,211.3,233.0,0
28.52317,77.302006,28.0,44.5,76.0,0
28.692703,77.173137,42.2,100.2,41.0,0
28.642625,77.218502,0.3,139.9,17.0,0
28.578933,77.257956,64.7,23.8,90.0,0
28.645359,77.204166,9.1,53.2,11.0,0
28.602474,77.205559,70.6,24.0,4.0,0
28.59595,77.19858,58.8,7.4,86.0,0
28.562496,77.12547,44.5,95.8,28.0,0
28.611362,77.271374,59.9,67.9,14.0,0
28.578885,77.168016,63.4,40.9,87.0,0
28.561891,77.104037,60.1,19.1,121.0,0
28.65828,77.270844,52.9,16.8,7.0,0
28.569386,77.242741,70.5,26.2,32.0,0
28.680727,77.152596,33.8,322.1,1.0,1
28.574767,77.27281,45.3,262.8,105.0,1
28.535352,77.251774,77.6,149.0,0.0,0
28.636753,77.218516,29.8,5.7,30.0,0
28.588161,77.200982,60.1,142.6,140.0,0
28.531459,77.212382,31.3,112.7,53.0,0
28.623236,77.228825,37.6,223.2,97.0,0
28.545205,77.179068,26.9,50.3,9.0,0
28.511041,77.274402,12.2,57.9,7.0,0
28.644352,77.246282,77.8,67.1,26.0,0
28.68495,77.211749,35.8,63.2,67.0,0
28.590765,77.305655,22.3,30.1,11.0,0
28.671082,77.203422,51.7,14.1,4.0,0
28.650602,77.295964,8.9,99.5,223.0,0
28.643862,77.233134,43.5,194.9,21.0,0
28.602015,77.25638,45.9,87.8,59.0,0
28.580693,77.200144,15.7,141.3,65.0,0
28.627706,77.125016,76.8,58.9,2.0,0
28.642901,77.242465,47.6,56.3,50.0,0
28.547469,77.159104,17.8,338.5,13.0,1
28.594285,77.187865,66.7,416.9,6.0,1
28.601033,77.222291,24.6,75.1,30.0,0
28.59639,77.186412,58.4,37.1,94.0,0
28.576745,77.216914,50.3,37.3,209.0,0
28.543868,77.228478,12.8,89.1,41.0,0
28.595287,77.14479,7.6,20.3,131.0,0
28.596614,77.232209,48.6,313.9,174.0,1
28.586862,77.18744,53.5,99.9,35.0,0
28.642967,77.165097,10.5,14.1,9.0,0
28.542069,77.118431,13.8,36.2,22.0,0
28.62452,77.140781,4.0,20.3,29.0,0
28.520813,77.219698,10.8,7.2,36.0,0
28.607188,77.220623,47.0,82.8,62.0,0
28.49772,77.24442,16.1,8.8,62.0,0
28.566007,77.304287,23.1,40.4,47.0,0
28.609403,77.286306,44.4,88.6,16.0,0
28.539249,77.268288,33.1,14.1,27.0,0
28.539573,77.277822,67.6,172.4,32.0,0
28.659595,77.227541,45.7,16.4,65.0,0
28.530721,77.226637,10.6,75.5,9.0,0
28.604558,77.295363,30.7,205.9,17.0,0
28.684302,77.229321,20.7,8.0,20.0,0
28.617621,77.230388,20.7,8.9,44.0,0
28.611947,77.276785,20.5,10.7,85.0,0
28.574823,77.204674,33.5,35.4,112.0,0
28.574994,77.211774,10.6,89.1,81.0,0
28.602111,77.150433,20.2,61.9,83.0,0
28.510672,77.195372,56.1,28.3,17.0,0
28.661136,77.202015,66.2,77.0,130.0,0
28.620879,77.204836,1.1,47.3,3.0,0
28.523111,77.259024,6.7,34.8,47.0,0
28.661801,77.168063,68.4,38.6,6.0,0
28.644462,77.292956,17.2,35.6,55.0,0
28.632454,77.115492,25.0,57.4,3.0,0
28.722313,77.24841,27.0,38.3,61.0,0
28.615317,77.259332,69.3,30.8,2.0,0
28.687008,77.253098,13.0,31.0,11.0,0
28.611776,77.273278,65.0,19.8,84.0,0
28.633121,77.207918,37.4,18.8,22.0,0
28.582833,77.281151,62.7,27.0,129.0,0
28.516234,77.18396,55.0,286.8,6.0,1
28.519171,77.188154,58.6,18.3,45.0,0
28.606278,77.32195,9.1,47.0,156.0,0
28.598637,77.227341,24.7,191.3,32.0,0
28.551501,77.266088,18.2,0.9,24.0,0
28.596642,77.243307,10.1,74.3,203.0,0
28.633007,77.254666,51.1,163.3,33.0,0
28.675046,77.118237,55.6,14.7,72.0,0
28.575893,77.237315,11.3,134.0,151.0,0
28.630146,77.219289,61.5,83.1,1.0,0
28.697461,77.267165,22.9,137.8,51.0,0
28.648,77.178715,30.1,5.9,75.0,0
28.572027,77.278163,79.5,5.9,33.0,0
28.61557,77.15818,15.4,12.3,67.0,0
28.619739,77.195915,9.4,308.9,99.0,1
28.642373,77.139585,21.5,169.2,23.0,0
28.612453,77.164472,74.5,68.0,23.0,0
28.634682,77.218847,9.6,60.1,6.0,0
28.661484,77.28692,49.3,23.6,186.0,0
28.557909,77.220249,63.4,19.1,2.0,0
28.54447,77.154303,73.8,21.4,38.0,0
28.640941,77.112956,38.2,104.8,46.0,0
28.602836,77.25218,36.6,80.4,9.0,0
28.653656,77.185631,66.2,55.7,40.0,0
28.664884,77.192315,15.7,143.4,21.0,0
28.51798,77.272333,37.0,4.9,97.0,0
28.568648,77.211756,51.0,3.0,104.0,0
28.604243,77.203568,56.0,137.5,34.0,0
28.559314,77.226578,8.9,43.1,34.0,0
28.586852,77.292597,69.4,87.6,5.0,0
28.546566,77.231201,65.5,41.4,27.0,0
28.58857,77.110535,25.4,46.2,31.0,0
28.562198,77.177602,38.1,1.8,36.0,0
28.627731,77.204275,30.7,60.5,36.0,0
28.655621,77.261672,78.5,2.9,6.0,0
28.630937,77.15637,46.7,34.6,11.0,0
28.740387,77.225942,21.6,11.8,34.0,0
28.657443,77.214408,59.7,19.7,29.0,0
28.655567,77.269327,65.7,190.4,9.0,0
28.606395,77.168654,58.1,278.8,63.0,1
28.595157,77.226864,6.7,2.7,8.0,0
28.674155,77.295156,23.0,196.3,0.0,0
28.597849,77.263447,29.0,152.4,57.0,0
28.612246,77.248464,17.3,58.1,5.0,0
28.601891,77.202973,38.5,52.9,4.0,0
28.637498,77.226069,25.6,39.2,5.0,0
28.655076,77.21286,2.9,84.8,165.0,0
28.663716,77.261328,52.2,16.1,7.0,0
28.595312,77.244823,34.9,6.2,110.0,0
28.619608,77.187124,2.2,312.2,90.0,1
28.627068,77.305772,74.6,137.7,110.0,0
28.68371,77.278718,52.1,38.3,56.0,0
28.521192,77.175171,5.9,5.4,10.0,0
28.611072,77.201305,71.2,252.2,88.0,1
28.578347,77.210579,33.7,4.2,50.0,0
28.583874,77.259314,19.2,0.2,50.0,0
28.567976,77.178044,3.7,27.2,56.0,0
28.637456,77.185041,59.6,109.4,10.0,0
28.487963,77.262418,77.5,149.2,21.0,0
28.603577,77.246434,14.8,70.3,302.0,0
28.519423,77.121076,33.4,49.3,124.0,0
28.575875,77.25138,19.0,1.2,27.0,0
28.599813,77.144786,45.8,34.2,258.0,0
28.590218,77.186769,69.7,7.0,4.0,0
28.644557,77.200258,10.5,19.8,26.0,0
28.672983,77.195036,23.9,5.7,49.0,0
28.708408,77.186032,13.2,181.6,58.0,0
28.610124,77.166611,18.3,98.5,98.0,0
28.668554,77.244121,10.4,48.5,80.0,0
28.683697,77.137846,50.8,214.0,70.0,0
28.586687,77.191916,3.5,18.7,220.0,0
28.672155,77.258054,58.3,245.6,55.0,0
28.501716,77.238373,11.4,6.2,0.0,0
28.625385,77.149271,21.3,128.6,58.0,0
28.690773,77.122022,27.6,31.9,85.0,0
28.615466,77.164039,30.5,11.3,150.0,0
28.600981,77.109596,13.8,86.7,30.0,0
28.600729,77.223084,39.1,80.7,3.0,0
28.683923,77.195525,71.6,217.7,8.0,0
28.530916,77.199374,36.7,25.8,143.0,0
28.59095,77.24402,2.2,116.2,180.0,0
28.652616,77.262181,29.1,203.6,16.0,0
28.626395,77.230414,32.3,48.7,68.0,0
28.669843,77.207355,22.7,43.2,38.0,0
28.644613,77.18338,23.7,36.8,56.0,0
28.586906,77.200957,15.9,329.8,3.0,1
28.639573,77.228865,76.5,75.0,199.0,0
28.544521,77.264773,42.4,204.5,38.0,0
28.50964,77.149024,42.9,47.7,89.0,0
28.579925,77.162104,34.0,171.1,44.0,0
28.614495,77.218193,49.4,49.7,117.0,0
28.569919,77.112945,33.9,13.7,60.0,0
28.619219,77.232766,55.1,73.1,23.0,0
28.613426,77.271322,7.1,162.9,41.0,0
28.517494,77.33642,2.4,2.8,94.0,0
28.583516,77.222603,45.0,26.7,19.0,0
28.657552,77.261466,58.7,233.9,93.0,0
28.634826,77.219594,53.5,25.2,74.0,0
28.575677,77.299479,31.9,40.6,1.0,0
28.641445,77.197339,0.3,31.8,121.0,0
28.698259,77.234967,9.7,24.1,44.0,0
28.589277,77.248684,31.4,39.8,157.0,0
28.647572,77.237928,53.1,152.7,1.0,0
28.63968,77.179918,25.0,32.0,119.0,0
28.586631,77.149811,42.5,97.2,88.0,0
28.55386,77.26956,14.0,22.6,65.0,0
28.693033,77.23106,13.6,16.0,55.0,0
28.664931,77.222265,59.4,131.6,55.0,0
28.596598,77.263096,35.1,10.9,110.0,0
28.671177,77.260758,75.9,118.8,306.0,0
28.638243,77.236412,16.9,81.0,37.0,0
28.670811,77.250279,35.8,61.5,50.0,0
28.520875,77.192243,15.1,49.4,12.0,0
28.590085,77.245191,20.5,61.3,30.0,0
28.689172,77.140031,51.2,10.7,11.0,0
28.743099,77.219488,72.8,22.6,1.0,0
28.591011,77.255861,10.3,1.5,77.0,0
28.590141,77.182559,10.4,96.1,22.0,0
28.644653,77.225621,76.2,127.8,122.0,0
28.627713,77.233564,58.9,93.6,41.0,0
28.637164,77.173964,25.0,98.7,98.0,0
28.502386,77.274954,32.6,159.3,33.0,0
28.598563,77.234517,63.1,96.9,107.0,0
28.650767,77.134703,55.9,34.5,116.0,0
28.492781,77.223035,48.8,21.9,38.0,0
28.52963,77.291188,69.2,42.3,162.0,0
28.521805,77.218301,25.0,49.8,21.0,0
28.643036,77.185967,16.9,25.5,28.0,0
28.564019,77.191268,32.8,27.8,39.0,0
28.550452,77.210494,0.6,99.0,83.0,0
28.613249,77.157881,40.6,18.6,31.0,0
28.548471,77.288622,29.2,116.7,5.0,0
28.63308,77.264703,10.6,23.8,0.0,0
28.731196,77.272364,70.0,41.7,124.0,0
28.592065,77.143323,15.6,25.8,61.0,0
28.513349,77.224927,56.5,137.9,11.0,0
28.587855,77.272406,56.5,40.1,139.0,0
28.634998,77.171156,3.4,307.3,77.0,1
28.630001,77.214888,34.2,73.5,87.0,0
28.652422,77.163528,38.1,1.3,36.0,0
28.58081,77.260196,65.4,135.1,84.0,0
28.596498,77.207768,50.0,93.5,56.0,0
28.487903,77.213876,5.1,23.7,80.0,0
28.641203,77.162069,35.9,25.0,25.0,0
28.544992,77.2959,24.1,54.2,46.0,0
28.620503,77.221046,13.7,87.8,2.0,0
28.566938,77.258075,22.1,184.0,11.0,0
28.606157,77.237702,67.2,14.6,116.0,0
28.658421,77.173047,49.6,14.6,64.0,0
28.588641,77.136441,34.8,95.6,106.0,0
28.573517,77.20893,57.6,30.6,49.0,0
28.610629,77.273824,77.5,20.6,34.0,0
28.578376,77.120023,74.2,93.0,101.0,0
28.563409,77.315911,7.7,5.0,3.0,0
28.703829,77.260185,26.6,60.6,70.0,0
28.517758,77.228035,25.1,81.9,56.0,0
28.643193,77.212708,44.3,38.9,2.0,0
28.60372,77.261437,7.2,10.7,25.0,0
28.569208,77.157465,73.7,33.6,44.0,0
28.62787,77.24062,62.6,45.1,2.0,0
28.61222,77.233909,9.8,14.1,22.0,0
28.676527,77.308271,20.3,53.6,1.0,0
28.553775,77.200238,11.4,33.1,19.0,0
28.584693,77.220732,38.2,184.2,228.0,0
28.66108,77.215171,71.2,5.3,36.0,0
28.600252,77.192655,51.6,88.7,179.0,0
28.637838,77.292412,48.4,102.4,98.0,0
28.67124,77.169768,6.0,75.1,18.0,0
28.63861,77.142618,72.5,59.0,166.0,0
28.579943,77.230696,22.5,9.8,21.0,0
28.59295,77.182264,72.0,75.0,25.0,0
28.671664,77.231207,36.3,66.9,22.0,0
28.618261,77.25017,42.3,195.2,35.0,0
28.600314,77.225806,48.4,164.6,5.0,0
28.62968,77.219699,23.1,1.7,102.0,0
28.546289,77.11541,66.8,333.8,5.0,1
28.598662,77.246476,76.7,66.7,39.0,0
28.606573,77.228311,22.7,198.1,4.0,0
28.605756,77.312211,0.0,12.9,64.0,0
28.590787,77.275361,42.0,95.4,36.0,0
28.59506,77.144401,47.4,49.1,0.0,0
28.604802,77.271535,5.1,11.5,34.0,0
28.683514,77.153519,53.8,1.8,27.0,0
28.500345,77.260185,23.4,19.5,147.0,0
28.645449,77.29118,76.7,1.3,55.0,0
28.606162,77.311851,62.5,72.9,105.0,0
28.60741,77.198697,5.8,29.1,9.0,0
28.59019,77.253801,76.3,245.8,8.0,0
28.63559,77.268974,18.2,80.1,12.0,0
28.65801,77.242031,63.9,115.4,173.0,0
28.51569,77.134928,51.5,45.5,6.0,0
28.715197,77.226223,42.9,24.9,40.0,0
28.617706,77.246952,74.6,116.7,5.0,0
28.615984,77.21842,48.5,50.4,85.0,0
28.540789,77.175566,68.7,617.4,29.0,1
28.58195,77.208456,66.2,71.8,57.0,0
28.678453,77.26356,53.8,149.2,4.0,0
28.613934,77.238176,39.2,27.2,34.0,0
28.631288,77.241773,7.9,44.5,9.0,0
28.58744,77.206069,12.3,22.0,24.0,0
28.709038,77.239824,42.6,119.5,13.0,0
28.602837,77.11318,26.6,113.3,39.0,0
28.667026,77.216298,16.6,71.9,134.0,0
28.602936,77.199453,77.4,105.1,30.0,0
28.627877,77.219857,68.7,35.8,140.0,0
28.62811,77.15986,34.4,168.3,89.0,0
28.656728,77.237013,69.7,204.4,82.0,0
28.647439,77.314619,4.8,87.2,91.0,0
28.586797,77.222538,7.9,37.3,74.0,0
28.668452,77.220826,75.8,147.5,14.0,0
28.560993,77.343887,55.1,315.4,109.0,1
28.551323,77.171124,61.1,69.2,28.0,0
28.595929,77.243245,66.6,86.3,19.0,0
28.63017,77.297519,4.3,152.1,107.0,0
28.559387,77.198983,57.4,89.3,58.0,0
28.606609,77.261143,28.5,17.5,18.0,0
28.541262,77.22684,65.4,44.0,131.0,0
28.597022,77.164768,31.0,75.7,46.0,0
28.659092,77.210285,61.4,49.9,1.0,0
28.56832,77.216911,72.1,91.1,45.0,0
28.549417,77.186703,27.1,26.5,186.0,0
28.629431,77.13817,37.5,13.8,11.0,0
28.57112,77.197904,43.0,2.3,21.0,0
28.731643,77.143746,55.0,3.2,16.0,0
28.620099,77.245585,67.5,35.3,15.0,0
28.661731,77.24596,16.8,1.8,5.0,0
28.544766,77.154764,75.7,25.4,38.0,0
28.633368,77.2226,62.8,57.6,102.0,0
28.560195,77.151298,11.2,109.1,16.0,0
28.601545,77.200406,26.9,71.1,75.0,0
28.572886,77.185059,20.1,61.2,51.0,0
28.662485,77.242511,12.7,22.2,14.0,0
28.626558,77.137535,51.6,1.3,51.0,0
28.616371,77.267654,5.3,11.1,44.0,0
28.678553,77.279888,47.9,320.6,15.0,1
28.611293,77.211289,66.2,210.2,1.0,0
28.662019,77.151225,29.0,29.8,31.0,0
28.70053,77.113829,39.2,31.0,23.0,0
28.617507,77.273263,11.5,177.6,20.0,0
28.623477,77.317695,57.6,6.5,72.0,0
28.658227,77.220678,72.7,15.0,74.0,0
28.682338,77.160362,58.6,10.0,157.0,0
28.61691,77.163742,9.8,163.8,2.0,0
28.578628,77.277581,27.6,0.5,145.0,0
28.653828,77.226947,13.9,1.2,67.0,0
28.639084,77.170035,47.2,134.5,65.0,0
28.653348,77.333459,57.8,81.0,290.0,0
28.645437,77.270771,78.0,66.3,5.0,0
28.620838,77.245974,40.2,205.0,98.0,0
28.62373,77.190601,51.0,52.8,54.0,0
28.645612,77.280449,8.5,50.3,11.0,0
28.538024,77.262594,12.4,43.7,88.0,0
28.676984,77.213175,18.5,84.5,27.0,0
28.632999,77.272918,4.3,31.2,17.0,0
28.568193,77.270787,32.7,88.3,52.0,0
28.619756,77.232197,76.1,97.3,39.0,0
28.67643,77.161156,52.2,19.0,10.0,0
28.625014,77.167432,34.9,72.3,79.0,0
28.573897,77.139261,39.5,103.8,22.0,0
28.546775,77.284731,11.7,260.0,41.0,1
28.733745,77.14546,7.7,223.6,20.0,0
28.523554,77.220205,20.7,18.4,35.0,0
28.627346,77.138954,24.5,68.9,17.0,0
28.581174,77.302683,9.8,50.7,39.0,0
28.662622,77.160374,55.3,34.4,11.0,0
28.549685,77.234639,73.9,33.5,20.0,0
28.690919,77.140102,14.0,283.1,14.0,1
28.604247,77.26204,67.1,3.0,27.0,0
28.599493,77.272738,23.9,153.1,106.0,0
28.594837,77.219379,48.6,48.3,41.0,0
28.58087,77.21521,7.1,66.9,33.0,0
28.592065,77.259048,19.1,107.5,51.0,0
28.646418,77.18802,12.6,48.8,92.0,0
28.524414,77.272943,12.9,349.4,21.0,1
28.573051,77.233326,74.7,161.8,99.0,0
28.685257,77.139848,29.1,19.2,17.0,0
28.605978,77.310834,15.7,88.8,113.0,0
28.581878,77.227701,13.7,51.6,108.0,0
28.546761,77.20159,53.8,35.8,54.0,0
28.551988,77.226768,57.5,34.7,26.0,0
28.65961,77.18258,78.4,14.2,32.0,0
28.569369,77.210856,50.1,48.9,101.0,0
28.650727,77.257967,36.7,72.4,5.0,0
28.561474,77.252885,17.9,128.1,93.0,0
28.604213,77.249485,3.1,27.3,9.0,0
28.607046,77.188448,70.5,118.9,101.0,0
28.572817,77.17546,63.1,64.6,139.0,0
28.614348,77.237895,63.7,23.9,43.0,0
28.504705,77.257039,25.8,123.7,84.0,0
28.606074,77.18187,28.6,73.9,14.0,0
28.632758,77.20711,62.7,247.9,89.0,0
28.568753,77.238124,55.0,27.2,73.0,0
28.62115,77.213712,52.0,289.3,7.0,1
28.618174,77.27636,44.4,64.9,42.0,0
28.620182,77.153102,29.5,48.5,87.0,0
28.543259,77.145851,59.3,166.3,6.0,0
28.615259,77.273293,28.9,13.7,65.0,0
28.524386,77.249355,58.8,49.6,97.0,0
28.579028,77.223027,15.2,10.7,26.0,0
28.610307,77.201805,47.2,76.0,29.0,0
28.620917,77.242033,28.6,3.5,19.0,0
28.550035,77.227943,66.3,313.7,12.0,1
28.596291,77.233473,41.5,0.7,190.0,0
28.650227,77.21512,49.9,215.3,73.0,0
28.561516,77.245254,6.7,82.7,3.0,0
28.502818,77.264417,39.6,138.4,158.0,0
28.636978,77.263697,62.5,35.5,7.0,0
28.56339,77.241363,68.8,22.4,155.0,0
28.578545,77.218316,57.7,15.2,36.0,0
28.61703,77.240726,33.5,60.6,40.0,0
28.614363,77.278252,20.6,24.8,47.0,0
28.661577,77.210776,31.1,169.7,6.0,0
28.598408,77.204877,44.9,2.4,66.0,0
28.613915,77.243179,0.5,7.1,64.0,0
28.525855,77.255416,73.0,19.4,52.0,0
28.641911,77.213475,27.5,6.9,131.0,0
28.575931,77.241025,63.7,140.8,39.0,0
28.772053,77.176484,42.8,0.3,74.0,0
28.59982,77.217952,53.0,84.4,25.0,0
28.63172,77.296147,60.8,48.6,155.0,0
28.642385,77.248886,23.0,118.5,161.0,0
28.606066,77.186148,48.5,42.3,39.0,0
28.632338,77.192843,60.1,82.9,80.0,0
28.723272,77.156325,61.7,81.6,16.0,0
28.572812,77.299675,33.3,36.2,62.0,0
28.498337,77.168771,58.3,9.7,5.0,0
28.545355,77.092049,24.2,45.4,119.0,0
28.660363,77.148171,9.9,166.4,77.0,0
28.586547,77.22115,9.0,127.3,186.0,0
28.727096,77.182649,40.5,37.1,90.0,0
28.646856,77.224968,30.7,161.5,12.0,0
28.577849,77.235576,18.6,46.2,38.0,0
28.571574,77.187301,31.3,17.5,47.0,0
28.588187,77.172515,32.9,159.6,106.0,0
28.507276,77.264044,44.3,54.4,48.0,0
28.624387,77.23342,4.6,45.5,39.0,0
28.645176,77.084697,72.6,21.4,75.0,0
28.562134,77.14164,29.8,115.7,62.0,0
28.532921,77.12886,49.2,63.9,83.0,0
28.564972,77.210526,24.5,18.6,39.0,0
28.660361,77.228641,60.9,24.0,77.0,0
28.650661,77.209925,36.7,38.6,213.0,0
28.621267,77.187079,25.7,61.1,12.0,0
28.692593,77.269597,77.1,130.9,3.0,0
28.526046,77.234524,69.2,18.6,51.0,0
28.600081,77.172894,14.4,107.3,10.0,0
28.638511,77.176142,56.1,198.4,11.0,0
28.649988,77.180391,60.3,40.3,67.0,0
28.650688,77.201129,2.8,36.4,33.0,0
28.646696,77.220259,76.9,52.0,2.0,0
28.676475,77.239169,18.6,135.9,49.0,0
28.648558,77.177334,72.7,7.8,17.0,0
28.552779,77.150682,52.3,39.2,34.0,0
28.587758,77.238175,41.0,2.4,2.0,0
28.525737,77.259945,62.9,58.4,4.0,0
28.660316,77.304008,54.0,230.8,13.0,0
28.670229,77.238737,59.2,14.0,76.0,0
28.549481,77.182003,68.6,23.6,94.0,0
28.591502,77.249033,37.7,96.0,25.0,0
28.522729,77.210958,34.1,93.8,8.0,0
28.604449,77.151239,72.0,72.7,165.0,0
28.56915,77.216077,63.8,22.1,93.0,0
28.552115,77.232631,1.5,5.5,11.0,0
28.609262,77.290179,52.3,20.1,15.0,0
28.704592,77.222067,72.3,81.5,2.0,0
28.650256,77.177733,54.7,28.1,139.0,0
28.597913,77.124154,44.3,147.5,162.0,0
28.608071,77.157046,14.1,76.6,5.0,0
28.704416,77.169989,76.0,4.1,10.0,0
28.673432,77.301813,50.1,7.4,14.0,0
28.594967,77.208951,8.1,26.3,12.0,0
28.635559,77.21402,74.2,68.2,169.0,0
28.56057,77.27356,41.3,221.0,18.0,0
28.611738,77.248632,12.6,8.7,28.0,0
28.648711,77.205396,18.1,142.1,4.0,0
28.661518,77.275823,77.4,68.0,59.0,0
28.578493,77.1843,34.9,36.2,19.0,0
28.660588,77.232683,33.6,82.4,17.0,0
28.617922,77.155737,38.9,123.0,227.0,0
28.596074,77.231511,56.0,35.5,2.0,0
28.705964,77.269387,29.2,201.7,12.0,0
28.592483,77.262065,33.7,64.0,43.0,0
28.555102,77.263607,59.7,13.7,50.0,0
28.576878,77.362889,36.9,63.3,75.0,0
28.646783,77.205122,57.1,116.0,14.0,0
28.561165,77.173313,77.0,70.7,30.0,0
28.651968,77.241302,77.0,70.2,20.0,0
28.567826,77.174483,35.8,2.3,108.0,0
28.606746,77.161854,18.7,49.8,27.0,0
28.721007,77.20588,20.1,36.4,18.0,0
28.566375,77.317514,65.5,3.6,58.0,0
28.509497,77.252952,6.4,91.4,7.0,0
28.678874,77.237525,3.2,16.2,113.0,0
28.540484,77.134861,54.5,34.5,20.0,0
28.56988,77.187354,72.8,68.9,104.0,0
28.646937,77.290128,18.5,46.4,285.0,0
28.644934,77.205002,4.4,96.8,1.0,0
28.491802,77.328247,71.6,149.0,13.0,0
28.593345,77.240902,28.3,14.8,82.0,0
28.65311,77.210977,44.0,26.1,5.0,0
28.711926,77.202801,66.9,16.4,35.0,0
28.548558,77.215247,20.0,55.3,10.0,0
28.663907,77.145909,48.1,6.6,38.0,0
28.5774,77.267153,79.3,108.2,1.0,0
28.662581,77.240585,59.3,11.0,10.0,0
28.558483,77.20569,31.8,234.6,19.0,0
28.598998,77.212924,61.4,146.8,13.0,0
28.62987,77.25899,1.7,278.6,27.0,1
28.658212,77.319988,17.2,3.3,9.0,0
28.639015,77.295079,59.6,18.4,103.0,0
28.589038,77.227788,21.0,259.6,44.0,1
28.585387,77.177369,10.1,334.1,22.0,1
28.699449,77.141834,23.5,26.4,21.0,0
28.62436,77.224635,13.7,73.1,17.0,0
28.586726,77.179338,33.7,18.6,42.0,0
28.637403,77.22626,10.0,180.1,45.0,0
28.641642,77.233032,67.0,11.8,287.0,0
28.542829,77.254346,62.4,93.2,59.0,0
28.634814,77.159923,24.6,27.4,45.0,0
28.535179,77.174143,41.6,37.4,2.0,0
28.578257,77.202791,68.4,63.5,48.0,0
28.561186,77.231525,74.3,44.6,41.0,0
28.604041,77.228579,7.3,59.3,136.0,0
28.588645,77.347404,57.8,91.1,77.0,0
28.600492,77.105537,10.8,28.1,39.0,0
28.515759,77.274012,1.6,107.4,16.0,0
28.606694,77.271436,6.3,43.2,75.0,0
28.555436,77.172735,46.1,1.8,20.0,0
28.724676,77.194884,30.2,150.0,26.0,0
28.590518,77.306579,9.5,26.5,71.0,0
28.597609,77.187392,37.9,157.4,22.0,0
28.645252,77.188223,40.7,109.2,21.0,0
28.676625,77.224497,63.0,41.8,35.0,0
28.551619,77.244117,53.1,84.1,65.0,0
28.639152,77.268378,37.3,385.8,171.0,1
28.658814,77.270534,25.9,29.4,10.0,0
28.619733,77.257593,0.2,47.9,17.0,0
28.618731,77.123099,66.6,12.9,253.0,0
28.584903,77.216433,21.4,164.1,58.0,0
28.594391,77.251743,17.1,64.4,1.0,0
28.605111,77.252738,58.8,8.6,135.0,0
28.589204,77.183002,5.7,72.8,20.0,0
28.654904,77.167366,21.0,50.5,48.0,0
28.566908,77.163922,34.8,29.4,27.0,0
28.653274,77.241776,35.3,1.5,11.0,0
28.67689,77.268863,12.6,19.5,55.0,0
28.628991,77.225594,3.2,18.5,15.0,0
28.521026,77.165004,37.6,100.5,16.0,0
28.64111,77.22748,28.6,24.0,97.0,0
28.578314,77.170906,22.8,307.5,62.0,1
28.584117,77.181651,21.7,16.3,150.0,0
28.628598,77.200069,40.3,178.8,35.0,0
28.66577,77.178574,1.7,36.4,42.0,0
28.527431,77.161989,8.5,594.2,4.0,1
28.613379,77.295969,26.0,130.3,27.0,0
28.710087,77.124107,38.4,74.1,3.0,0
28.555551,77.188921,55.5,142.1,26.0,0
28.60048,77.207711,23.4,181.7,32.0,0
28.5797,77.279898,53.4,482.2,11.0,1
28.645666,77.233233,31.0,14.9,116.0,0
28.547976,77.204423,62.0,70.3,25.0,0
28.531976,77.18144,38.4,39.1,3.0,0
28.652102,77.275864,43.3,39.0,30.0,0
28.622433,77.178169,34.8,80.0,48.0,0
28.55119,77.229057,10.6,56.1,39.0,0
28.607076,77.21003,13.7,133.1,50.0,0
28.546408,77.242503,32.0,31.8,128.0,0
28.656614,77.297055,7.9,60.4,2.0,0
28.624414,77.253775,11.2,269.5,93.0,1
28.574767,77.212054,49.9,7.6,28.0,0
28.581492,77.302285,50.7,25.0,29.0,0
28.58754,77.297491,10.2,8.6,54.0,0
28.55675,77.275476,68.3,5.2,54.0,0
28.677499,77.232602,68.5,1.3,7.0,0
28.668657,77.179945,30.4,36.4,60.0,0
28.590437,77.100198,39.8,151.0,12.0,0
28.594775,77.229072,64.1,22.1,21.0,0
28.554354,77.2572,61.0,31.4,40.0,0
28.602469,77.151644,29.0,155.2,66.0,0
28.634962,77.239274,25.4,13.0,85.0,0
28.66956,77.196228,53.1,21.6,76.0,0
28.565693,77.244013,29.1,99.6,44.0,0
28.526263,77.187673,55.2,108.1,11.0,0
28.560143,77.182197,10.4,35.5,68.0,0
28.638311,77.215446,53.8,0.8,225.0,0
28.608325,77.159681,62.8,38.4,102.0,0
28.660119,77.266578,72.4,100.6,34.0,0
28.612579,77.219512,36.5,100.4,37.0,0
28.691285,77.161271,44.8,43.6,185.0,0
28.531217,77.187721,23.1,34.3,4.0,0
28.485981,77.248011,12.0,96.9,54.0,0
28.678161,77.203428,13.8,238.0,9.0,0
28.570711,77.253996,67.6,125.9,5.0,0
28.61738,77.168744,43.3,20.8,20.0,0
28.61722,77.204514,30.1,263.0,16.0,1
28.626841,77.21489,69.1,75.3,3.0,0
28.586814,77.329845,9.1,9.5,115.0,0
28.562907,77.182102,47.5,32.9,108.0,0
28.558906,77.249827,63.3,103.0,69.0,0
28.640683,77.242073,10.0,163.1,88.0,0
28.649075,77.30589,9.6,60.3,4.0,0
28.597996,77.286479,2.7,11.9,19.0,0
28.58066,77.195372,75.4,10.6,54.0,0
28.638934,77.166035,55.4,31.6,134.0,0
28.536419,77.147712,5.7,3.1,74.0,0
28.707985,77.230299,53.7,43.4,1.0,0
28.633119,77.26919,24.3,120.1,16.0,0
28.602526,77.275691,8.7,49.4,31.0,0
28.651995,77.205445,79.4,141.9,58.0,0
28.642033,77.220719,14.4,85.7,66.0,0
28.622253,77.289803,63.9,17.2,57.0,0
28.515987,77.18034,70.5,19.3,4.0,0
28.631048,77.094734,42.4,34.4,85.0,0
28.683294,77.27616,78.1,61.8,67.0,0
28.582739,77.160482,9.6,90.7,14.0,0
28.658432,77.203971,76.9,15.2,41.0,0
28.652952,77.24133,5.7,13.3,18.0,0
28.625204,77.195391,38.2,1.0,70.0,0
28.619008,77.272517,68.4,9.6,15.0,0
28.638492,77.352066,44.3,111.5,1.0,0
28.631292,77.178148,46.7,4.6,34.0,0
28.705043,77.225195,12.9,74.5,3.0,0
28.658838,77.218749,78.7,73.5,3.0,0
28.645856,77.23414,18.5,391.9,13.0,1
28.66336,77.18833,68.7,90.6,77.0,0
28.64589,77.185991,76.5,96.1,172.0,0
28.506459,77.187174,22.5,7.5,43.0,0
28.604662,77.195427,58.4,167.2,68.0,0
28.579522,77.196218,6.4,30.9,3.0,0
28.626898,77.093239,59.3,30.0,94.0,0
28.582664,77.222931,38.7,50.1,36.0,0
28.640056,77.20344,9.4,98.4,40.0,0
28.589444,77.182578,71.6,27.9,97.0,0
28.695384,77.223152,54.3,120.2,7.0,0
28.693004,77.218225,13.5,22.5,36.0,0
28.538163,77.198616,42.6,10.5,47.0,0
28.626644,77.218939,26.1,95.4,57.0,0
28.587406,77.189405,56.8,203.7,74.0,0
28.623101,77.16005,50.2,192.3,60.0,0
28.639834,77.316554,15.2,5.2,113.0,0
28.546562,77.193703,19.4,39.8,241.0,0
28.56182,77.231777,56.4,27.1,1.0,0
28.568042,77.348323,54.0,48.5,32.0,0
28.582929,77.197815,25.0,4.1,32.0,0
28.584387,77.24151,38.3,42.3,83.0,0
28.650338,77.334835,37.4,259.4,21.0,1
28.621625,77.136002,10.0,67.0,1.0,0
28.566942,77.285191,49.7,19.6,5.0,0
28.594519,77.229606,21.2,132.5,154.0,0
28.492016,77.193241,36.8,40.5,150.0,0
28.711486,77.220924,5.7,5.3,18.0,0
28.611403,77.200408,49.1,34.8,165.0,0
28.66013,77.297313,67.2,134.6,125.0,0
28.650159,77.217699,45.6,20.0,70.0,0
28.608697,77.253391,47.7,31.6,17.0,0
28.491404,77.192055,53.9,25.3,8.0,0
28.582604,77.233119,15.7,182.7,11.0,0
28.628181,77.19936,5.5,27.9,13.0,0
28.613525,77.147504,68.3,22.0,99.0,0
28.662519,77.28392,67.7,209.6,23.0,0
28.610402,77.235906,43.6,672.1,68.0,1
28.702603,77.257061,15.8,72.0,88.0,0
28.557518,77.182079,65.4,218.4,34.0,0
28.636384,77.277736,17.6,116.9,14.0,0
28.559053,77.241892,68.9,16.6,39.0,0
28.656204,77.226012,33.9,92.1,9.0,0
28.572845,77.269964,4.6,124.9,101.0,0
28.522671,77.202038,65.3,108.7,98.0,0
28.536184,77.283237,44.9,60.4,163.0,0
28.586897,77.185387,25.5,57.9,100.0,0
28.688432,77.220164,36.2,138.0,63.0,0
28.64757,77.171675,70.9,93.4,28.0,0
28.632844,77.161089,16.3,126.0,41.0,0
28.607247,77.195212,8.3,18.6,12.0,0
28.554184,77.210456,62.8,271.5,67.0,1
28.56386,77.246089,49.7,105.6,108.0,0
28.582912,77.186348,69.6,43.9,72.0,0
28.578382,77.247845,25.1,73.2,189.0,0
28.577662,77.202503,44.9,81.7,217.0,0
28.562929,77.193796,3.4,129.3,72.0,0
28.610804,77.249972,67.7,96.5,82.0,0
28.572937,77.191278,15.3,148.9,24.0,0
28.667082,77.30976,9.2,40.2,3.0,0
28.666579,77.240117,38.8,43.8,117.0,0
28.640551,77.15012,59.6,16.7,70.0,0
28.634779,77.21254,16.8,58.0,201.0,0
28.53289,77.186139,18.7,41.1,0.0,0
28.725041,77.136435,25.2,87.5,75.0,0
28.59642,77.271394,64.9,73.9,19.0,0
28.650186,77.272545,59.8,155.9,35.0,0
28.652148,77.182262,21.6,14.7,36.0,0
28.55844,77.254031,20.4,197.6,2.0,0
28.579108,77.262348,72.5,19.9,115.0,0
28.630396,77.217868,49.2,102.0,6.0,0
28.533196,77.266114,18.0,55.2,183.0,0
28.606031,77.233226,11.2,97.0,51.0,0
28.490745,77.275772,5.3,61.5,19.0,0
28.611007,77.159876,19.7,84.5,61.0,0
28.67926,77.225898,57.6,111.6,157.0,0
28.61038,77.228577,29.7,17.2,91.0,0
28.537337,77.160676,77.2,33.5,11.0,0
28.582857,77.165458,25.9,161.5,22.0,0
28.641256,77.139297,12.0,144.7,7.0,0
28.61884,77.22076,14.1,91.4,79.0,0
28.633097,77.196483,39.1,29.1,13.0,0
28.601887,77.153962,75.0,18.5,82.0,0
28.572212,77.279363,72.0,4.0,8.0,0
28.616771,77.238515,14.7,217.5,86.0,0
28.613897,77.182273,60.4,80.8,43.0,0
28.661859,77.228662,60.2,42.6,109.0,0
28.587006,77.206601,13.2,93.7,44.0,0
28.612937,77.140381,23.9,49.0,17.0,0
28.603239,77.232193,6.1,34.5,69.0,0
28.724198,77.300493,6.0,55.6,21.0,0
28.57285,77.2891,35.4,106.7,6.0,0
28.591269,77.223669,38.7,145.5,105.0,0
28.562628,77.1967,2.6,8.4,78.0,0
28.675692,77.246643,77.3,5.4,4.0,0
28.679398,77.231827,38.9,33.3,157.0,0
28.599655,77.211569,63.0,3.2,14.0,0
28.66978,77.311506,50.8,54.6,82.0,0
28.626905,77.198695,49.5,139.0,1.0,0
28.645601,77.266356,24.3,34.2,39.0,0
28.560757,77.225693,71.0,51.7,18.0,0
28.618569,77.225934,24.0,68.3,49.0,0
28.704119,77.135954,76.1,196.0,19.0,0
28.684373,77.273571,3.2,209.0,41.0,0
28.650765,77.260338,9.2,79.9,1.0,0
28.658053,77.227901,58.1,0.8,143.0,0
28.73215,77.27024,48.7,16.8,99.0,0
28.649788,77.239277,57.4,18.0,2.0,0
28.577416,77.15363,51.3,73.1,258.0,0
28.671151,77.16997,42.2,98.4,158.0,0
28.606785,77.215469,2.5,7.5,65.0,0
28.634939,77.133927,64.7,27.4,30.0,0
28.616425,77.274622,40.8,56.6,129.0,0
28.575061,77.207722,8.5,118.1,117.0,0
28.625925,77.225347,15.4,33.8,33.0,0
28.658844,77.169426,53.0,55.0,73.0,0
28.647438,77.250825,6.2,54.8,100.0,0
28.634497,77.211364,69.6,209.1,102.0,0
28.600468,77.202196,63.3,149.3,218.0,0
28.527552,77.289048,24.5,156.1,97.0,0
28.60813,77.283972,70.7,14.6,49.0,0
28.638214,77.255986,70.8,184.9,98.0,0
28.502559,77.228953,67.0,40.0,22.0,0
28.60715,77.192696,24.6,63.0,17.0,0
28.605759,77.204059,52.5,76.2,21.0,0
28.564767,77.201762,36.1,45.0,47.0,0
28.648521,77.238109,43.1,33.6,53.0,0
28.65771,77.216914,32.8,22.8,23.0,0
28.701207,77.21816,0.3,57.7,39.0,0
28.60909,77.295544,0.8,145.4,52.0,0
28.675076,77.275686,61.8,115.9,19.0,0
28.569537,77.17944,75.7,57.1,4.0,0
28.59194,77.233349,18.4,33.6,7.0,0
28.644474,77.179714,43.5,1.0,57.0,0
28.577698,77.248635,24.5,18.6,153.0,0
28.602391,77.31496,38.2,16.5,35.0,0
28.652478,77.200697,9.5,71.0,43.0,0
28.610198,77.25803,58.0,202.8,2.0,0
28.564518,77.299178,41.3,30.4,183.0,0
28.581022,77.211688,24.7,126.1,117.0,0
28.59683,77.243215,53.1,32.0,40.0,0
28.639877,77.304242,40.9,266.3,128.0,1
28.594254,77.171697,32.3,17.3,34.0,0
28.488049,77.166666,42.7,41.8,37.0,0
28.649814,77.156287,76.3,12.9,69.0,0
28.642772,77.256248,5.5,20.5,23.0,0
28.557223,77.167843,73.9,9.0,128.0,0
28.553835,77.246492,10.1,9.3,14.0,0
28.678055,77.286481,16.5,79.2,194.0,0
28.59847,77.185406,78.3,122.5,157.0,0
28.648179,77.180396,64.8,6.8,25.0,0
28.575801,77.251996,28.1,20.0,65.0,0
28.643264,77.220893,32.4,31.0,41.0,0
28.564357,77.100355,23.9,220.9,53.0,0
28.631614,77.295094,18.0,72.9,11.0,0
28.628345,77.2461,4.9,9.1,83.0,0
28.50727,77.199482,2.7,36.9,43.0,0
28.616699,77.197456,40.1,100.5,7.0,0
28.574569,77.253514,42.4,306.2,96.0,1
28.66515,77.216256,60.9,107.3,139.0,0
28.62226,77.221362,7.6,16.0,0.0,0
28.598135,77.226035,41.2,136.8,99.0,0
28.686443,77.177547,74.0,0.3,50.0,0
28.515339,77.200462,68.2,52.7,3.0,0
28.706865,77.209084,42.8,33.9,35.0,0
28.704273,77.180468,10.7,234.0,32.0,0
28.591016,77.232236,12.5,3.8,13.0,0
28.65492,77.242717,38.2,23.6,27.0,0
28.634768,77.302825,49.4,24.1,42.0,0
28.486241,77.180451,78.3,44.0,48.0,0
28.604924,77.263023,66.5,205.5,9.0,0
28.547248,77.289747,33.1,84.6,53.0,0
28.542689,77.265979,28.0,10.4,18.0,0
28.596176,77.193597,1.1,139.4,11.0,0
28.597911,77.203036,0.6,79.5,24.0,0
28.671291,77.294397,38.0,1.3,61.0,0
28.572875,77.209176,5.5,200.6,193.0,0
28.590759,77.216994,12.5,3.9,104.0,0
28.678867,77.194165,78.4,75.3,120.0,0
28.601315,77.257191,57.4,73.5,15.0,0
28.584843,77.095459,36.2,75.1,37.0,0
28.653343,77.178,68.6,150.9,35.0,0
28.637032,77.169505,14.2,10.6,37.0,0
28.615496,77.297919,31.1,61.2,13.0,0
28.656703,77.230111,23.6,68.2,111.0,0
28.548116,77.208412,79.6,40.6,24.0,0
28.581406,77.208299,72.1,60.1,39.0,0
28.710417,77.149422,42.1,55.6,27.0,0
28.458777,77.28631,33.9,113.8,26.0,0
28.576859,77.200932,79.8,12.6,57.0,0
28.551328,77.248156,16.5,2.4,298.0,0
28.614051,77.185674,32.6,214.5,130.0,0
28.640747,77.215502,56.9,30.1,158.0,0
28.665848,77.172556,56.3,125.5,34.0,0
28.589981,77.206098,45.9,30.8,13.0,0
28.564361,77.270539,76.2,0.3,1.0,0
28.537937,77.223791,19.7,19.4,3.0,0
28.612896,77.237206,45.5,8.9,78.0,0
28.716865,77.221633,64.8,138.4,27.0,0
28.581115,77.300058,18.6,15.0,64.0,0
28.606911,77.177673,69.7,405.2,48.0,1
28.61731,77.211595,51.1,75.9,234.0,0
28.589358,77.227895,30.5,31.2,75.0,0
28.681662,77.168702,51.8,56.2,243.0,0
28.670966,77.224823,74.2,261.0,21.0,1
28.651413,77.219982,79.1,80.9,24.0,0
28.658527,77.224196,22.5,112.1,43.0,0
28.576238,77.224415,72.7,54.5,41.0,0
28.553105,77.18492,3.1,60.9,44.0,0
28.576633,77.137271,0.6,330.4,115.0,1
28.624521,77.227654,48.1,74.2,75.0,0
28.594271,77.173831,38.5,62.5,12.0,0
28.638955,77.213878,37.5,165.4,53.0,0
28.615911,77.181078,18.7,47.7,12.0,0
28.543534,77.144462,47.8,51.3,33.0,0
28.672539,77.236532,1.4,99.1,144.0,0
